/*
 * Auto-generated by tools/svg2lvgl.py — do not edit by hand.
 * Source: C:/Users/Tommi/Documents/Arduino/ESP32-S3_Project/Guition_JC4827W543/KlipperCryptoWeatherPanel/assets/icons/status-offline.svg
 * Size:   88x88
 * Format: RGB565A8 (planar: RGB565 LE + A8)
 */

#ifdef __has_include
    #if __has_include("lvgl.h")
        #ifndef LV_LVGL_H_INCLUDE_SIMPLE
            #define LV_LVGL_H_INCLUDE_SIMPLE
        #endif
    #endif
#endif

#if defined(LV_LVGL_H_INCLUDE_SIMPLE)
    #include "lvgl.h"
#else
    #include "lvgl/lvgl.h"
#endif

#ifndef LV_ATTRIBUTE_MEM_ALIGN
    #define LV_ATTRIBUTE_MEM_ALIGN
#endif

#ifndef LV_ATTRIBUTE_IMAGE_ICON_STATUS_OFFLINE
    #define LV_ATTRIBUTE_IMAGE_ICON_STATUS_OFFLINE
#endif

static const LV_ATTRIBUTE_MEM_ALIGN LV_ATTRIBUTE_LARGE_CONST
    LV_ATTRIBUTE_IMAGE_ICON_STATUS_OFFLINE uint8_t icon_status_offline_map[] = {
    0x62, 0x08, 0x62, 0x08, 0x62, 0x08, 0x62, 0x08, 0x62, 0x08, 0x62, 0x08, 0x62, 0x08, 0x62, 0x08,
    0x62, 0x08, 0x62, 0x08, 0x62, 0x08, 0x62, 0x08, 0x62, 0x08, 0x62, 0x08, 0x62, 0x08, 0x62, 0x08,
    0x62, 0x08, 0x62, 0x08, 0x62, 0x08, 0x62, 0x08, 0x62, 0x08, 0x62, 0x08, 0x62, 0x08, 0x62, 0x08,
    0x62, 0x08, 0x62, 0x08, 0x62, 0x08, 0x62, 0x08, 0x62, 0x08, 0x62, 0x08, 0x62, 0x08, 0x62, 0x08,
    0x62, 0x08, 0x62, 0x08, 0x62, 0x08, 0x62, 0x08, 0x62, 0x08, 0x62, 0x08, 0x62, 0x08, 0x62, 0x08,
    0x62, 0x08, 0x62, 0x08, 0x62, 0x08, 0x62, 0x08, 0x62, 0x08, 0x62, 0x08, 0x62, 0x08, 0x62, 0x08,
    0x62, 0x08, 0x62, 0x08, 0x62, 0x08, 0x62, 0x08, 0x62, 0x08, 0x62, 0x08, 0x62, 0x08, 0x62, 0x08,
    0x62, 0x08, 0x62, 0x08, 0x62, 0x08, 0x62, 0x08, 0x62, 0x08, 0x62, 0x08, 0x62, 0x08, 0x62, 0x08,
    0x62, 0x08, 0x62, 0x08, 0x62, 0x08, 0x62, 0x08, 0x62, 0x08, 0x62, 0x08, 0x62, 0x08, 0x62, 0x08,
    0x62, 0x08, 0x62, 0x08, 0x62, 0x08, 0x62, 0x08, 0x62, 0x08, 0x62, 0x08, 0x62, 0x08, 0x62, 0x08,
    0x62, 0x08, 0x62, 0x08, 0x62, 0x08, 0x62, 0x08, 0x62, 0x08, 0x62, 0x08, 0x62, 0x08, 0x62, 0x08,
    0x62, 0x08, 0x62, 0x08, 0x62, 0x08, 0x62, 0x08, 0x62, 0x08, 0x62, 0x08, 0x62, 0x08, 0x62, 0x08,
    0x62, 0x08, 0x62, 0x08, 0x62, 0x08, 0x62, 0x08, 0x62, 0x08, 0x62, 0x08, 0x62, 0x08, 0x62, 0x08,
    0x62, 0x08, 0x62, 0x08, 0x62, 0x08, 0x62, 0x08, 0x62, 0x08, 0x62, 0x08, 0x62, 0x08, 0x62, 0x08,
    0x62, 0x08, 0x62, 0x08, 0x62, 0x08, 0x62, 0x08, 0x62, 0x08, 0x62, 0x08, 0x62, 0x08, 0x62, 0x08,
    0x62, 0x08, 0x62, 0x08, 0x62, 0x08, 0x62, 0x08, 0x62, 0x08, 0x62, 0x08, 0x62, 0x08, 0x62, 0x08,
    0x62, 0x08, 0x62, 0x08, 0x62, 0x08, 0x62, 0x08, 0x62, 0x08, 0x62, 0x08, 0x62, 0x08, 0x62, 0x08,
    0x62, 0x08, 0x62, 0x08, 0x62, 0x08, 0x62, 0x08, 0x62, 0x08, 0x62, 0x08, 0x62, 0x08, 0x62, 0x08,
    0x62, 0x08, 0x62, 0x08, 0x62, 0x08, 0x62, 0x08, 0x62, 0x08, 0x62, 0x08, 0x62, 0x08, 0x62, 0x08,
    0x62, 0x08, 0x62, 0x08, 0x62, 0x08, 0x62, 0x08, 0x62, 0x08, 0x62, 0x08, 0x62, 0x08, 0x62, 0x08,
    0x62, 0x08, 0x62, 0x08, 0x62, 0x08, 0x62, 0x08, 0x62, 0x08, 0x62, 0x08, 0x62, 0x08, 0x62, 0x08,
    0x62, 0x08, 0x62, 0x08, 0x62, 0x08, 0x62, 0x08, 0x62, 0x08, 0x62, 0x08, 0x62, 0x08, 0x62, 0x08,
    0x62, 0x08, 0x62, 0x08, 0x62, 0x08, 0x62, 0x08, 0x62, 0x08, 0x62, 0x08, 0x62, 0x08, 0x62, 0x08,
    0x62, 0x08, 0x62, 0x08, 0x62, 0x08, 0x62, 0x08, 0x62, 0x08, 0x62, 0x08, 0x62, 0x08, 0x62, 0x08,
    0x62, 0x08, 0x62, 0x08, 0x62, 0x08, 0x62, 0x08, 0x62, 0x08, 0x62, 0x08, 0x62, 0x08, 0x62, 0x08,
    0x62, 0x08, 0x62, 0x08, 0x62, 0x08, 0x62, 0x08, 0x62, 0x08, 0x62, 0x08, 0x62, 0x08, 0x62, 0x08,
    0x62, 0x08, 0x62, 0x08, 0x62, 0x08, 0x62, 0x08, 0x62, 0x08, 0x62, 0x08, 0x62, 0x08, 0x62, 0x08,
    0x62, 0x08, 0x62, 0x08, 0x62, 0x08, 0x62, 0x08, 0x62, 0x08, 0x62, 0x08, 0x62, 0x08, 0x62, 0x08,
    0x62, 0x08, 0x62, 0x08, 0x62, 0x08, 0x62, 0x08, 0x62, 0x08, 0x62, 0x08, 0x62, 0x08, 0x62, 0x08,
    0x62, 0x08, 0x62, 0x08, 0x62, 0x08, 0x62, 0x08, 0x62, 0x08, 0x62, 0x08, 0x62, 0x08, 0x62, 0x08,
    0x62, 0x08, 0x62, 0x08, 0x62, 0x08, 0x62, 0x08, 0x62, 0x08, 0x62, 0x08, 0x62, 0x08, 0x62, 0x08,
    0x62, 0x08, 0x62, 0x08, 0x62, 0x08, 0x62, 0x08, 0x62, 0x08, 0x62, 0x08, 0x62, 0x08, 0x62, 0x08,
    0x62, 0x08, 0x62, 0x08, 0x62, 0x08, 0x62, 0x08, 0x62, 0x08, 0x62, 0x08, 0x62, 0x08, 0x62, 0x08,
    0x62, 0x08, 0x62, 0x08, 0x62, 0x08, 0x62, 0x08, 0x62, 0x08, 0x62, 0x08, 0x62, 0x08, 0x62, 0x08,
    0x62, 0x08, 0x62, 0x08, 0x62, 0x08, 0x62, 0x08, 0x62, 0x08, 0x62, 0x08, 0x62, 0x08, 0x62, 0x08,
    0x62, 0x08, 0x62, 0x08, 0x62, 0x08, 0x62, 0x08, 0x62, 0x08, 0x62, 0x08, 0x62, 0x08, 0x62, 0x08,
    0x62, 0x08, 0x62, 0x08, 0x62, 0x08, 0x62, 0x08, 0x62, 0x08, 0x62, 0x08, 0x62, 0x08, 0x62, 0x08,
    0x62, 0x08, 0x62, 0x08, 0x62, 0x08, 0x62, 0x08, 0x62, 0x08, 0x62, 0x08, 0x62, 0x08, 0x62, 0x08,
    0x62, 0x08, 0x62, 0x08, 0x62, 0x08, 0x62, 0x08, 0x62, 0x08, 0x62, 0x08, 0x62, 0x08, 0x62, 0x08,
    0x62, 0x08, 0x62, 0x08, 0x62, 0x08, 0x62, 0x08, 0x62, 0x08, 0x62, 0x08, 0x62, 0x08, 0x62, 0x08,
    0x62, 0x08, 0x62, 0x08, 0x62, 0x08, 0x62, 0x08, 0x62, 0x08, 0x62, 0x08, 0x62, 0x08, 0x62, 0x08,
    0x62, 0x08, 0x62, 0x08, 0x62, 0x08, 0x62, 0x08, 0x62, 0x08, 0x62, 0x08, 0x62, 0x08, 0x62, 0x08,
    0x62, 0x08, 0x62, 0x08, 0x62, 0x08, 0x62, 0x08, 0x62, 0x08, 0x62, 0x08, 0x62, 0x08, 0x62, 0x08,
    0x62, 0x08, 0x62, 0x08, 0x62, 0x08, 0x62, 0x08, 0x62, 0x08, 0x62, 0x08, 0x62, 0x08, 0x62, 0x08,
    0x62, 0x08, 0x62, 0x08, 0x62, 0x08, 0x62, 0x08, 0x62, 0x08, 0x62, 0x08, 0x62, 0x08, 0x62, 0x08,
    0x62, 0x08, 0x62, 0x08, 0x62, 0x08, 0x62, 0x08, 0x62, 0x08, 0x62, 0x08, 0x62, 0x08, 0x62, 0x08,
    0x62, 0x08, 0x62, 0x08, 0x62, 0x08, 0x62, 0x08, 0x62, 0x08, 0x62, 0x08, 0x62, 0x08, 0x62, 0x08,
    0x62, 0x08, 0x62, 0x08, 0x62, 0x08, 0x62, 0x08, 0x62, 0x08, 0x62, 0x08, 0x62, 0x08, 0x62, 0x08,
    0x62, 0x08, 0x62, 0x08, 0x62, 0x08, 0x62, 0x08, 0x62, 0x08, 0x62, 0x08, 0x62, 0x08, 0x62, 0x08,
    0x62, 0x08, 0x62, 0x08, 0x62, 0x08, 0x62, 0x08, 0x62, 0x08, 0x62, 0x08, 0x62, 0x08, 0x62, 0x08,
    0x62, 0x08, 0x62, 0x08, 0x62, 0x08, 0x62, 0x08, 0x62, 0x08, 0x62, 0x08, 0x62, 0x08, 0x62, 0x08,
    0x62, 0x08, 0x62, 0x08, 0x62, 0x08, 0x62, 0x08, 0x62, 0x08, 0x62, 0x08, 0x62, 0x08, 0x62, 0x08,
    0x62, 0x08, 0x62, 0x08, 0x62, 0x08, 0x62, 0x08, 0x62, 0x08, 0x62, 0x08, 0x62, 0x08, 0x62, 0x08,
    0x62, 0x08, 0x62, 0x08, 0x62, 0x08, 0x62, 0x08, 0x62, 0x08, 0x62, 0x08, 0x62, 0x08, 0x62, 0x08,
    0x62, 0x08, 0x62, 0x08, 0x62, 0x08, 0x62, 0x08, 0x62, 0x08, 0x62, 0x08, 0x62, 0x08, 0x62, 0x08,
    0x62, 0x08, 0x62, 0x08, 0x62, 0x08, 0x62, 0x08, 0x62, 0x08, 0x62, 0x08, 0x62, 0x08, 0x62, 0x08,
    0x62, 0x08, 0x62, 0x08, 0x62, 0x08, 0x62, 0x08, 0x62, 0x08, 0x62, 0x08, 0x62, 0x08, 0x62, 0x08,
    0x62, 0x08, 0x62, 0x08, 0x62, 0x08, 0x62, 0x08, 0x62, 0x08, 0x62, 0x08, 0x62, 0x08, 0x62, 0x08,
    0x62, 0x08, 0x62, 0x08, 0x62, 0x08, 0x62, 0x08, 0x62, 0x08, 0x62, 0x08, 0x62, 0x08, 0x62, 0x08,
    0x62, 0x08, 0x62, 0x08, 0x62, 0x08, 0x62, 0x08, 0x62, 0x08, 0x62, 0x08, 0x62, 0x08, 0x62, 0x08,
    0x62, 0x08, 0x62, 0x08, 0x62, 0x08, 0x62, 0x08, 0x62, 0x08, 0x62, 0x08, 0x62, 0x08, 0x62, 0x08,
    0x62, 0x08, 0x62, 0x08, 0x62, 0x08, 0x62, 0x08, 0x62, 0x08, 0x62, 0x08, 0x62, 0x08, 0x62, 0x08,
    0x62, 0x08, 0x62, 0x08, 0x62, 0x08, 0x62, 0x08, 0x62, 0x08, 0x62, 0x08, 0x62, 0x08, 0x62, 0x08,
    0x62, 0x08, 0x62, 0x08, 0x62, 0x08, 0x62, 0x08, 0x62, 0x08, 0x62, 0x08, 0x62, 0x08, 0x62, 0x08,
    0x62, 0x08, 0x62, 0x08, 0x62, 0x08, 0x62, 0x08, 0x62, 0x08, 0x62, 0x08, 0x62, 0x08, 0x62, 0x08,
    0x62, 0x08, 0x62, 0x08, 0x62, 0x08, 0x62, 0x08, 0x62, 0x08, 0x62, 0x08, 0x62, 0x08, 0x62, 0x08,
    0x62, 0x08, 0x62, 0x08, 0x62, 0x08, 0x62, 0x08, 0x62, 0x08, 0x62, 0x08, 0x62, 0x08, 0x62, 0x08,
    0x62, 0x08, 0x62, 0x08, 0x62, 0x08, 0x62, 0x08, 0x62, 0x08, 0x62, 0x08, 0x62, 0x08, 0x62, 0x08,
    0x62, 0x08, 0x62, 0x08, 0x62, 0x08, 0x62, 0x08, 0x62, 0x08, 0x62, 0x08, 0x62, 0x08, 0x62, 0x08,
    0x62, 0x08, 0x62, 0x08, 0x62, 0x08, 0x62, 0x08, 0x62, 0x08, 0x62, 0x08, 0x62, 0x08, 0x62, 0x08,
    0x62, 0x08, 0x62, 0x08, 0x62, 0x08, 0x62, 0x08, 0x62, 0x08, 0x62, 0x08, 0x62, 0x08, 0x62, 0x08,
    0x62, 0x08, 0x62, 0x08, 0x62, 0x08, 0x62, 0x08, 0x62, 0x08, 0x62, 0x08, 0x62, 0x08, 0x62, 0x08,
    0x62, 0x08, 0x62, 0x08, 0x62, 0x08, 0x62, 0x08, 0x62, 0x08, 0x62, 0x08, 0x62, 0x08, 0x62, 0x08,
    0x62, 0x08, 0x62, 0x08, 0x62, 0x08, 0x62, 0x08, 0x62, 0x08, 0x62, 0x08, 0x62, 0x08, 0x62, 0x08,
    0x62, 0x08, 0x62, 0x08, 0x62, 0x08, 0x62, 0x08, 0x62, 0x08, 0x62, 0x08, 0x62, 0x08, 0x62, 0x08,
    0x62, 0x08, 0x62, 0x08, 0x62, 0x08, 0x62, 0x08, 0x62, 0x08, 0x62, 0x08, 0x62, 0x08, 0x62, 0x08,
    0x62, 0x08, 0x62, 0x08, 0x62, 0x08, 0x62, 0x08, 0x62, 0x08, 0x62, 0x08, 0x62, 0x08, 0x62, 0x08,
    0x62, 0x08, 0x62, 0x08, 0x62, 0x08, 0x62, 0x08, 0x62, 0x08, 0x62, 0x08, 0x62, 0x08, 0x62, 0x08,
    0x62, 0x08, 0x62, 0x08, 0x62, 0x08, 0x62, 0x08, 0x62, 0x08, 0x62, 0x08, 0x62, 0x08, 0x62, 0x08,
    0x62, 0x08, 0x62, 0x08, 0x62, 0x08, 0x62, 0x08, 0x62, 0x08, 0x62, 0x08, 0x62, 0x08, 0x62, 0x08,
    0x62, 0x08, 0x62, 0x08, 0x62, 0x08, 0x62, 0x08, 0x62, 0x08, 0x62, 0x08, 0x62, 0x08, 0x62, 0x08,
    0x62, 0x08, 0x62, 0x08, 0x62, 0x08, 0x62, 0x08, 0x62, 0x08, 0x62, 0x08, 0x62, 0x08, 0x62, 0x08,
    0x62, 0x08, 0x62, 0x08, 0x62, 0x08, 0x62, 0x08, 0x62, 0x08, 0x62, 0x08, 0x62, 0x08, 0x62, 0x08,
    0x62, 0x08, 0x62, 0x08, 0x62, 0x08, 0x62, 0x08, 0x62, 0x08, 0x62, 0x08, 0x62, 0x08, 0x62, 0x08,
    0x62, 0x08, 0x62, 0x08, 0x62, 0x08, 0x62, 0x08, 0x62, 0x08, 0x62, 0x08, 0x62, 0x08, 0x62, 0x08,
    0x62, 0x08, 0x62, 0x08, 0x62, 0x08, 0x62, 0x08, 0x62, 0x08, 0x62, 0x08, 0x62, 0x08, 0x62, 0x08,
    0x62, 0x08, 0x62, 0x08, 0x62, 0x08, 0x62, 0x08, 0x62, 0x08, 0x62, 0x08, 0x62, 0x08, 0x62, 0x08,
    0x62, 0x08, 0x62, 0x08, 0x62, 0x08, 0x62, 0x08, 0x62, 0x08, 0x62, 0x08, 0x62, 0x08, 0x62, 0x08,
    0x62, 0x08, 0x62, 0x08, 0x62, 0x08, 0x62, 0x08, 0x62, 0x08, 0x62, 0x08, 0x62, 0x08, 0x62, 0x08,
    0x62, 0x08, 0x62, 0x08, 0x62, 0x08, 0x62, 0x08, 0x62, 0x08, 0x62, 0x08, 0x62, 0x08, 0x62, 0x08,
    0x62, 0x08, 0x62, 0x08, 0x62, 0x08, 0x62, 0x08, 0x62, 0x08, 0x62, 0x08, 0x62, 0x08, 0x62, 0x08,
    0x62, 0x08, 0x62, 0x08, 0x62, 0x08, 0x62, 0x08, 0x62, 0x08, 0x62, 0x08, 0x62, 0x08, 0x62, 0x08,
    0x62, 0x08, 0x62, 0x08, 0x62, 0x08, 0x62, 0x08, 0x62, 0x08, 0x62, 0x08, 0x62, 0x08, 0x62, 0x08,
    0x62, 0x08, 0x62, 0x08, 0x62, 0x08, 0x62, 0x08, 0x62, 0x08, 0x62, 0x08, 0x62, 0x08, 0x62, 0x08,
    0x62, 0x08, 0x62, 0x08, 0x62, 0x08, 0x62, 0x08, 0x62, 0x08, 0x62, 0x08, 0x62, 0x08, 0x62, 0x08,
    0x62, 0x08, 0x62, 0x08, 0x62, 0x08, 0x62, 0x08, 0x62, 0x08, 0x62, 0x08, 0x62, 0x08, 0x62, 0x08,
    0x62, 0x08, 0x62, 0x08, 0x62, 0x08, 0x62, 0x08, 0x62, 0x08, 0x62, 0x08, 0x62, 0x08, 0x62, 0x08,
    0x62, 0x08, 0x62, 0x08, 0x62, 0x08, 0x62, 0x08, 0x62, 0x08, 0x62, 0x08, 0x62, 0x08, 0x62, 0x08,
    0x62, 0x08, 0x62, 0x08, 0x62, 0x08, 0x62, 0x08, 0x62, 0x08, 0x62, 0x08, 0x62, 0x08, 0x62, 0x08,
    0x62, 0x08, 0x62, 0x08, 0x62, 0x08, 0x62, 0x08, 0x62, 0x08, 0x62, 0x08, 0x62, 0x08, 0x62, 0x08,
    0x62, 0x08, 0x62, 0x08, 0x62, 0x08, 0x62, 0x08, 0x62, 0x08, 0x62, 0x08, 0x62, 0x08, 0x62, 0x08,
    0x62, 0x08, 0x62, 0x08, 0x62, 0x08, 0x62, 0x08, 0x62, 0x08, 0x62, 0x08, 0x62, 0x08, 0x62, 0x08,
    0x62, 0x08, 0x62, 0x08, 0x62, 0x08, 0x62, 0x08, 0x62, 0x08, 0x62, 0x08, 0x62, 0x08, 0x62, 0x08,
    0x62, 0x08, 0x62, 0x08, 0x62, 0x08, 0x62, 0x08, 0x62, 0x08, 0x62, 0x08, 0x62, 0x08, 0x62, 0x08,
    0x62, 0x08, 0x62, 0x08, 0x62, 0x08, 0x62, 0x08, 0x62, 0x08, 0x62, 0x08, 0x62, 0x08, 0x62, 0x08,
    0x62, 0x08, 0x62, 0x08, 0x62, 0x08, 0x62, 0x08, 0x62, 0x08, 0x62, 0x08, 0x62, 0x08, 0x62, 0x08,
    0x62, 0x08, 0x62, 0x08, 0x62, 0x08, 0x62, 0x08, 0x62, 0x08, 0x62, 0x08, 0x62, 0x08, 0x62, 0x08,
    0x62, 0x08, 0x62, 0x08, 0x62, 0x08, 0x62, 0x08, 0x62, 0x08, 0x62, 0x08, 0x62, 0x08, 0x62, 0x08,
    0x62, 0x08, 0x62, 0x08, 0x62, 0x08, 0x62, 0x08, 0x62, 0x08, 0x62, 0x08, 0x62, 0x08, 0x62, 0x08,
    0x62, 0x08, 0x62, 0x08, 0x62, 0x08, 0x62, 0x08, 0x62, 0x08, 0x62, 0x08, 0x62, 0x08, 0x62, 0x08,
    0x62, 0x08, 0x62, 0x08, 0x62, 0x08, 0x62, 0x08, 0x62, 0x08, 0x62, 0x08, 0x62, 0x08, 0x62, 0x08,
    0x62, 0x08, 0x62, 0x08, 0x62, 0x08, 0x62, 0x08, 0x62, 0x08, 0x62, 0x08, 0x62, 0x08, 0x62, 0x08,
    0x62, 0x08, 0x62, 0x08, 0x62, 0x08, 0x62, 0x08, 0x62, 0x08, 0x62, 0x08, 0x62, 0x08, 0x62, 0x08,
    0x62, 0x08, 0x62, 0x08, 0x62, 0x08, 0x62, 0x08, 0x62, 0x08, 0x62, 0x08, 0x62, 0x08, 0x62, 0x08,
    0x62, 0x08, 0x62, 0x08, 0x62, 0x08, 0x62, 0x08, 0x62, 0x08, 0x04, 0x41, 0x04, 0x41, 0xa7, 0x81,
    0xa7, 0x81, 0xc8, 0x91, 0x4a, 0xc2, 0x4a, 0xc2, 0x4a, 0xc2, 0x4a, 0xc2, 0xc8, 0x91, 0xa7, 0x81,
    0xa7, 0x81, 0x04, 0x41, 0x04, 0x41, 0x62, 0x08, 0x62, 0x08, 0x62, 0x08, 0x62, 0x08, 0x62, 0x08,
    0x62, 0x08, 0x62, 0x08, 0x62, 0x08, 0x62, 0x08, 0x62, 0x08, 0x62, 0x08, 0x62, 0x08, 0x62, 0x08,
    0x62, 0x08, 0x62, 0x08, 0x62, 0x08, 0x62, 0x08, 0x62, 0x08, 0x62, 0x08, 0x62, 0x08, 0x62, 0x08,
    0x62, 0x08, 0x62, 0x08, 0x62, 0x08, 0x62, 0x08, 0x62, 0x08, 0x62, 0x08, 0x62, 0x08, 0x62, 0x08,
    0x62, 0x08, 0x62, 0x08, 0x62, 0x08, 0x62, 0x08, 0x62, 0x08, 0x62, 0x08, 0x62, 0x08, 0x62, 0x08,
    0x62, 0x08, 0x62, 0x08, 0x62, 0x08, 0x62, 0x08, 0x62, 0x08, 0x62, 0x08, 0x62, 0x08, 0x62, 0x08,
    0x62, 0x08, 0x62, 0x08, 0x62, 0x08, 0x62, 0x08, 0x62, 0x08, 0x62, 0x08, 0x62, 0x08, 0x62, 0x08,
    0x62, 0x08, 0x62, 0x08, 0x62, 0x08, 0x62, 0x08, 0x62, 0x08, 0x62, 0x08, 0x62, 0x08, 0x62, 0x08,
    0x62, 0x08, 0x62, 0x08, 0x62, 0x08, 0x62, 0x08, 0x62, 0x08, 0x62, 0x08, 0x62, 0x08, 0x62, 0x08,
    0x62, 0x08, 0xa3, 0x20, 0x46, 0x61, 0x29, 0xb2, 0xcc, 0xea, 0xed, 0xfa, 0xed, 0xfa, 0xed, 0xfa,
    0xed, 0xfa, 0xed, 0xfa, 0xed, 0xfa, 0xed, 0xfa, 0xed, 0xfa, 0xed, 0xfa, 0xed, 0xfa, 0xed, 0xfa,
    0xed, 0xfa, 0xed, 0xfa, 0xed, 0xfa, 0xcc, 0xea, 0x29, 0xb2, 0x46, 0x61, 0x82, 0x18, 0x62, 0x08,
    0x62, 0x08, 0x62, 0x08, 0x62, 0x08, 0x62, 0x08, 0x62, 0x08, 0x62, 0x08, 0x62, 0x08, 0x62, 0x08,
    0x62, 0x08, 0x62, 0x08, 0x62, 0x08, 0x62, 0x08, 0x62, 0x08, 0x62, 0x08, 0x62, 0x08, 0x62, 0x08,
    0x62, 0x08, 0x62, 0x08, 0x62, 0x08, 0x62, 0x08, 0x62, 0x08, 0x62, 0x08, 0x62, 0x08, 0x62, 0x08,
    0x62, 0x08, 0x62, 0x08, 0x62, 0x08, 0x62, 0x08, 0x62, 0x08, 0x62, 0x08, 0x62, 0x08, 0x62, 0x08,
    0x62, 0x08, 0x62, 0x08, 0x62, 0x08, 0x62, 0x08, 0x62, 0x08, 0x62, 0x08, 0x62, 0x08, 0x62, 0x08,
    0x62, 0x08, 0x62, 0x08, 0x62, 0x08, 0x62, 0x08, 0x62, 0x08, 0x62, 0x08, 0x62, 0x08, 0x62, 0x08,
    0x62, 0x08, 0x62, 0x08, 0x62, 0x08, 0x62, 0x08, 0x62, 0x08, 0x62, 0x08, 0x62, 0x08, 0x62, 0x08,
    0x62, 0x08, 0x62, 0x08, 0x62, 0x08, 0x62, 0x08, 0x62, 0x08, 0x62, 0x08, 0xa3, 0x20, 0xa7, 0x81,
    0x6b, 0xd2, 0xed, 0xfa, 0xed, 0xfa, 0xed, 0xfa, 0xed, 0xfa, 0xed, 0xfa, 0xed, 0xfa, 0xed, 0xfa,
    0xed, 0xfa, 0xed, 0xfa, 0xed, 0xfa, 0xed, 0xfa, 0xed, 0xfa, 0xed, 0xfa, 0xed, 0xfa, 0xed, 0xfa,
    0xed, 0xfa, 0xed, 0xfa, 0xed, 0xfa, 0xed, 0xfa, 0xed, 0xfa, 0xed, 0xfa, 0xed, 0xfa, 0x6b, 0xd2,
    0xa7, 0x81, 0xa3, 0x20, 0x62, 0x08, 0x62, 0x08, 0x62, 0x08, 0x62, 0x08, 0x62, 0x08, 0x62, 0x08,
    0x62, 0x08, 0x62, 0x08, 0x62, 0x08, 0x62, 0x08, 0x62, 0x08, 0x62, 0x08, 0x62, 0x08, 0x62, 0x08,
    0x62, 0x08, 0x62, 0x08, 0x62, 0x08, 0x62, 0x08, 0x62, 0x08, 0x62, 0x08, 0x62, 0x08, 0x62, 0x08,
    0x62, 0x08, 0x62, 0x08, 0x62, 0x08, 0x62, 0x08, 0x62, 0x08, 0x62, 0x08, 0x62, 0x08, 0x62, 0x08,
    0x62, 0x08, 0x62, 0x08, 0x62, 0x08, 0x62, 0x08, 0x62, 0x08, 0x62, 0x08, 0x62, 0x08, 0x62, 0x08,
    0x62, 0x08, 0x62, 0x08, 0x62, 0x08, 0x62, 0x08, 0x62, 0x08, 0x62, 0x08, 0x62, 0x08, 0x62, 0x08,
    0x62, 0x08, 0x62, 0x08, 0x62, 0x08, 0x62, 0x08, 0x62, 0x08, 0x62, 0x08, 0x62, 0x08, 0x62, 0x08,
    0x62, 0x08, 0x62, 0x08, 0x62, 0x08, 0x62, 0x08, 0x82, 0x18, 0xa7, 0x81, 0xcc, 0xea, 0xed, 0xfa,
    0xed, 0xfa, 0xed, 0xfa, 0xed, 0xfa, 0xed, 0xfa, 0xed, 0xfa, 0xed, 0xfa, 0xed, 0xfa, 0xed, 0xfa,
    0xed, 0xfa, 0xed, 0xfa, 0xed, 0xfa, 0xed, 0xfa, 0xed, 0xfa, 0xed, 0xfa, 0xed, 0xfa, 0xed, 0xfa,
    0xed, 0xfa, 0xed, 0xfa, 0xed, 0xfa, 0xed, 0xfa, 0xed, 0xfa, 0xed, 0xfa, 0xed, 0xfa, 0xed, 0xfa,
    0xed, 0xfa, 0xcc, 0xea, 0xa7, 0x81, 0x82, 0x18, 0x62, 0x08, 0x62, 0x08, 0x62, 0x08, 0x62, 0x08,
    0x62, 0x08, 0x62, 0x08, 0x62, 0x08, 0x62, 0x08, 0x62, 0x08, 0x62, 0x08, 0x62, 0x08, 0x62, 0x08,
    0x62, 0x08, 0x62, 0x08, 0x62, 0x08, 0x62, 0x08, 0x62, 0x08, 0x62, 0x08, 0x62, 0x08, 0x62, 0x08,
    0x62, 0x08, 0x62, 0x08, 0x62, 0x08, 0x62, 0x08, 0x62, 0x08, 0x62, 0x08, 0x62, 0x08, 0x62, 0x08,
    0x62, 0x08, 0x62, 0x08, 0x62, 0x08, 0x62, 0x08, 0x62, 0x08, 0x62, 0x08, 0x62, 0x08, 0x62, 0x08,
    0x62, 0x08, 0x62, 0x08, 0x62, 0x08, 0x62, 0x08, 0x62, 0x08, 0x62, 0x08, 0x62, 0x08, 0x62, 0x08,
    0x62, 0x08, 0x62, 0x08, 0x62, 0x08, 0x62, 0x08, 0x62, 0x08, 0x62, 0x08, 0x62, 0x08, 0x62, 0x08,
    0x62, 0x08, 0x62, 0x08, 0x62, 0x08, 0xa7, 0x81, 0xcc, 0xea, 0xed, 0xfa, 0xed, 0xfa, 0xed, 0xfa,
    0xed, 0xfa, 0xed, 0xfa, 0xed, 0xfa, 0xed, 0xfa, 0xed, 0xfa, 0xed, 0xfa, 0xed, 0xfa, 0xed, 0xfa,
    0xed, 0xfa, 0xed, 0xfa, 0xed, 0xfa, 0xed, 0xfa, 0xed, 0xfa, 0xed, 0xfa, 0xed, 0xfa, 0xed, 0xfa,
    0xed, 0xfa, 0xed, 0xfa, 0xed, 0xfa, 0xed, 0xfa, 0xed, 0xfa, 0xed, 0xfa, 0xed, 0xfa, 0xed, 0xfa,
    0xed, 0xfa, 0xed, 0xfa, 0xed, 0xfa, 0xcc, 0xea, 0xa7, 0x81, 0x62, 0x08, 0x62, 0x08, 0x62, 0x08,
    0x62, 0x08, 0x62, 0x08, 0x62, 0x08, 0x62, 0x08, 0x62, 0x08, 0x62, 0x08, 0x62, 0x08, 0x62, 0x08,
    0x62, 0x08, 0x62, 0x08, 0x62, 0x08, 0x62, 0x08, 0x62, 0x08, 0x62, 0x08, 0x62, 0x08, 0x62, 0x08,
    0x62, 0x08, 0x62, 0x08, 0x62, 0x08, 0x62, 0x08, 0x62, 0x08, 0x62, 0x08, 0x62, 0x08, 0x62, 0x08,
    0x62, 0x08, 0x62, 0x08, 0x62, 0x08, 0x62, 0x08, 0x62, 0x08, 0x62, 0x08, 0x62, 0x08, 0x62, 0x08,
    0x62, 0x08, 0x62, 0x08, 0x62, 0x08, 0x62, 0x08, 0x62, 0x08, 0x62, 0x08, 0x62, 0x08, 0x62, 0x08,
    0x62, 0x08, 0x62, 0x08, 0x62, 0x08, 0x62, 0x08, 0x62, 0x08, 0x62, 0x08, 0x62, 0x08, 0x62, 0x08,
    0x62, 0x08, 0x25, 0x51, 0x8c, 0xe2, 0xed, 0xfa, 0xed, 0xfa, 0xed, 0xfa, 0xed, 0xfa, 0xed, 0xfa,
    0xed, 0xfa, 0xed, 0xfa, 0xed, 0xfa, 0xed, 0xfa, 0xed, 0xfa, 0xed, 0xfa, 0xed, 0xfa, 0xed, 0xfa,
    0xed, 0xfa, 0xed, 0xfa, 0xed, 0xfa, 0xed, 0xfa, 0xed, 0xfa, 0xed, 0xfa, 0xed, 0xfa, 0xed, 0xfa,
    0xed, 0xfa, 0xed, 0xfa, 0xed, 0xfa, 0xed, 0xfa, 0xed, 0xfa, 0xed, 0xfa, 0xed, 0xfa, 0xed, 0xfa,
    0xed, 0xfa, 0xed, 0xfa, 0xed, 0xfa, 0xed, 0xfa, 0xed, 0xfa, 0x8c, 0xe2, 0x25, 0x51, 0x62, 0x08,
    0x62, 0x08, 0x62, 0x08, 0x62, 0x08, 0x62, 0x08, 0x62, 0x08, 0x62, 0x08, 0x62, 0x08, 0x62, 0x08,
    0x62, 0x08, 0x62, 0x08, 0x62, 0x08, 0x62, 0x08, 0x62, 0x08, 0x62, 0x08, 0x62, 0x08, 0x62, 0x08,
    0x62, 0x08, 0x62, 0x08, 0x62, 0x08, 0x62, 0x08, 0x62, 0x08, 0x62, 0x08, 0x62, 0x08, 0x62, 0x08,
    0x62, 0x08, 0x62, 0x08, 0x62, 0x08, 0x62, 0x08, 0x62, 0x08, 0x62, 0x08, 0x62, 0x08, 0x62, 0x08,
    0x62, 0x08, 0x62, 0x08, 0x62, 0x08, 0x62, 0x08, 0x62, 0x08, 0x62, 0x08, 0x62, 0x08, 0x62, 0x08,
    0x62, 0x08, 0x62, 0x08, 0x62, 0x08, 0x62, 0x08, 0x62, 0x08, 0x62, 0x08, 0x62, 0x08, 0x62, 0x08,
    0xe9, 0xa1, 0xed, 0xfa, 0xed, 0xfa, 0xed, 0xfa, 0xed, 0xfa, 0xed, 0xfa, 0xed, 0xfa, 0xed, 0xfa,
    0xed, 0xfa, 0xed, 0xfa, 0xed, 0xfa, 0xed, 0xfa, 0xed, 0xfa, 0xed, 0xfa, 0xed, 0xfa, 0xed, 0xfa,
    0xed, 0xfa, 0xed, 0xfa, 0xcc, 0xf2, 0x4a, 0xc2, 0x4a, 0xc2, 0xcc, 0xf2, 0xed, 0xfa, 0xed, 0xfa,
    0xed, 0xfa, 0xed, 0xfa, 0xed, 0xfa, 0xed, 0xfa, 0xed, 0xfa, 0xed, 0xfa, 0xed, 0xfa, 0xed, 0xfa,
    0xed, 0xfa, 0xed, 0xfa, 0xed, 0xfa, 0xed, 0xfa, 0xed, 0xfa, 0xed, 0xfa, 0xed, 0xfa, 0xe9, 0xa1,
    0x62, 0x08, 0x62, 0x08, 0x62, 0x08, 0x62, 0x08, 0x62, 0x08, 0x62, 0x08, 0x62, 0x08, 0x62, 0x08,
    0x62, 0x08, 0x62, 0x08, 0x62, 0x08, 0x62, 0x08, 0x62, 0x08, 0x62, 0x08, 0x62, 0x08, 0x62, 0x08,
    0x62, 0x08, 0x62, 0x08, 0x62, 0x08, 0x62, 0x08, 0x62, 0x08, 0x62, 0x08, 0x62, 0x08, 0x62, 0x08,
    0x62, 0x08, 0x62, 0x08, 0x62, 0x08, 0x62, 0x08, 0x62, 0x08, 0x62, 0x08, 0x62, 0x08, 0x62, 0x08,
    0x62, 0x08, 0x62, 0x08, 0x62, 0x08, 0x62, 0x08, 0x62, 0x08, 0x62, 0x08, 0x62, 0x08, 0x62, 0x08,
    0x62, 0x08, 0x62, 0x08, 0x62, 0x08, 0x62, 0x08, 0x62, 0x08, 0x62, 0x08, 0x82, 0x18, 0x4a, 0xc2,
    0xed, 0xfa, 0xed, 0xfa, 0xed, 0xfa, 0xed, 0xfa, 0xed, 0xfa, 0xed, 0xfa, 0xed, 0xfa, 0xed, 0xfa,
    0xed, 0xfa, 0xed, 0xfa, 0xed, 0xfa, 0xed, 0xfa, 0x8c, 0xe2, 0xc8, 0x91, 0x25, 0x51, 0x04, 0x41,
    0x62, 0x08, 0x62, 0x08, 0x62, 0x08, 0x62, 0x08, 0x62, 0x08, 0x62, 0x08, 0x62, 0x08, 0x62, 0x08,
    0x04, 0x41, 0x25, 0x51, 0xc8, 0x91, 0x8c, 0xe2, 0xed, 0xfa, 0xed, 0xfa, 0xed, 0xfa, 0xed, 0xfa,
    0xed, 0xfa, 0xed, 0xfa, 0xed, 0xfa, 0xed, 0xfa, 0xed, 0xfa, 0xed, 0xfa, 0xed, 0xfa, 0xed, 0xfa,
    0x4a, 0xc2, 0x82, 0x18, 0x62, 0x08, 0x62, 0x08, 0x62, 0x08, 0x62, 0x08, 0x62, 0x08, 0x62, 0x08,
    0x62, 0x08, 0x62, 0x08, 0x62, 0x08, 0x62, 0x08, 0x62, 0x08, 0x62, 0x08, 0x62, 0x08, 0x62, 0x08,
    0x62, 0x08, 0x62, 0x08, 0x62, 0x08, 0x62, 0x08, 0x62, 0x08, 0x62, 0x08, 0x62, 0x08, 0x62, 0x08,
    0x62, 0x08, 0x62, 0x08, 0x62, 0x08, 0x62, 0x08, 0x62, 0x08, 0x62, 0x08, 0x62, 0x08, 0x62, 0x08,
    0x62, 0x08, 0x62, 0x08, 0x62, 0x08, 0x62, 0x08, 0x62, 0x08, 0x62, 0x08, 0x62, 0x08, 0x62, 0x08,
    0x62, 0x08, 0x62, 0x08, 0x62, 0x08, 0x62, 0x08, 0x62, 0x08, 0xe4, 0x30, 0x6b, 0xd2, 0xed, 0xfa,
    0xed, 0xfa, 0xed, 0xfa, 0xed, 0xfa, 0xed, 0xfa, 0xed, 0xfa, 0xed, 0xfa, 0xed, 0xfa, 0xed, 0xfa,
    0xed, 0xfa, 0x6b, 0xd2, 0x87, 0x71, 0xe4, 0x30, 0x62, 0x08, 0x62, 0x08, 0x62, 0x08, 0x62, 0x08,
    0x62, 0x08, 0x62, 0x08, 0x62, 0x08, 0x62, 0x08, 0x62, 0x08, 0x62, 0x08, 0x62, 0x08, 0x62, 0x08,
    0x62, 0x08, 0x62, 0x08, 0x62, 0x08, 0x62, 0x08, 0xe4, 0x30, 0x87, 0x71, 0x6b, 0xd2, 0xed, 0xfa,
    0xed, 0xfa, 0xed, 0xfa, 0xed, 0xfa, 0xed, 0xfa, 0xed, 0xfa, 0xed, 0xfa, 0xed, 0xfa, 0xed, 0xfa,
    0xed, 0xfa, 0x6b, 0xd2, 0xe4, 0x30, 0x62, 0x08, 0x62, 0x08, 0x62, 0x08, 0x62, 0x08, 0x62, 0x08,
    0x62, 0x08, 0x62, 0x08, 0x62, 0x08, 0x62, 0x08, 0x62, 0x08, 0x62, 0x08, 0x62, 0x08, 0x62, 0x08,
    0x62, 0x08, 0x62, 0x08, 0x62, 0x08, 0x62, 0x08, 0x62, 0x08, 0x62, 0x08, 0x62, 0x08, 0x62, 0x08,
    0x62, 0x08, 0x62, 0x08, 0x62, 0x08, 0x62, 0x08, 0x62, 0x08, 0x62, 0x08, 0x62, 0x08, 0x62, 0x08,
    0x62, 0x08, 0x62, 0x08, 0x62, 0x08, 0x62, 0x08, 0x62, 0x08, 0x62, 0x08, 0x62, 0x08, 0x62, 0x08,
    0x62, 0x08, 0x62, 0x08, 0x62, 0x08, 0x62, 0x08, 0x66, 0x69, 0xed, 0xfa, 0xed, 0xfa, 0xed, 0xfa,
    0xed, 0xfa, 0xed, 0xfa, 0xed, 0xfa, 0xed, 0xfa, 0xed, 0xfa, 0xed, 0xfa, 0xed, 0xfa, 0x8c, 0xe2,
    0x25, 0x51, 0x62, 0x08, 0x62, 0x08, 0x62, 0x08, 0x62, 0x08, 0x62, 0x08, 0x62, 0x08, 0x62, 0x08,
    0x62, 0x08, 0x62, 0x08, 0x62, 0x08, 0x62, 0x08, 0x62, 0x08, 0x62, 0x08, 0x62, 0x08, 0x62, 0x08,
    0x62, 0x08, 0x62, 0x08, 0x62, 0x08, 0x62, 0x08, 0x62, 0x08, 0x62, 0x08, 0x62, 0x08, 0x25, 0x51,
    0x8c, 0xe2, 0xed, 0xfa, 0xed, 0xfa, 0xed, 0xfa, 0xed, 0xfa, 0xed, 0xfa, 0xed, 0xfa, 0xed, 0xfa,
    0xed, 0xfa, 0xed, 0xfa, 0xcc, 0xea, 0x04, 0x41, 0x62, 0x08, 0x62, 0x08, 0x62, 0x08, 0x62, 0x08,
    0x62, 0x08, 0x62, 0x08, 0x62, 0x08, 0x62, 0x08, 0x62, 0x08, 0x62, 0x08, 0x62, 0x08, 0x62, 0x08,
    0x62, 0x08, 0x62, 0x08, 0x62, 0x08, 0x62, 0x08, 0x62, 0x08, 0x62, 0x08, 0x62, 0x08, 0x62, 0x08,
    0x62, 0x08, 0x62, 0x08, 0x62, 0x08, 0x62, 0x08, 0x62, 0x08, 0x62, 0x08, 0x62, 0x08, 0x62, 0x08,
    0x62, 0x08, 0x62, 0x08, 0x62, 0x08, 0x62, 0x08, 0x62, 0x08, 0x62, 0x08, 0x62, 0x08, 0x62, 0x08,
    0x62, 0x08, 0x62, 0x08, 0x62, 0x08, 0x66, 0x69, 0xed, 0xfa, 0xed, 0xfa, 0xed, 0xfa, 0xed, 0xfa,
    0xed, 0xfa, 0xed, 0xfa, 0xed, 0xfa, 0xed, 0xfa, 0xed, 0xfa, 0x8c, 0xe2, 0x46, 0x61, 0x62, 0x08,
    0x62, 0x08, 0x62, 0x08, 0x62, 0x08, 0x62, 0x08, 0x62, 0x08, 0x62, 0x08, 0x62, 0x08, 0x62, 0x08,
    0x62, 0x08, 0x62, 0x08, 0x62, 0x08, 0x62, 0x08, 0x62, 0x08, 0x62, 0x08, 0x62, 0x08, 0x62, 0x08,
    0x62, 0x08, 0x62, 0x08, 0x62, 0x08, 0x62, 0x08, 0x62, 0x08, 0x62, 0x08, 0x62, 0x08, 0x62, 0x08,
    0x62, 0x08, 0x46, 0x61, 0xcc, 0xf2, 0xed, 0xfa, 0xed, 0xfa, 0xed, 0xfa, 0xed, 0xfa, 0xed, 0xfa,
    0xed, 0xfa, 0xed, 0xfa, 0xed, 0xfa, 0xed, 0xfa, 0x04, 0x41, 0x62, 0x08, 0x62, 0x08, 0x62, 0x08,
    0x62, 0x08, 0x62, 0x08, 0x62, 0x08, 0x62, 0x08, 0x62, 0x08, 0x62, 0x08, 0x62, 0x08, 0x62, 0x08,
    0x62, 0x08, 0x62, 0x08, 0x62, 0x08, 0x62, 0x08, 0x62, 0x08, 0x62, 0x08, 0x62, 0x08, 0x62, 0x08,
    0x62, 0x08, 0x62, 0x08, 0x62, 0x08, 0x62, 0x08, 0x62, 0x08, 0x62, 0x08, 0x62, 0x08, 0x62, 0x08,
    0x62, 0x08, 0x62, 0x08, 0x62, 0x08, 0x62, 0x08, 0x62, 0x08, 0x62, 0x08, 0x62, 0x08, 0x62, 0x08,
    0x62, 0x08, 0x62, 0x08, 0xe4, 0x30, 0xed, 0xfa, 0xed, 0xfa, 0xed, 0xfa, 0xed, 0xfa, 0xed, 0xfa,
    0xed, 0xfa, 0xed, 0xfa, 0xed, 0xfa, 0xed, 0xfa, 0xe9, 0xa1, 0x82, 0x18, 0x62, 0x08, 0x62, 0x08,
    0x62, 0x08, 0x62, 0x08, 0x62, 0x08, 0x62, 0x08, 0x62, 0x08, 0x62, 0x08, 0x62, 0x08, 0x62, 0x08,
    0x62, 0x08, 0x62, 0x08, 0x62, 0x08, 0x62, 0x08, 0x62, 0x08, 0x62, 0x08, 0x62, 0x08, 0x62, 0x08,
    0x62, 0x08, 0x62, 0x08, 0x62, 0x08, 0x62, 0x08, 0x62, 0x08, 0x62, 0x08, 0x62, 0x08, 0x62, 0x08,
    0x62, 0x08, 0x62, 0x08, 0x82, 0x18, 0xe9, 0xa1, 0xed, 0xfa, 0xed, 0xfa, 0xed, 0xfa, 0xed, 0xfa,
    0xed, 0xfa, 0xed, 0xfa, 0xed, 0xfa, 0xed, 0xfa, 0xcc, 0xea, 0xe4, 0x30, 0x62, 0x08, 0x62, 0x08,
    0x62, 0x08, 0x62, 0x08, 0x62, 0x08, 0x62, 0x08, 0x62, 0x08, 0x62, 0x08, 0x62, 0x08, 0x62, 0x08,
    0x62, 0x08, 0x62, 0x08, 0x62, 0x08, 0x62, 0x08, 0x62, 0x08, 0x62, 0x08, 0x62, 0x08, 0x62, 0x08,
    0x62, 0x08, 0x62, 0x08, 0x62, 0x08, 0x62, 0x08, 0x62, 0x08, 0x62, 0x08, 0x62, 0x08, 0x62, 0x08,
    0x62, 0x08, 0x62, 0x08, 0x62, 0x08, 0x62, 0x08, 0x62, 0x08, 0x62, 0x08, 0x62, 0x08, 0x62, 0x08,
    0x62, 0x08, 0x82, 0x18, 0x6b, 0xd2, 0xed, 0xfa, 0xed, 0xfa, 0xed, 0xfa, 0xed, 0xfa, 0xed, 0xfa,
    0xed, 0xfa, 0xed, 0xfa, 0xed, 0xfa, 0xa7, 0x81, 0x62, 0x08, 0x62, 0x08, 0x62, 0x08, 0x62, 0x08,
    0x62, 0x08, 0x62, 0x08, 0x62, 0x08, 0x62, 0x08, 0x62, 0x08, 0x62, 0x08, 0x62, 0x08, 0x62, 0x08,
    0x62, 0x08, 0x62, 0x08, 0x62, 0x08, 0x62, 0x08, 0x62, 0x08, 0x62, 0x08, 0x62, 0x08, 0x62, 0x08,
    0x62, 0x08, 0x62, 0x08, 0x62, 0x08, 0x62, 0x08, 0x62, 0x08, 0x62, 0x08, 0x62, 0x08, 0x62, 0x08,
    0x62, 0x08, 0x62, 0x08, 0x62, 0x08, 0x62, 0x08, 0x87, 0x71, 0xed, 0xfa, 0xed, 0xfa, 0xed, 0xfa,
    0xed, 0xfa, 0xed, 0xfa, 0xed, 0xfa, 0xed, 0xfa, 0xed, 0xfa, 0x6b, 0xd2, 0x82, 0x18, 0x62, 0x08,
    0x62, 0x08, 0x62, 0x08, 0x62, 0x08, 0x62, 0x08, 0x62, 0x08, 0x62, 0x08, 0x62, 0x08, 0x62, 0x08,
    0x62, 0x08, 0x62, 0x08, 0x62, 0x08, 0x62, 0x08, 0x62, 0x08, 0x62, 0x08, 0x62, 0x08, 0x62, 0x08,
    0x62, 0x08, 0x62, 0x08, 0x62, 0x08, 0x62, 0x08, 0x62, 0x08, 0x62, 0x08, 0x62, 0x08, 0x62, 0x08,
    0x62, 0x08, 0x62, 0x08, 0x62, 0x08, 0x62, 0x08, 0x62, 0x08, 0x62, 0x08, 0x62, 0x08, 0x62, 0x08,
    0x62, 0x08, 0x4a, 0xc2, 0xed, 0xfa, 0xed, 0xfa, 0xed, 0xfa, 0xed, 0xfa, 0xed, 0xfa, 0xed, 0xfa,
    0xed, 0xfa, 0xed, 0xfa, 0xed, 0xfa, 0xcc, 0xea, 0xe4, 0x30, 0x62, 0x08, 0x62, 0x08, 0x62, 0x08,
    0x62, 0x08, 0x62, 0x08, 0x62, 0x08, 0x62, 0x08, 0x62, 0x08, 0x62, 0x08, 0x62, 0x08, 0x62, 0x08,
    0x62, 0x08, 0x62, 0x08, 0x62, 0x08, 0x62, 0x08, 0x62, 0x08, 0x62, 0x08, 0x62, 0x08, 0x62, 0x08,
    0x62, 0x08, 0x62, 0x08, 0x62, 0x08, 0x62, 0x08, 0x62, 0x08, 0x62, 0x08, 0x62, 0x08, 0x62, 0x08,
    0x62, 0x08, 0x62, 0x08, 0x62, 0x08, 0x62, 0x08, 0x62, 0x08, 0x25, 0x51, 0xcc, 0xf2, 0xed, 0xfa,
    0xed, 0xfa, 0xed, 0xfa, 0xed, 0xfa, 0xed, 0xfa, 0xed, 0xfa, 0xed, 0xfa, 0x4a, 0xc2, 0x62, 0x08,
    0x62, 0x08, 0x62, 0x08, 0x62, 0x08, 0x62, 0x08, 0x62, 0x08, 0x62, 0x08, 0x62, 0x08, 0x62, 0x08,
    0x62, 0x08, 0x62, 0x08, 0x62, 0x08, 0x62, 0x08, 0x62, 0x08, 0x62, 0x08, 0x62, 0x08, 0x62, 0x08,
    0x62, 0x08, 0x62, 0x08, 0x62, 0x08, 0x62, 0x08, 0x62, 0x08, 0x62, 0x08, 0x62, 0x08, 0x62, 0x08,
    0x62, 0x08, 0x62, 0x08, 0x62, 0x08, 0x62, 0x08, 0x62, 0x08, 0x62, 0x08, 0x62, 0x08, 0x62, 0x08,
    0xe9, 0xa1, 0xed, 0xfa, 0xed, 0xfa, 0xed, 0xfa, 0xed, 0xfa, 0xed, 0xfa, 0xed, 0xfa, 0xed, 0xfa,
    0xed, 0xfa, 0xed, 0xfa, 0xed, 0xfa, 0xed, 0xfa, 0xcc, 0xea, 0xe4, 0x30, 0x62, 0x08, 0x62, 0x08,
    0x62, 0x08, 0x62, 0x08, 0x62, 0x08, 0x62, 0x08, 0x62, 0x08, 0x62, 0x08, 0x62, 0x08, 0x62, 0x08,
    0x62, 0x08, 0x62, 0x08, 0x62, 0x08, 0x62, 0x08, 0x62, 0x08, 0x62, 0x08, 0x62, 0x08, 0x62, 0x08,
    0x62, 0x08, 0x62, 0x08, 0x62, 0x08, 0x62, 0x08, 0x62, 0x08, 0x62, 0x08, 0x62, 0x08, 0x62, 0x08,
    0x62, 0x08, 0x62, 0x08, 0x62, 0x08, 0x62, 0x08, 0x62, 0x08, 0x62, 0x08, 0xe4, 0x30, 0xcc, 0xf2,
    0xed, 0xfa, 0xed, 0xfa, 0xed, 0xfa, 0xed, 0xfa, 0xed, 0xfa, 0xed, 0xfa, 0xed, 0xfa, 0xe9, 0xa1,
    0x62, 0x08, 0x62, 0x08, 0x62, 0x08, 0x62, 0x08, 0x62, 0x08, 0x62, 0x08, 0x62, 0x08, 0x62, 0x08,
    0x62, 0x08, 0x62, 0x08, 0x62, 0x08, 0x62, 0x08, 0x62, 0x08, 0x62, 0x08, 0x62, 0x08, 0x62, 0x08,
    0x62, 0x08, 0x62, 0x08, 0x62, 0x08, 0x62, 0x08, 0x62, 0x08, 0x62, 0x08, 0x62, 0x08, 0x62, 0x08,
    0x62, 0x08, 0x62, 0x08, 0x62, 0x08, 0x62, 0x08, 0x62, 0x08, 0x62, 0x08, 0x62, 0x08, 0x25, 0x51,
    0xed, 0xfa, 0xed, 0xfa, 0xed, 0xfa, 0xed, 0xfa, 0xed, 0xfa, 0xed, 0xfa, 0xed, 0xfa, 0xed, 0xfa,
    0xed, 0xfa, 0xed, 0xfa, 0xed, 0xfa, 0xed, 0xfa, 0xed, 0xfa, 0xcc, 0xea, 0xe4, 0x30, 0x62, 0x08,
    0x62, 0x08, 0x62, 0x08, 0x62, 0x08, 0x62, 0x08, 0x62, 0x08, 0x62, 0x08, 0x62, 0x08, 0x62, 0x08,
    0x62, 0x08, 0x62, 0x08, 0x62, 0x08, 0x62, 0x08, 0x62, 0x08, 0x62, 0x08, 0x62, 0x08, 0x62, 0x08,
    0x62, 0x08, 0x62, 0x08, 0x62, 0x08, 0x62, 0x08, 0x62, 0x08, 0x62, 0x08, 0x62, 0x08, 0x62, 0x08,
    0x62, 0x08, 0x62, 0x08, 0x62, 0x08, 0x62, 0x08, 0x62, 0x08, 0x62, 0x08, 0x62, 0x08, 0xe4, 0x30,
    0xcc, 0xf2, 0xed, 0xfa, 0xed, 0xfa, 0xed, 0xfa, 0xed, 0xfa, 0xed, 0xfa, 0xed, 0xfa, 0xed, 0xfa,
    0x25, 0x51, 0x62, 0x08, 0x62, 0x08, 0x62, 0x08, 0x62, 0x08, 0x62, 0x08, 0x62, 0x08, 0x62, 0x08,
    0x62, 0x08, 0x62, 0x08, 0x62, 0x08, 0x62, 0x08, 0x62, 0x08, 0x62, 0x08, 0x62, 0x08, 0x62, 0x08,
    0x62, 0x08, 0x62, 0x08, 0x62, 0x08, 0x62, 0x08, 0x62, 0x08, 0x62, 0x08, 0x62, 0x08, 0x62, 0x08,
    0x62, 0x08, 0x62, 0x08, 0x62, 0x08, 0x62, 0x08, 0x62, 0x08, 0x62, 0x08, 0x62, 0x08, 0x8c, 0xe2,
    0xed, 0xfa, 0xed, 0xfa, 0xed, 0xfa, 0xed, 0xfa, 0xed, 0xfa, 0xed, 0xfa, 0xed, 0xfa, 0xed, 0xfa,
    0xed, 0xfa, 0xed, 0xfa, 0xed, 0xfa, 0xed, 0xfa, 0xed, 0xfa, 0xed, 0xfa, 0xcc, 0xea, 0xe4, 0x30,
    0x62, 0x08, 0x62, 0x08, 0x62, 0x08, 0x62, 0x08, 0x62, 0x08, 0x62, 0x08, 0x62, 0x08, 0x62, 0x08,
    0x62, 0x08, 0x62, 0x08, 0x62, 0x08, 0x62, 0x08, 0x62, 0x08, 0x62, 0x08, 0x62, 0x08, 0x62, 0x08,
    0x62, 0x08, 0x62, 0x08, 0x62, 0x08, 0x62, 0x08, 0x62, 0x08, 0x62, 0x08, 0x62, 0x08, 0x62, 0x08,
    0x62, 0x08, 0x62, 0x08, 0x62, 0x08, 0x62, 0x08, 0x62, 0x08, 0x62, 0x08, 0x62, 0x08, 0x62, 0x08,
    0x25, 0x51, 0xed, 0xfa, 0xed, 0xfa, 0xed, 0xfa, 0xed, 0xfa, 0xed, 0xfa, 0xed, 0xfa, 0xed, 0xfa,
    0x8c, 0xe2, 0x62, 0x08, 0x62, 0x08, 0x62, 0x08, 0x62, 0x08, 0x62, 0x08, 0x62, 0x08, 0x62, 0x08,
    0x62, 0x08, 0x62, 0x08, 0x62, 0x08, 0x62, 0x08, 0x62, 0x08, 0x62, 0x08, 0x62, 0x08, 0x62, 0x08,
    0x62, 0x08, 0x62, 0x08, 0x62, 0x08, 0x62, 0x08, 0x62, 0x08, 0x62, 0x08, 0x62, 0x08, 0x62, 0x08,
    0x62, 0x08, 0x62, 0x08, 0x62, 0x08, 0x62, 0x08, 0x62, 0x08, 0x62, 0x08, 0xa7, 0x81, 0xed, 0xfa,
    0xed, 0xfa, 0xed, 0xfa, 0xed, 0xfa, 0xed, 0xfa, 0xed, 0xfa, 0xed, 0xfa, 0xa7, 0x81, 0xcc, 0xf2,
    0xed, 0xfa, 0xed, 0xfa, 0xed, 0xfa, 0xed, 0xfa, 0xed, 0xfa, 0xed, 0xfa, 0xed, 0xfa, 0xcc, 0xea,
    0xe4, 0x30, 0x62, 0x08, 0x62, 0x08, 0x62, 0x08, 0x62, 0x08, 0x62, 0x08, 0x62, 0x08, 0x62, 0x08,
    0x62, 0x08, 0x62, 0x08, 0x62, 0x08, 0x62, 0x08, 0x62, 0x08, 0x62, 0x08, 0x62, 0x08, 0x62, 0x08,
    0x62, 0x08, 0x62, 0x08, 0x62, 0x08, 0x62, 0x08, 0x62, 0x08, 0x62, 0x08, 0x62, 0x08, 0x62, 0x08,
    0x62, 0x08, 0x62, 0x08, 0x62, 0x08, 0x62, 0x08, 0x62, 0x08, 0x62, 0x08, 0x62, 0x08, 0x62, 0x08,
    0x62, 0x08, 0x87, 0x71, 0xed, 0xfa, 0xed, 0xfa, 0xed, 0xfa, 0xed, 0xfa, 0xed, 0xfa, 0xed, 0xfa,
    0xed, 0xfa, 0x87, 0x71, 0x62, 0x08, 0x62, 0x08, 0x62, 0x08, 0x62, 0x08, 0x62, 0x08, 0x62, 0x08,
    0x62, 0x08, 0x62, 0x08, 0x62, 0x08, 0x62, 0x08, 0x62, 0x08, 0x62, 0x08, 0x62, 0x08, 0x62, 0x08,
    0x62, 0x08, 0x62, 0x08, 0x62, 0x08, 0x62, 0x08, 0x62, 0x08, 0x62, 0x08, 0x62, 0x08, 0x62, 0x08,
    0x62, 0x08, 0x62, 0x08, 0x62, 0x08, 0x62, 0x08, 0x62, 0x08, 0x82, 0x18, 0xcc, 0xea, 0xed, 0xfa,
    0xed, 0xfa, 0xed, 0xfa, 0xed, 0xfa, 0xed, 0xfa, 0xed, 0xfa, 0xe9, 0xa1, 0x62, 0x08, 0xe4, 0x30,
    0xcc, 0xf2, 0xed, 0xfa, 0xed, 0xfa, 0xed, 0xfa, 0xed, 0xfa, 0xed, 0xfa, 0xed, 0xfa, 0xed, 0xfa,
    0xcc, 0xea, 0xe4, 0x30, 0x62, 0x08, 0x62, 0x08, 0x62, 0x08, 0x62, 0x08, 0x62, 0x08, 0x62, 0x08,
    0x62, 0x08, 0x62, 0x08, 0x62, 0x08, 0x62, 0x08, 0x62, 0x08, 0x62, 0x08, 0x62, 0x08, 0x62, 0x08,
    0x62, 0x08, 0x62, 0x08, 0x62, 0x08, 0x62, 0x08, 0x62, 0x08, 0x62, 0x08, 0x62, 0x08, 0x62, 0x08,
    0x62, 0x08, 0x62, 0x08, 0x62, 0x08, 0x62, 0x08, 0x62, 0x08, 0x62, 0x08, 0x62, 0x08, 0x62, 0x08,
    0x62, 0x08, 0x62, 0x08, 0xe9, 0xa1, 0xed, 0xfa, 0xed, 0xfa, 0xed, 0xfa, 0xed, 0xfa, 0xed, 0xfa,
    0xed, 0xfa, 0xcc, 0xea, 0x82, 0x18, 0x62, 0x08, 0x62, 0x08, 0x62, 0x08, 0x62, 0x08, 0x62, 0x08,
    0x62, 0x08, 0x62, 0x08, 0x62, 0x08, 0x62, 0x08, 0x62, 0x08, 0x62, 0x08, 0x62, 0x08, 0x62, 0x08,
    0x62, 0x08, 0x62, 0x08, 0x62, 0x08, 0x62, 0x08, 0x62, 0x08, 0x62, 0x08, 0x62, 0x08, 0x62, 0x08,
    0x62, 0x08, 0x62, 0x08, 0x62, 0x08, 0x62, 0x08, 0x62, 0x08, 0xa7, 0x81, 0xed, 0xfa, 0xed, 0xfa,
    0xed, 0xfa, 0xed, 0xfa, 0xed, 0xfa, 0xed, 0xfa, 0x8c, 0xe2, 0x82, 0x18, 0x62, 0x08, 0x62, 0x08,
    0xe4, 0x30, 0xcc, 0xf2, 0xed, 0xfa, 0xed, 0xfa, 0xed, 0xfa, 0xed, 0xfa, 0xed, 0xfa, 0xed, 0xfa,
    0xed, 0xfa, 0xcc, 0xea, 0xe4, 0x30, 0x62, 0x08, 0x62, 0x08, 0x62, 0x08, 0x62, 0x08, 0x62, 0x08,
    0x62, 0x08, 0x62, 0x08, 0x62, 0x08, 0x62, 0x08, 0x62, 0x08, 0x62, 0x08, 0x62, 0x08, 0x62, 0x08,
    0x62, 0x08, 0x62, 0x08, 0x62, 0x08, 0x62, 0x08, 0x62, 0x08, 0x62, 0x08, 0x62, 0x08, 0x62, 0x08,
    0x62, 0x08, 0x62, 0x08, 0x62, 0x08, 0x62, 0x08, 0x62, 0x08, 0x62, 0x08, 0x62, 0x08, 0x62, 0x08,
    0x62, 0x08, 0x62, 0x08, 0x82, 0x18, 0xcc, 0xf2, 0xed, 0xfa, 0xed, 0xfa, 0xed, 0xfa, 0xed, 0xfa,
    0xed, 0xfa, 0xed, 0xfa, 0xa7, 0x81, 0x62, 0x08, 0x62, 0x08, 0x62, 0x08, 0x62, 0x08, 0x62, 0x08,
    0x62, 0x08, 0x62, 0x08, 0x62, 0x08, 0x62, 0x08, 0x62, 0x08, 0x62, 0x08, 0x62, 0x08, 0x62, 0x08,
    0x62, 0x08, 0x62, 0x08, 0x62, 0x08, 0x62, 0x08, 0x62, 0x08, 0x62, 0x08, 0x62, 0x08, 0x62, 0x08,
    0x62, 0x08, 0x62, 0x08, 0x62, 0x08, 0x62, 0x08, 0xa3, 0x20, 0xcc, 0xea, 0xed, 0xfa, 0xed, 0xfa,
    0xed, 0xfa, 0xed, 0xfa, 0xed, 0xfa, 0xed, 0xfa, 0x46, 0x61, 0x62, 0x08, 0x62, 0x08, 0x62, 0x08,
    0x62, 0x08, 0xe4, 0x30, 0xcc, 0xf2, 0xed, 0xfa, 0xed, 0xfa, 0xed, 0xfa, 0xed, 0xfa, 0xed, 0xfa,
    0xed, 0xfa, 0xed, 0xfa, 0xcc, 0xea, 0xe4, 0x30, 0x62, 0x08, 0x62, 0x08, 0x62, 0x08, 0x62, 0x08,
    0x62, 0x08, 0x62, 0x08, 0x62, 0x08, 0x62, 0x08, 0x62, 0x08, 0x62, 0x08, 0x62, 0x08, 0x62, 0x08,
    0x62, 0x08, 0x62, 0x08, 0x62, 0x08, 0x62, 0x08, 0x62, 0x08, 0x62, 0x08, 0x62, 0x08, 0x62, 0x08,
    0x62, 0x08, 0x62, 0x08, 0x62, 0x08, 0x62, 0x08, 0x62, 0x08, 0x62, 0x08, 0x62, 0x08, 0x62, 0x08,
    0x62, 0x08, 0x62, 0x08, 0x62, 0x08, 0x46, 0x61, 0xed, 0xfa, 0xed, 0xfa, 0xed, 0xfa, 0xed, 0xfa,
    0xed, 0xfa, 0xed, 0xfa, 0xcc, 0xea, 0xa3, 0x20, 0x62, 0x08, 0x62, 0x08, 0x62, 0x08, 0x62, 0x08,
    0x62, 0x08, 0x62, 0x08, 0x62, 0x08, 0x62, 0x08, 0x62, 0x08, 0x62, 0x08, 0x62, 0x08, 0x62, 0x08,
    0x62, 0x08, 0x62, 0x08, 0x62, 0x08, 0x62, 0x08, 0x62, 0x08, 0x62, 0x08, 0x62, 0x08, 0x62, 0x08,
    0x62, 0x08, 0x62, 0x08, 0x62, 0x08, 0x62, 0x08, 0xa7, 0x81, 0xed, 0xfa, 0xed, 0xfa, 0xed, 0xfa,
    0xed, 0xfa, 0xed, 0xfa, 0xed, 0xfa, 0x8c, 0xe2, 0x62, 0x08, 0x62, 0x08, 0x62, 0x08, 0x62, 0x08,
    0x62, 0x08, 0x62, 0x08, 0xe4, 0x30, 0xcc, 0xf2, 0xed, 0xfa, 0xed, 0xfa, 0xed, 0xfa, 0xed, 0xfa,
    0xed, 0xfa, 0xed, 0xfa, 0xed, 0xfa, 0xcc, 0xea, 0xe4, 0x30, 0x62, 0x08, 0x62, 0x08, 0x62, 0x08,
    0x62, 0x08, 0x62, 0x08, 0x62, 0x08, 0x62, 0x08, 0x62, 0x08, 0x62, 0x08, 0x62, 0x08, 0x62, 0x08,
    0x62, 0x08, 0x62, 0x08, 0x62, 0x08, 0x62, 0x08, 0x62, 0x08, 0x62, 0x08, 0x62, 0x08, 0x62, 0x08,
    0x62, 0x08, 0x62, 0x08, 0x62, 0x08, 0x62, 0x08, 0x62, 0x08, 0x62, 0x08, 0x62, 0x08, 0x62, 0x08,
    0x62, 0x08, 0x62, 0x08, 0x62, 0x08, 0x62, 0x08, 0x8c, 0xe2, 0xed, 0xfa, 0xed, 0xfa, 0xed, 0xfa,
    0xed, 0xfa, 0xed, 0xfa, 0xed, 0xfa, 0xa7, 0x81, 0x62, 0x08, 0x62, 0x08, 0x62, 0x08, 0x62, 0x08,
    0x62, 0x08, 0x62, 0x08, 0x62, 0x08, 0x62, 0x08, 0x62, 0x08, 0x62, 0x08, 0x62, 0x08, 0x62, 0x08,
    0x62, 0x08, 0x62, 0x08, 0x62, 0x08, 0x62, 0x08, 0x62, 0x08, 0x62, 0x08, 0x62, 0x08, 0x62, 0x08,
    0x62, 0x08, 0x62, 0x08, 0x62, 0x08, 0x62, 0x08, 0x6b, 0xd2, 0xed, 0xfa, 0xed, 0xfa, 0xed, 0xfa,
    0xed, 0xfa, 0xed, 0xfa, 0xed, 0xfa, 0x25, 0x51, 0x62, 0x08, 0x62, 0x08, 0x62, 0x08, 0x62, 0x08,
    0x62, 0x08, 0x62, 0x08, 0x62, 0x08, 0xe4, 0x30, 0xcc, 0xf2, 0xed, 0xfa, 0xed, 0xfa, 0xed, 0xfa,
    0xed, 0xfa, 0xed, 0xfa, 0xed, 0xfa, 0xed, 0xfa, 0xcc, 0xea, 0xe4, 0x30, 0x62, 0x08, 0x62, 0x08,
    0x62, 0x08, 0x04, 0x41, 0x04, 0x41, 0x04, 0x41, 0x04, 0x41, 0x04, 0x41, 0x04, 0x41, 0x62, 0x08,
    0x62, 0x08, 0x62, 0x08, 0x62, 0x08, 0x62, 0x08, 0x62, 0x08, 0x62, 0x08, 0x62, 0x08, 0x62, 0x08,
    0x62, 0x08, 0x62, 0x08, 0x62, 0x08, 0x62, 0x08, 0x62, 0x08, 0x62, 0x08, 0x62, 0x08, 0x62, 0x08,
    0x62, 0x08, 0x62, 0x08, 0x62, 0x08, 0x62, 0x08, 0x25, 0x51, 0xed, 0xfa, 0xed, 0xfa, 0xed, 0xfa,
    0xed, 0xfa, 0xed, 0xfa, 0xed, 0xfa, 0x6b, 0xd2, 0x62, 0x08, 0x62, 0x08, 0x62, 0x08, 0x62, 0x08,
    0x62, 0x08, 0x62, 0x08, 0x62, 0x08, 0x62, 0x08, 0x62, 0x08, 0x62, 0x08, 0x62, 0x08, 0x62, 0x08,
    0x62, 0x08, 0x62, 0x08, 0x62, 0x08, 0x62, 0x08, 0x62, 0x08, 0x62, 0x08, 0x62, 0x08, 0x62, 0x08,
    0x62, 0x08, 0x62, 0x08, 0x62, 0x08, 0xa3, 0x20, 0xed, 0xfa, 0xed, 0xfa, 0xed, 0xfa, 0xed, 0xfa,
    0xed, 0xfa, 0xed, 0xfa, 0x6b, 0xd2, 0x62, 0x08, 0x62, 0x08, 0x62, 0x08, 0x62, 0x08, 0x62, 0x08,
    0x62, 0x08, 0x62, 0x08, 0x62, 0x08, 0x62, 0x08, 0xe4, 0x30, 0xcc, 0xf2, 0xed, 0xfa, 0xed, 0xfa,
    0xed, 0xfa, 0xed, 0xfa, 0xed, 0xfa, 0xed, 0xfa, 0xed, 0xfa, 0xcd, 0xf2, 0x6b, 0xca, 0xed, 0xfa,
    0xed, 0xfa, 0xed, 0xfa, 0xed, 0xfa, 0xed, 0xfa, 0xed, 0xfa, 0xed, 0xfa, 0xed, 0xfa, 0xed, 0xfa,
    0xed, 0xfa, 0x4a, 0xc2, 0x87, 0x71, 0xe4, 0x30, 0x62, 0x08, 0x62, 0x08, 0x62, 0x08, 0x62, 0x08,
    0x62, 0x08, 0x62, 0x08, 0x62, 0x08, 0x62, 0x08, 0x62, 0x08, 0x62, 0x08, 0x62, 0x08, 0x62, 0x08,
    0x62, 0x08, 0x62, 0x08, 0x62, 0x08, 0x62, 0x08, 0x62, 0x08, 0x6b, 0xd2, 0xed, 0xfa, 0xed, 0xfa,
    0xed, 0xfa, 0xed, 0xfa, 0xed, 0xfa, 0xed, 0xfa, 0x82, 0x18, 0x62, 0x08, 0x62, 0x08, 0x62, 0x08,
    0x62, 0x08, 0x62, 0x08, 0x62, 0x08, 0x62, 0x08, 0x62, 0x08, 0x62, 0x08, 0x62, 0x08, 0x62, 0x08,
    0x62, 0x08, 0x62, 0x08, 0x62, 0x08, 0x62, 0x08, 0x62, 0x08, 0x62, 0x08, 0x62, 0x08, 0x62, 0x08,
    0x62, 0x08, 0x62, 0x08, 0x62, 0x08, 0x46, 0x61, 0xed, 0xfa, 0xed, 0xfa, 0xed, 0xfa, 0xed, 0xfa,
    0xed, 0xfa, 0xed, 0xfa, 0x87, 0x71, 0x62, 0x08, 0x62, 0x08, 0x62, 0x08, 0x62, 0x08, 0x62, 0x08,
    0x62, 0x08, 0x62, 0x08, 0x62, 0x08, 0x62, 0x08, 0x62, 0x08, 0xe4, 0x30, 0xcc, 0xf2, 0xed, 0xfa,
    0xed, 0xfa, 0xed, 0xfa, 0xed, 0xfa, 0xed, 0xfa, 0xed, 0xfa, 0xed, 0xfa, 0xed, 0xfa, 0xed, 0xfa,
    0xed, 0xfa, 0xed, 0xfa, 0xed, 0xfa, 0xed, 0xfa, 0xed, 0xfa, 0xed, 0xfa, 0xed, 0xfa, 0xed, 0xfa,
    0xed, 0xfa, 0xed, 0xfa, 0xed, 0xfa, 0xed, 0xfa, 0x8c, 0xe2, 0xa7, 0x81, 0x82, 0x18, 0x62, 0x08,
    0x62, 0x08, 0x62, 0x08, 0x62, 0x08, 0x62, 0x08, 0x62, 0x08, 0x62, 0x08, 0x62, 0x08, 0x62, 0x08,
    0x62, 0x08, 0x62, 0x08, 0x62, 0x08, 0x62, 0x08, 0x62, 0x08, 0x87, 0x71, 0xed, 0xfa, 0xed, 0xfa,
    0xed, 0xfa, 0xed, 0xfa, 0xed, 0xfa, 0xed, 0xfa, 0x46, 0x61, 0x62, 0x08, 0x62, 0x08, 0x62, 0x08,
    0x62, 0x08, 0x62, 0x08, 0x62, 0x08, 0x62, 0x08, 0x62, 0x08, 0x62, 0x08, 0x62, 0x08, 0x62, 0x08,
    0x62, 0x08, 0x62, 0x08, 0x62, 0x08, 0x62, 0x08, 0x62, 0x08, 0x62, 0x08, 0x62, 0x08, 0x62, 0x08,
    0x62, 0x08, 0x62, 0x08, 0x62, 0x08, 0x2a, 0xb2, 0xed, 0xfa, 0xed, 0xfa, 0xed, 0xfa, 0xed, 0xfa,
    0xed, 0xfa, 0xed, 0xfa, 0xe4, 0x30, 0x62, 0x08, 0x62, 0x08, 0x62, 0x08, 0x62, 0x08, 0x62, 0x08,
    0x62, 0x08, 0x62, 0x08, 0x62, 0x08, 0x62, 0x08, 0x62, 0x08, 0x62, 0x08, 0xe4, 0x30, 0xcc, 0xf2,
    0xed, 0xfa, 0xed, 0xfa, 0xed, 0xfa, 0xed, 0xfa, 0xed, 0xfa, 0xed, 0xfa, 0xed, 0xfa, 0xed, 0xfa,
    0xed, 0xfa, 0xed, 0xfa, 0xed, 0xfa, 0xed, 0xfa, 0xed, 0xfa, 0xed, 0xfa, 0xed, 0xfa, 0xed, 0xfa,
    0xed, 0xfa, 0xed, 0xfa, 0xed, 0xfa, 0xed, 0xfa, 0xed, 0xfa, 0xed, 0xfa, 0xcc, 0xea, 0xa7, 0x81,
    0x82, 0x18, 0x62, 0x08, 0x62, 0x08, 0x62, 0x08, 0x62, 0x08, 0x62, 0x08, 0x62, 0x08, 0x62, 0x08,
    0x62, 0x08, 0x62, 0x08, 0x62, 0x08, 0x62, 0x08, 0x62, 0x08, 0xe4, 0x30, 0xed, 0xfa, 0xed, 0xfa,
    0xed, 0xfa, 0xed, 0xfa, 0xed, 0xfa, 0xed, 0xfa, 0x2a, 0xb2, 0x62, 0x08, 0x62, 0x08, 0x62, 0x08,
    0x62, 0x08, 0x62, 0x08, 0x62, 0x08, 0x62, 0x08, 0x62, 0x08, 0x62, 0x08, 0x62, 0x08, 0x62, 0x08,
    0x62, 0x08, 0x62, 0x08, 0x62, 0x08, 0x62, 0x08, 0x62, 0x08, 0x62, 0x08, 0x62, 0x08, 0x62, 0x08,
    0x62, 0x08, 0x62, 0x08, 0x62, 0x08, 0xcc, 0xea, 0xed, 0xfa, 0xed, 0xfa, 0xed, 0xfa, 0xed, 0xfa,
    0xed, 0xfa, 0x8c, 0xe2, 0x62, 0x08, 0x62, 0x08, 0x62, 0x08, 0x62, 0x08, 0x62, 0x08, 0x62, 0x08,
    0x62, 0x08, 0x62, 0x08, 0x62, 0x08, 0x62, 0x08, 0x62, 0x08, 0x62, 0x08, 0x04, 0x41, 0xcc, 0xf2,
    0xed, 0xfa, 0xed, 0xfa, 0xed, 0xfa, 0xed, 0xfa, 0xed, 0xfa, 0xed, 0xfa, 0xed, 0xfa, 0xed, 0xfa,
    0xed, 0xfa, 0xed, 0xfa, 0xed, 0xfa, 0xed, 0xfa, 0xed, 0xfa, 0xed, 0xfa, 0xed, 0xfa, 0xed, 0xfa,
    0xed, 0xfa, 0xed, 0xfa, 0xed, 0xfa, 0xed, 0xfa, 0xed, 0xfa, 0xed, 0xfa, 0xed, 0xfa, 0xed, 0xfa,
    0xcc, 0xea, 0x04, 0x41, 0x62, 0x08, 0x62, 0x08, 0x62, 0x08, 0x62, 0x08, 0x62, 0x08, 0x62, 0x08,
    0x62, 0x08, 0x62, 0x08, 0x62, 0x08, 0x62, 0x08, 0x62, 0x08, 0x62, 0x08, 0x8c, 0xe2, 0xed, 0xfa,
    0xed, 0xfa, 0xed, 0xfa, 0xed, 0xfa, 0xed, 0xfa, 0xcc, 0xea, 0x62, 0x08, 0x62, 0x08, 0x62, 0x08,
    0x62, 0x08, 0x62, 0x08, 0x62, 0x08, 0x62, 0x08, 0x62, 0x08, 0x62, 0x08, 0x62, 0x08, 0x62, 0x08,
    0x62, 0x08, 0x62, 0x08, 0x62, 0x08, 0x62, 0x08, 0x62, 0x08, 0x62, 0x08, 0x62, 0x08, 0x62, 0x08,
    0x62, 0x08, 0x62, 0x08, 0x04, 0x41, 0xed, 0xfa, 0xed, 0xfa, 0xed, 0xfa, 0xed, 0xfa, 0xed, 0xfa,
    0xed, 0xfa, 0xc8, 0x91, 0x62, 0x08, 0x62, 0x08, 0x62, 0x08, 0x62, 0x08, 0x62, 0x08, 0x62, 0x08,
    0x62, 0x08, 0x62, 0x08, 0x62, 0x08, 0x62, 0x08, 0x62, 0x08, 0xa7, 0x81, 0xed, 0xfa, 0xed, 0xfa,
    0xed, 0xfa, 0xed, 0xfa, 0xed, 0xfa, 0xed, 0xfa, 0xed, 0xfa, 0xed, 0xfa, 0xed, 0xfa, 0xed, 0xfa,
    0xed, 0xfa, 0xed, 0xfa, 0xed, 0xfa, 0xed, 0xfa, 0xed, 0xfa, 0xed, 0xfa, 0xed, 0xfa, 0xed, 0xfa,
    0xed, 0xfa, 0xed, 0xfa, 0xed, 0xfa, 0xed, 0xfa, 0xed, 0xfa, 0xed, 0xfa, 0xed, 0xfa, 0xed, 0xfa,
    0xed, 0xfa, 0xed, 0xfa, 0xa7, 0x81, 0x62, 0x08, 0x62, 0x08, 0x62, 0x08, 0x62, 0x08, 0x62, 0x08,
    0x62, 0x08, 0x62, 0x08, 0x62, 0x08, 0x62, 0x08, 0x62, 0x08, 0x62, 0x08, 0xc8, 0x91, 0xed, 0xfa,
    0xed, 0xfa, 0xed, 0xfa, 0xed, 0xfa, 0xed, 0xfa, 0xed, 0xfa, 0x04, 0x41, 0x62, 0x08, 0x62, 0x08,
    0x62, 0x08, 0x62, 0x08, 0x62, 0x08, 0x62, 0x08, 0x62, 0x08, 0x62, 0x08, 0x62, 0x08, 0x62, 0x08,
    0x62, 0x08, 0x62, 0x08, 0x62, 0x08, 0x62, 0x08, 0x62, 0x08, 0x62, 0x08, 0x62, 0x08, 0x62, 0x08,
    0x62, 0x08, 0x62, 0x08, 0x04, 0x41, 0xed, 0xfa, 0xed, 0xfa, 0xed, 0xfa, 0xed, 0xfa, 0xed, 0xfa,
    0xed, 0xfa, 0x25, 0x51, 0x62, 0x08, 0x62, 0x08, 0x62, 0x08, 0x62, 0x08, 0x62, 0x08, 0x62, 0x08,
    0x62, 0x08, 0x62, 0x08, 0x62, 0x08, 0x82, 0x18, 0x4a, 0xc2, 0xed, 0xfa, 0xed, 0xfa, 0xed, 0xfa,
    0xed, 0xfa, 0xed, 0xfa, 0xed, 0xfa, 0xed, 0xfa, 0xed, 0xfa, 0xed, 0xfa, 0xed, 0xfa, 0xed, 0xfa,
    0xed, 0xfa, 0xed, 0xfa, 0xed, 0xfa, 0xed, 0xfa, 0xed, 0xfa, 0xed, 0xfa, 0xed, 0xfa, 0xed, 0xfa,
    0xed, 0xfa, 0xed, 0xfa, 0xed, 0xfa, 0xed, 0xfa, 0xed, 0xfa, 0xed, 0xfa, 0xed, 0xfa, 0xed, 0xfa,
    0xed, 0xfa, 0xed, 0xfa, 0xed, 0xfa, 0x4a, 0xc2, 0x82, 0x18, 0x62, 0x08, 0x62, 0x08, 0x62, 0x08,
    0x62, 0x08, 0x62, 0x08, 0x62, 0x08, 0x62, 0x08, 0x62, 0x08, 0x62, 0x08, 0x25, 0x51, 0xed, 0xfa,
    0xed, 0xfa, 0xed, 0xfa, 0xed, 0xfa, 0xed, 0xfa, 0xed, 0xfa, 0x04, 0x41, 0x62, 0x08, 0x62, 0x08,
    0x62, 0x08, 0x62, 0x08, 0x62, 0x08, 0x62, 0x08, 0x62, 0x08, 0x62, 0x08, 0x62, 0x08, 0x62, 0x08,
    0x62, 0x08, 0x62, 0x08, 0x62, 0x08, 0x62, 0x08, 0x62, 0x08, 0x62, 0x08, 0x62, 0x08, 0x62, 0x08,
    0x62, 0x08, 0x62, 0x08, 0xa7, 0x81, 0xed, 0xfa, 0xed, 0xfa, 0xed, 0xfa, 0xed, 0xfa, 0xed, 0xfa,
    0xed, 0xfa, 0x04, 0x41, 0x62, 0x08, 0x62, 0x08, 0x62, 0x08, 0x62, 0x08, 0x62, 0x08, 0x62, 0x08,
    0x62, 0x08, 0x62, 0x08, 0x62, 0x08, 0x4a, 0xc2, 0xed, 0xfa, 0xed, 0xfa, 0xed, 0xfa, 0xed, 0xfa,
    0xed, 0xfa, 0xed, 0xfa, 0xed, 0xfa, 0xed, 0xfa, 0xed, 0xfa, 0xed, 0xfa, 0xed, 0xfa, 0xed, 0xfa,
    0xed, 0xfa, 0xed, 0xfa, 0xed, 0xfa, 0xcd, 0xf2, 0x66, 0x69, 0x04, 0x41, 0xa7, 0x81, 0xc8, 0x91,
    0x6b, 0xd2, 0xed, 0xfa, 0xed, 0xfa, 0xed, 0xfa, 0xed, 0xfa, 0xed, 0xfa, 0xed, 0xfa, 0xed, 0xfa,
    0xed, 0xfa, 0xed, 0xfa, 0xed, 0xfa, 0xed, 0xfa, 0x4a, 0xc2, 0x62, 0x08, 0x62, 0x08, 0x62, 0x08,
    0x62, 0x08, 0x62, 0x08, 0x62, 0x08, 0x62, 0x08, 0x62, 0x08, 0x62, 0x08, 0x04, 0x41, 0xed, 0xfa,
    0xed, 0xfa, 0xed, 0xfa, 0xed, 0xfa, 0xed, 0xfa, 0xed, 0xfa, 0x87, 0x71, 0x62, 0x08, 0x62, 0x08,
    0x62, 0x08, 0x62, 0x08, 0x62, 0x08, 0x62, 0x08, 0x62, 0x08, 0x62, 0x08, 0x62, 0x08, 0x62, 0x08,
    0x62, 0x08, 0x62, 0x08, 0x62, 0x08, 0x62, 0x08, 0x62, 0x08, 0x62, 0x08, 0x62, 0x08, 0x62, 0x08,
    0x62, 0x08, 0x62, 0x08, 0xa7, 0x81, 0xed, 0xfa, 0xed, 0xfa, 0xed, 0xfa, 0xed, 0xfa, 0xed, 0xfa,
    0xed, 0xfa, 0x62, 0x08, 0x62, 0x08, 0x62, 0x08, 0x62, 0x08, 0x62, 0x08, 0x62, 0x08, 0x62, 0x08,
    0x62, 0x08, 0x62, 0x08, 0xe4, 0x30, 0xed, 0xfa, 0xed, 0xfa, 0xed, 0xfa, 0xed, 0xfa, 0xed, 0xfa,
    0xed, 0xfa, 0xed, 0xfa, 0xed, 0xfa, 0xed, 0xfa, 0xed, 0xfa, 0xed, 0xfa, 0xed, 0xfa, 0xed, 0xfa,
    0xed, 0xfa, 0xed, 0xfa, 0xed, 0xfa, 0xed, 0xfa, 0xcc, 0xea, 0xe4, 0x30, 0x62, 0x08, 0x62, 0x08,
    0x62, 0x08, 0x82, 0x18, 0x46, 0x61, 0x8c, 0xe2, 0xed, 0xfa, 0xed, 0xfa, 0xed, 0xfa, 0xed, 0xfa,
    0xed, 0xfa, 0xed, 0xfa, 0xed, 0xfa, 0xed, 0xfa, 0xed, 0xfa, 0xe4, 0x30, 0x62, 0x08, 0x62, 0x08,
    0x62, 0x08, 0x62, 0x08, 0x62, 0x08, 0x62, 0x08, 0x62, 0x08, 0x62, 0x08, 0x62, 0x08, 0xed, 0xfa,
    0xed, 0xfa, 0xed, 0xfa, 0xed, 0xfa, 0xed, 0xfa, 0xed, 0xfa, 0xa7, 0x81, 0x62, 0x08, 0x62, 0x08,
    0x62, 0x08, 0x62, 0x08, 0x62, 0x08, 0x62, 0x08, 0x62, 0x08, 0x62, 0x08, 0x62, 0x08, 0x62, 0x08,
    0x62, 0x08, 0x62, 0x08, 0x62, 0x08, 0x62, 0x08, 0x62, 0x08, 0x62, 0x08, 0x62, 0x08, 0x62, 0x08,
    0x62, 0x08, 0x62, 0x08, 0xc8, 0x91, 0xed, 0xfa, 0xed, 0xfa, 0xed, 0xfa, 0xed, 0xfa, 0xed, 0xfa,
    0xed, 0xfa, 0x62, 0x08, 0x62, 0x08, 0x62, 0x08, 0x62, 0x08, 0x62, 0x08, 0x62, 0x08, 0x62, 0x08,
    0x62, 0x08, 0x62, 0x08, 0x04, 0x41, 0xed, 0xfa, 0xed, 0xfa, 0xed, 0xfa, 0xed, 0xfa, 0xed, 0xfa,
    0xed, 0xfa, 0xed, 0xfa, 0x8c, 0xe2, 0x46, 0x61, 0xe4, 0x30, 0xcc, 0xf2, 0xed, 0xfa, 0xed, 0xfa,
    0xed, 0xfa, 0xed, 0xfa, 0xed, 0xfa, 0xed, 0xfa, 0xed, 0xfa, 0xcc, 0xea, 0xe4, 0x30, 0x62, 0x08,
    0x62, 0x08, 0x62, 0x08, 0x62, 0x08, 0x62, 0x08, 0x46, 0x61, 0x8c, 0xe2, 0xed, 0xfa, 0xed, 0xfa,
    0xed, 0xfa, 0xed, 0xfa, 0xed, 0xfa, 0xed, 0xfa, 0xed, 0xfa, 0x04, 0x41, 0x62, 0x08, 0x62, 0x08,
    0x62, 0x08, 0x62, 0x08, 0x62, 0x08, 0x62, 0x08, 0x62, 0x08, 0x62, 0x08, 0x62, 0x08, 0xed, 0xfa,
    0xed, 0xfa, 0xed, 0xfa, 0xed, 0xfa, 0xed, 0xfa, 0xed, 0xfa, 0xa7, 0x81, 0x62, 0x08, 0x62, 0x08,
    0x62, 0x08, 0x62, 0x08, 0x62, 0x08, 0x62, 0x08, 0x62, 0x08, 0x62, 0x08, 0x62, 0x08, 0x62, 0x08,
    0x62, 0x08, 0x62, 0x08, 0x62, 0x08, 0x62, 0x08, 0x62, 0x08, 0x62, 0x08, 0x62, 0x08, 0x62, 0x08,
    0x62, 0x08, 0x62, 0x08, 0x4a, 0xc2, 0xed, 0xfa, 0xed, 0xfa, 0xed, 0xfa, 0xed, 0xfa, 0xed, 0xfa,
    0xcc, 0xf2, 0x62, 0x08, 0x62, 0x08, 0x62, 0x08, 0x62, 0x08, 0x62, 0x08, 0x62, 0x08, 0x62, 0x08,
    0x62, 0x08, 0x62, 0x08, 0xa3, 0x20, 0xed, 0xfa, 0xed, 0xfa, 0xed, 0xfa, 0xed, 0xfa, 0xed, 0xfa,
    0xed, 0xfa, 0x2a, 0xb2, 0x82, 0x18, 0x62, 0x08, 0x62, 0x08, 0xe4, 0x30, 0xcc, 0xf2, 0xed, 0xfa,
    0xed, 0xfa, 0xed, 0xfa, 0xed, 0xfa, 0xed, 0xfa, 0xed, 0xfa, 0xed, 0xfa, 0xcc, 0xea, 0xe4, 0x30,
    0x62, 0x08, 0x62, 0x08, 0x62, 0x08, 0x62, 0x08, 0x62, 0x08, 0x82, 0x18, 0x2a, 0xb2, 0xed, 0xfa,
    0xed, 0xfa, 0xed, 0xfa, 0xed, 0xfa, 0xed, 0xfa, 0xed, 0xfa, 0xa3, 0x20, 0x62, 0x08, 0x62, 0x08,
    0x62, 0x08, 0x62, 0x08, 0x62, 0x08, 0x62, 0x08, 0x62, 0x08, 0x62, 0x08, 0x62, 0x08, 0xcc, 0xf2,
    0xed, 0xfa, 0xed, 0xfa, 0xed, 0xfa, 0xed, 0xfa, 0xed, 0xfa, 0x4a, 0xc2, 0x62, 0x08, 0x62, 0x08,
    0x62, 0x08, 0x62, 0x08, 0x62, 0x08, 0x62, 0x08, 0x62, 0x08, 0x62, 0x08, 0x62, 0x08, 0x62, 0x08,
    0x62, 0x08, 0x62, 0x08, 0x62, 0x08, 0x62, 0x08, 0x62, 0x08, 0x62, 0x08, 0x62, 0x08, 0x62, 0x08,
    0x62, 0x08, 0x62, 0x08, 0x4a, 0xc2, 0xed, 0xfa, 0xed, 0xfa, 0xed, 0xfa, 0xed, 0xfa, 0xed, 0xfa,
    0x4a, 0xc2, 0x62, 0x08, 0x62, 0x08, 0x62, 0x08, 0x62, 0x08, 0x62, 0x08, 0x62, 0x08, 0x62, 0x08,
    0x62, 0x08, 0x62, 0x08, 0x62, 0x08, 0x46, 0x61, 0xed, 0xfa, 0xed, 0xfa, 0xed, 0xfa, 0xed, 0xfa,
    0x87, 0x71, 0x62, 0x08, 0x62, 0x08, 0x62, 0x08, 0x62, 0x08, 0x62, 0x08, 0xe4, 0x30, 0xcc, 0xf2,
    0xed, 0xfa, 0xed, 0xfa, 0xed, 0xfa, 0xed, 0xfa, 0xed, 0xfa, 0xed, 0xfa, 0xed, 0xfa, 0xcc, 0xea,
    0xe4, 0x30, 0x62, 0x08, 0x62, 0x08, 0x62, 0x08, 0x62, 0x08, 0x62, 0x08, 0x62, 0x08, 0x87, 0x71,
    0xed, 0xfa, 0xed, 0xfa, 0xed, 0xfa, 0xed, 0xfa, 0x46, 0x61, 0x62, 0x08, 0x62, 0x08, 0x62, 0x08,
    0x62, 0x08, 0x62, 0x08, 0x62, 0x08, 0x62, 0x08, 0x62, 0x08, 0x62, 0x08, 0x62, 0x08, 0x4a, 0xc2,
    0xed, 0xfa, 0xed, 0xfa, 0xed, 0xfa, 0xed, 0xfa, 0xed, 0xfa, 0x4a, 0xc2, 0x62, 0x08, 0x62, 0x08,
    0x62, 0x08, 0x62, 0x08, 0x62, 0x08, 0x62, 0x08, 0x62, 0x08, 0x62, 0x08, 0x62, 0x08, 0x62, 0x08,
    0x62, 0x08, 0x62, 0x08, 0x62, 0x08, 0x62, 0x08, 0x62, 0x08, 0x62, 0x08, 0x62, 0x08, 0x62, 0x08,
    0x62, 0x08, 0x62, 0x08, 0x4a, 0xc2, 0xed, 0xfa, 0xed, 0xfa, 0xed, 0xfa, 0xed, 0xfa, 0xed, 0xfa,
    0x4a, 0xc2, 0x62, 0x08, 0x62, 0x08, 0x62, 0x08, 0x62, 0x08, 0x62, 0x08, 0x62, 0x08, 0x62, 0x08,
    0x62, 0x08, 0x62, 0x08, 0x62, 0x08, 0x62, 0x08, 0x04, 0x41, 0xa7, 0x81, 0xa7, 0x81, 0xe4, 0x30,
    0x62, 0x08, 0x62, 0x08, 0x62, 0x08, 0x62, 0x08, 0x62, 0x08, 0x62, 0x08, 0x62, 0x08, 0xe4, 0x30,
    0xcc, 0xf2, 0xed, 0xfa, 0xed, 0xfa, 0xed, 0xfa, 0xed, 0xfa, 0xed, 0xfa, 0xed, 0xfa, 0xed, 0xfa,
    0xcc, 0xea, 0xe4, 0x30, 0x62, 0x08, 0x62, 0x08, 0x62, 0x08, 0x62, 0x08, 0x62, 0x08, 0x62, 0x08,
    0xe4, 0x30, 0xa7, 0x81, 0xa7, 0x81, 0x04, 0x41, 0x62, 0x08, 0x62, 0x08, 0x62, 0x08, 0x62, 0x08,
    0x62, 0x08, 0x62, 0x08, 0x62, 0x08, 0x62, 0x08, 0x62, 0x08, 0x62, 0x08, 0x62, 0x08, 0x4a, 0xc2,
    0xed, 0xfa, 0xed, 0xfa, 0xed, 0xfa, 0xed, 0xfa, 0xed, 0xfa, 0x4a, 0xc2, 0x62, 0x08, 0x62, 0x08,
    0x62, 0x08, 0x62, 0x08, 0x62, 0x08, 0x62, 0x08, 0x62, 0x08, 0x62, 0x08, 0x62, 0x08, 0x62, 0x08,
    0x62, 0x08, 0x62, 0x08, 0x62, 0x08, 0x62, 0x08, 0x62, 0x08, 0x62, 0x08, 0x62, 0x08, 0x62, 0x08,
    0x62, 0x08, 0x62, 0x08, 0x4a, 0xc2, 0xed, 0xfa, 0xed, 0xfa, 0xed, 0xfa, 0xed, 0xfa, 0xed, 0xfa,
    0xcc, 0xea, 0x62, 0x08, 0x62, 0x08, 0x62, 0x08, 0x62, 0x08, 0x62, 0x08, 0x62, 0x08, 0x62, 0x08,
    0x62, 0x08, 0x62, 0x08, 0x62, 0x08, 0x62, 0x08, 0x62, 0x08, 0x62, 0x08, 0x62, 0x08, 0x62, 0x08,
    0x62, 0x08, 0x62, 0x08, 0x62, 0x08, 0x62, 0x08, 0x62, 0x08, 0x62, 0x08, 0x04, 0x41, 0xe9, 0xa1,
    0xac, 0xe2, 0xed, 0xfa, 0xed, 0xfa, 0xed, 0xfa, 0xed, 0xfa, 0xed, 0xfa, 0xed, 0xfa, 0xed, 0xfa,
    0xed, 0xfa, 0xcd, 0xf2, 0xe4, 0x30, 0x62, 0x08, 0x62, 0x08, 0x62, 0x08, 0x62, 0x08, 0x62, 0x08,
    0x62, 0x08, 0x62, 0x08, 0x62, 0x08, 0x62, 0x08, 0x62, 0x08, 0x62, 0x08, 0x62, 0x08, 0x62, 0x08,
    0x62, 0x08, 0x62, 0x08, 0x62, 0x08, 0x62, 0x08, 0x62, 0x08, 0x62, 0x08, 0x62, 0x08, 0xcc, 0xea,
    0xed, 0xfa, 0xed, 0xfa, 0xed, 0xfa, 0xed, 0xfa, 0xed, 0xfa, 0x4a, 0xc2, 0x62, 0x08, 0x62, 0x08,
    0x62, 0x08, 0x62, 0x08, 0x62, 0x08, 0x62, 0x08, 0x62, 0x08, 0x62, 0x08, 0x62, 0x08, 0x62, 0x08,
    0x62, 0x08, 0x62, 0x08, 0x62, 0x08, 0x62, 0x08, 0x62, 0x08, 0x62, 0x08, 0x62, 0x08, 0x62, 0x08,
    0x62, 0x08, 0x62, 0x08, 0xc8, 0x91, 0xed, 0xfa, 0xed, 0xfa, 0xed, 0xfa, 0xed, 0xfa, 0xed, 0xfa,
    0xed, 0xfa, 0x62, 0x08, 0x62, 0x08, 0x62, 0x08, 0x62, 0x08, 0x62, 0x08, 0x62, 0x08, 0x62, 0x08,
    0x62, 0x08, 0x62, 0x08, 0x62, 0x08, 0x62, 0x08, 0x62, 0x08, 0x62, 0x08, 0x62, 0x08, 0x62, 0x08,
    0x62, 0x08, 0x62, 0x08, 0x62, 0x08, 0x62, 0x08, 0x04, 0x41, 0x6b, 0xd2, 0xed, 0xfa, 0xed, 0xfa,
    0xed, 0xfa, 0xed, 0xfa, 0xed, 0xfa, 0xed, 0xfa, 0xed, 0xfa, 0xed, 0xfa, 0xed, 0xfa, 0xed, 0xfa,
    0xed, 0xfa, 0xed, 0xfa, 0xed, 0xfa, 0x66, 0x69, 0x62, 0x08, 0x62, 0x08, 0x62, 0x08, 0x62, 0x08,
    0x62, 0x08, 0x62, 0x08, 0x62, 0x08, 0x62, 0x08, 0x62, 0x08, 0x62, 0x08, 0x62, 0x08, 0x62, 0x08,
    0x62, 0x08, 0x62, 0x08, 0x62, 0x08, 0x62, 0x08, 0x62, 0x08, 0x62, 0x08, 0x62, 0x08, 0xed, 0xfa,
    0xed, 0xfa, 0xed, 0xfa, 0xed, 0xfa, 0xed, 0xfa, 0xed, 0xfa, 0xa7, 0x81, 0x62, 0x08, 0x62, 0x08,
    0x62, 0x08, 0x62, 0x08, 0x62, 0x08, 0x62, 0x08, 0x62, 0x08, 0x62, 0x08, 0x62, 0x08, 0x62, 0x08,
    0x62, 0x08, 0x62, 0x08, 0x62, 0x08, 0x62, 0x08, 0x62, 0x08, 0x62, 0x08, 0x62, 0x08, 0x62, 0x08,
    0x62, 0x08, 0x62, 0x08, 0xa7, 0x81, 0xed, 0xfa, 0xed, 0xfa, 0xed, 0xfa, 0xed, 0xfa, 0xed, 0xfa,
    0xed, 0xfa, 0x62, 0x08, 0x62, 0x08, 0x62, 0x08, 0x62, 0x08, 0x62, 0x08, 0x62, 0x08, 0x62, 0x08,
    0x62, 0x08, 0x62, 0x08, 0x62, 0x08, 0x62, 0x08, 0x62, 0x08, 0x62, 0x08, 0x62, 0x08, 0x62, 0x08,
    0x62, 0x08, 0x62, 0x08, 0x62, 0x08, 0xc8, 0x91, 0xed, 0xfa, 0xed, 0xfa, 0xed, 0xfa, 0xed, 0xfa,
    0xed, 0xfa, 0xed, 0xfa, 0xed, 0xfa, 0xed, 0xfa, 0xed, 0xfa, 0xed, 0xfa, 0xed, 0xfa, 0xed, 0xfa,
    0xed, 0xfa, 0xed, 0xfa, 0xed, 0xfa, 0xed, 0xfa, 0x09, 0xa2, 0x62, 0x08, 0x62, 0x08, 0x62, 0x08,
    0x62, 0x08, 0x62, 0x08, 0x62, 0x08, 0x62, 0x08, 0x62, 0x08, 0x62, 0x08, 0x62, 0x08, 0x62, 0x08,
    0x62, 0x08, 0x62, 0x08, 0x62, 0x08, 0x62, 0x08, 0x62, 0x08, 0x62, 0x08, 0x62, 0x08, 0xed, 0xfa,
    0xed, 0xfa, 0xed, 0xfa, 0xed, 0xfa, 0xed, 0xfa, 0xed, 0xfa, 0xa7, 0x81, 0x62, 0x08, 0x62, 0x08,
    0x62, 0x08, 0x62, 0x08, 0x62, 0x08, 0x62, 0x08, 0x62, 0x08, 0x62, 0x08, 0x62, 0x08, 0x62, 0x08,
    0x62, 0x08, 0x62, 0x08, 0x62, 0x08, 0x62, 0x08, 0x62, 0x08, 0x62, 0x08, 0x62, 0x08, 0x62, 0x08,
    0x62, 0x08, 0x62, 0x08, 0xa7, 0x81, 0xed, 0xfa, 0xed, 0xfa, 0xed, 0xfa, 0xed, 0xfa, 0xed, 0xfa,
    0xed, 0xfa, 0x04, 0x41, 0x62, 0x08, 0x62, 0x08, 0x62, 0x08, 0x62, 0x08, 0x62, 0x08, 0x62, 0x08,
    0x62, 0x08, 0x62, 0x08, 0x62, 0x08, 0x62, 0x08, 0x62, 0x08, 0x62, 0x08, 0x62, 0x08, 0x62, 0x08,
    0x62, 0x08, 0x62, 0x08, 0xc8, 0x91, 0xed, 0xfa, 0xed, 0xfa, 0xed, 0xfa, 0xed, 0xfa, 0xed, 0xfa,
    0xed, 0xfa, 0xed, 0xfa, 0xed, 0xfa, 0xed, 0xfa, 0xed, 0xfa, 0xed, 0xfa, 0xed, 0xfa, 0xed, 0xfa,
    0xed, 0xfa, 0xed, 0xfa, 0xed, 0xfa, 0xed, 0xfa, 0xed, 0xfa, 0x09, 0xaa, 0x62, 0x08, 0x62, 0x08,
    0x62, 0x08, 0x62, 0x08, 0x62, 0x08, 0x62, 0x08, 0x62, 0x08, 0x62, 0x08, 0x62, 0x08, 0x62, 0x08,
    0x62, 0x08, 0x62, 0x08, 0x62, 0x08, 0x62, 0x08, 0x62, 0x08, 0x62, 0x08, 0x04, 0x41, 0xed, 0xfa,
    0xed, 0xfa, 0xed, 0xfa, 0xed, 0xfa, 0xed, 0xfa, 0xed, 0xfa, 0x87, 0x71, 0x62, 0x08, 0x62, 0x08,
    0x62, 0x08, 0x62, 0x08, 0x62, 0x08, 0x62, 0x08, 0x62, 0x08, 0x62, 0x08, 0x62, 0x08, 0x62, 0x08,
    0x62, 0x08, 0x62, 0x08, 0x62, 0x08, 0x62, 0x08, 0x62, 0x08, 0x62, 0x08, 0x62, 0x08, 0x62, 0x08,
    0x62, 0x08, 0x62, 0x08, 0x04, 0x41, 0xed, 0xfa, 0xed, 0xfa, 0xed, 0xfa, 0xed, 0xfa, 0xed, 0xfa,
    0xed, 0xfa, 0x25, 0x51, 0x62, 0x08, 0x62, 0x08, 0x62, 0x08, 0x62, 0x08, 0x62, 0x08, 0x62, 0x08,
    0x62, 0x08, 0x62, 0x08, 0x62, 0x08, 0x62, 0x08, 0x62, 0x08, 0x62, 0x08, 0x62, 0x08, 0x62, 0x08,
    0x62, 0x08, 0x82, 0x18, 0xed, 0xfa, 0xed, 0xfa, 0xed, 0xfa, 0xed, 0xfa, 0xed, 0xfa, 0xed, 0xfa,
    0xed, 0xfa, 0xed, 0xfa, 0xed, 0xfa, 0xed, 0xfa, 0xed, 0xfa, 0xed, 0xfa, 0xed, 0xfa, 0xed, 0xfa,
    0xed, 0xfa, 0xed, 0xfa, 0xed, 0xfa, 0xed, 0xfa, 0xed, 0xfa, 0xed, 0xfa, 0x04, 0x41, 0x62, 0x08,
    0x62, 0x08, 0x62, 0x08, 0x62, 0x08, 0x62, 0x08, 0x62, 0x08, 0x62, 0x08, 0x62, 0x08, 0x62, 0x08,
    0x62, 0x08, 0x62, 0x08, 0x62, 0x08, 0x62, 0x08, 0x62, 0x08, 0x62, 0x08, 0x25, 0x51, 0xed, 0xfa,
    0xed, 0xfa, 0xed, 0xfa, 0xed, 0xfa, 0xed, 0xfa, 0xed, 0xfa, 0x04, 0x41, 0x62, 0x08, 0x62, 0x08,
    0x62, 0x08, 0x62, 0x08, 0x62, 0x08, 0x62, 0x08, 0x62, 0x08, 0x62, 0x08, 0x62, 0x08, 0x62, 0x08,
    0x62, 0x08, 0x62, 0x08, 0x62, 0x08, 0x62, 0x08, 0x62, 0x08, 0x62, 0x08, 0x62, 0x08, 0x62, 0x08,
    0x62, 0x08, 0x62, 0x08, 0x04, 0x41, 0xed, 0xfa, 0xed, 0xfa, 0xed, 0xfa, 0xed, 0xfa, 0xed, 0xfa,
    0xed, 0xfa, 0xc8, 0x91, 0x62, 0x08, 0x62, 0x08, 0x62, 0x08, 0x62, 0x08, 0x62, 0x08, 0x62, 0x08,
    0x62, 0x08, 0x62, 0x08, 0x62, 0x08, 0x62, 0x08, 0x62, 0x08, 0x62, 0x08, 0x62, 0x08, 0x62, 0x08,
    0x62, 0x08, 0xa3, 0x20, 0xed, 0xfa, 0xed, 0xfa, 0xed, 0xfa, 0xed, 0xfa, 0xed, 0xfa, 0xed, 0xfa,
    0xed, 0xfa, 0xed, 0xfa, 0xed, 0xfa, 0xed, 0xfa, 0xed, 0xfa, 0xed, 0xfa, 0xed, 0xfa, 0xed, 0xfa,
    0xed, 0xfa, 0xed, 0xfa, 0xed, 0xfa, 0xed, 0xfa, 0xed, 0xfa, 0xed, 0xfa, 0xcc, 0xf2, 0xe4, 0x30,
    0x62, 0x08, 0x62, 0x08, 0x62, 0x08, 0x62, 0x08, 0x62, 0x08, 0x62, 0x08, 0x62, 0x08, 0x62, 0x08,
    0x62, 0x08, 0x62, 0x08, 0x62, 0x08, 0x62, 0x08, 0x62, 0x08, 0x62, 0x08, 0xc8, 0x91, 0xed, 0xfa,
    0xed, 0xfa, 0xed, 0xfa, 0xed, 0xfa, 0xed, 0xfa, 0xed, 0xfa, 0x04, 0x41, 0x62, 0x08, 0x62, 0x08,
    0x62, 0x08, 0x62, 0x08, 0x62, 0x08, 0x62, 0x08, 0x62, 0x08, 0x62, 0x08, 0x62, 0x08, 0x62, 0x08,
    0x62, 0x08, 0x62, 0x08, 0x62, 0x08, 0x62, 0x08, 0x62, 0x08, 0x62, 0x08, 0x62, 0x08, 0x62, 0x08,
    0x62, 0x08, 0x62, 0x08, 0x62, 0x08, 0xcc, 0xf2, 0xed, 0xfa, 0xed, 0xfa, 0xed, 0xfa, 0xed, 0xfa,
    0xed, 0xfa, 0x8c, 0xe2, 0x62, 0x08, 0x62, 0x08, 0x62, 0x08, 0x62, 0x08, 0x62, 0x08, 0x62, 0x08,
    0x62, 0x08, 0x62, 0x08, 0x62, 0x08, 0x62, 0x08, 0x62, 0x08, 0x62, 0x08, 0x62, 0x08, 0x62, 0x08,
    0x62, 0x08, 0x62, 0x08, 0x8c, 0xe2, 0xed, 0xfa, 0xed, 0xfa, 0xed, 0xfa, 0xed, 0xfa, 0xed, 0xfa,
    0xed, 0xfa, 0x2a, 0xb2, 0xa7, 0x81, 0x87, 0x71, 0x87, 0x71, 0xa7, 0x81, 0x4a, 0xc2, 0xed, 0xfa,
    0xed, 0xfa, 0xed, 0xfa, 0xed, 0xfa, 0xed, 0xfa, 0xed, 0xfa, 0xed, 0xfa, 0xed, 0xfa, 0xcc, 0xea,
    0xe4, 0x30, 0x62, 0x08, 0x62, 0x08, 0x62, 0x08, 0x62, 0x08, 0x62, 0x08, 0x62, 0x08, 0x62, 0x08,
    0x62, 0x08, 0x62, 0x08, 0x62, 0x08, 0x62, 0x08, 0x62, 0x08, 0x62, 0x08, 0x8c, 0xe2, 0xed, 0xfa,
    0xed, 0xfa, 0xed, 0xfa, 0xed, 0xfa, 0xed, 0xfa, 0xcc, 0xf2, 0x62, 0x08, 0x62, 0x08, 0x62, 0x08,
    0x62, 0x08, 0x62, 0x08, 0x62, 0x08, 0x62, 0x08, 0x62, 0x08, 0x62, 0x08, 0x62, 0x08, 0x62, 0x08,
    0x62, 0x08, 0x62, 0x08, 0x62, 0x08, 0x62, 0x08, 0x62, 0x08, 0x62, 0x08, 0x62, 0x08, 0x62, 0x08,
    0x62, 0x08, 0x62, 0x08, 0x62, 0x08, 0x2a, 0xb2, 0xed, 0xfa, 0xed, 0xfa, 0xed, 0xfa, 0xed, 0xfa,
    0xed, 0xfa, 0xed, 0xfa, 0xe4, 0x30, 0x62, 0x08, 0x62, 0x08, 0x62, 0x08, 0x62, 0x08, 0x62, 0x08,
    0x62, 0x08, 0x62, 0x08, 0x62, 0x08, 0x62, 0x08, 0x62, 0x08, 0x62, 0x08, 0x62, 0x08, 0x62, 0x08,
    0x62, 0x08, 0x62, 0x08, 0x25, 0x51, 0xcc, 0xf2, 0xed, 0xfa, 0xed, 0xfa, 0xed, 0xfa, 0xe9, 0xa1,
    0xa3, 0x20, 0x62, 0x08, 0x62, 0x08, 0x62, 0x08, 0x62, 0x08, 0x62, 0x08, 0x62, 0x08, 0x25, 0x51,
    0xcd, 0xfa, 0xed, 0xfa, 0xed, 0xfa, 0xed, 0xfa, 0xed, 0xfa, 0xed, 0xfa, 0xed, 0xfa, 0xed, 0xfa,
    0xcc, 0xea, 0xe4, 0x30, 0x62, 0x08, 0x62, 0x08, 0x62, 0x08, 0x62, 0x08, 0x62, 0x08, 0x62, 0x08,
    0x62, 0x08, 0x62, 0x08, 0x62, 0x08, 0x62, 0x08, 0x62, 0x08, 0xe4, 0x30, 0xed, 0xfa, 0xed, 0xfa,
    0xed, 0xfa, 0xed, 0xfa, 0xed, 0xfa, 0xed, 0xfa, 0x2a, 0xb2, 0x62, 0x08, 0x62, 0x08, 0x62, 0x08,
    0x62, 0x08, 0x62, 0x08, 0x62, 0x08, 0x62, 0x08, 0x62, 0x08, 0x62, 0x08, 0x62, 0x08, 0x62, 0x08,
    0x62, 0x08, 0x62, 0x08, 0x62, 0x08, 0x62, 0x08, 0x62, 0x08, 0x62, 0x08, 0x62, 0x08, 0x62, 0x08,
    0x62, 0x08, 0x62, 0x08, 0x62, 0x08, 0x46, 0x61, 0xed, 0xfa, 0xed, 0xfa, 0xed, 0xfa, 0xed, 0xfa,
    0xed, 0xfa, 0xed, 0xfa, 0x87, 0x71, 0x62, 0x08, 0x62, 0x08, 0x62, 0x08, 0x62, 0x08, 0x62, 0x08,
    0x62, 0x08, 0x62, 0x08, 0x62, 0x08, 0x62, 0x08, 0x62, 0x08, 0x62, 0x08, 0x62, 0x08, 0x62, 0x08,
    0x62, 0x08, 0x62, 0x08, 0x62, 0x08, 0xa3, 0x20, 0x87, 0x71, 0xa7, 0x81, 0x04, 0x41, 0x62, 0x08,
    0x62, 0x08, 0x62, 0x08, 0x62, 0x08, 0x62, 0x08, 0x62, 0x08, 0x62, 0x08, 0x62, 0x08, 0x62, 0x08,
    0xe4, 0x30, 0xcd, 0xf2, 0xed, 0xfa, 0xed, 0xfa, 0xed, 0xfa, 0xed, 0xfa, 0xed, 0xfa, 0xed, 0xfa,
    0xed, 0xfa, 0xcc, 0xea, 0xe4, 0x30, 0x62, 0x08, 0x62, 0x08, 0x62, 0x08, 0x62, 0x08, 0x62, 0x08,
    0x62, 0x08, 0x62, 0x08, 0x62, 0x08, 0x62, 0x08, 0x62, 0x08, 0x87, 0x71, 0xed, 0xfa, 0xed, 0xfa,
    0xed, 0xfa, 0xed, 0xfa, 0xed, 0xfa, 0xed, 0xfa, 0x46, 0x61, 0x62, 0x08, 0x62, 0x08, 0x62, 0x08,
    0x62, 0x08, 0x62, 0x08, 0x62, 0x08, 0x62, 0x08, 0x62, 0x08, 0x62, 0x08, 0x62, 0x08, 0x62, 0x08,
    0x62, 0x08, 0x62, 0x08, 0x62, 0x08, 0x62, 0x08, 0x62, 0x08, 0x62, 0x08, 0x62, 0x08, 0x62, 0x08,
    0x62, 0x08, 0x62, 0x08, 0x62, 0x08, 0xa3, 0x20, 0xed, 0xfa, 0xed, 0xfa, 0xed, 0xfa, 0xed, 0xfa,
    0xed, 0xfa, 0xed, 0xfa, 0x6b, 0xd2, 0x62, 0x08, 0x62, 0x08, 0x62, 0x08, 0x62, 0x08, 0x62, 0x08,
    0x62, 0x08, 0x62, 0x08, 0x62, 0x08, 0x62, 0x08, 0x62, 0x08, 0x62, 0x08, 0x62, 0x08, 0x62, 0x08,
    0x62, 0x08, 0x62, 0x08, 0x62, 0x08, 0x62, 0x08, 0x62, 0x08, 0x62, 0x08, 0x62, 0x08, 0x62, 0x08,
    0x62, 0x08, 0x62, 0x08, 0x62, 0x08, 0x62, 0x08, 0x62, 0x08, 0x62, 0x08, 0x62, 0x08, 0x62, 0x08,
    0x62, 0x08, 0xe4, 0x30, 0xcc, 0xf2, 0xed, 0xfa, 0xed, 0xfa, 0xed, 0xfa, 0xed, 0xfa, 0xed, 0xfa,
    0xed, 0xfa, 0xed, 0xfa, 0xcc, 0xea, 0xe4, 0x30, 0x62, 0x08, 0x62, 0x08, 0x62, 0x08, 0x62, 0x08,
    0x62, 0x08, 0x62, 0x08, 0x62, 0x08, 0x62, 0x08, 0x62, 0x08, 0x6b, 0xd2, 0xed, 0xfa, 0xed, 0xfa,
    0xed, 0xfa, 0xed, 0xfa, 0xed, 0xfa, 0xed, 0xfa, 0x82, 0x18, 0x62, 0x08, 0x62, 0x08, 0x62, 0x08,
    0x62, 0x08, 0x62, 0x08, 0x62, 0x08, 0x62, 0x08, 0x62, 0x08, 0x62, 0x08, 0x62, 0x08, 0x62, 0x08,
    0x62, 0x08, 0x62, 0x08, 0x62, 0x08, 0x62, 0x08, 0x62, 0x08, 0x62, 0x08, 0x62, 0x08, 0x62, 0x08,
    0x62, 0x08, 0x62, 0x08, 0x62, 0x08, 0x62, 0x08, 0x6b, 0xd2, 0xed, 0xfa, 0xed, 0xfa, 0xed, 0xfa,
    0xed, 0xfa, 0xed, 0xfa, 0xed, 0xfa, 0x25, 0x51, 0x62, 0x08, 0x62, 0x08, 0x62, 0x08, 0x62, 0x08,
    0x62, 0x08, 0x62, 0x08, 0x62, 0x08, 0x62, 0x08, 0x62, 0x08, 0x62, 0x08, 0x62, 0x08, 0x62, 0x08,
    0x62, 0x08, 0x62, 0x08, 0x62, 0x08, 0x62, 0x08, 0x62, 0x08, 0x62, 0x08, 0x62, 0x08, 0x62, 0x08,
    0x62, 0x08, 0x62, 0x08, 0x62, 0x08, 0x62, 0x08, 0x62, 0x08, 0x62, 0x08, 0x62, 0x08, 0x62, 0x08,
    0x62, 0x08, 0x62, 0x08, 0xe4, 0x30, 0xcc, 0xf2, 0xed, 0xfa, 0xed, 0xfa, 0xed, 0xfa, 0xed, 0xfa,
    0xed, 0xfa, 0xed, 0xfa, 0xed, 0xfa, 0xcc, 0xea, 0xe4, 0x30, 0x62, 0x08, 0x62, 0x08, 0x62, 0x08,
    0x62, 0x08, 0x62, 0x08, 0x62, 0x08, 0x62, 0x08, 0x46, 0x61, 0xed, 0xfa, 0xed, 0xfa, 0xed, 0xfa,
    0xed, 0xfa, 0xed, 0xfa, 0xed, 0xfa, 0x6b, 0xd2, 0x62, 0x08, 0x62, 0x08, 0x62, 0x08, 0x62, 0x08,
    0x62, 0x08, 0x62, 0x08, 0x62, 0x08, 0x62, 0x08, 0x62, 0x08, 0x62, 0x08, 0x62, 0x08, 0x62, 0x08,
    0x62, 0x08, 0x62, 0x08, 0x62, 0x08, 0x62, 0x08, 0x62, 0x08, 0x62, 0x08, 0x62, 0x08, 0x62, 0x08,
    0x62, 0x08, 0x62, 0x08, 0x62, 0x08, 0x62, 0x08, 0xa7, 0x81, 0xed, 0xfa, 0xed, 0xfa, 0xed, 0xfa,
    0xed, 0xfa, 0xed, 0xfa, 0xed, 0xfa, 0x8c, 0xe2, 0x62, 0x08, 0x62, 0x08, 0x62, 0x08, 0x62, 0x08,
    0x62, 0x08, 0x62, 0x08, 0x62, 0x08, 0x62, 0x08, 0x62, 0x08, 0x62, 0x08, 0x62, 0x08, 0x62, 0x08,
    0x62, 0x08, 0x62, 0x08, 0x62, 0x08, 0x62, 0x08, 0x62, 0x08, 0x62, 0x08, 0x62, 0x08, 0x62, 0x08,
    0x62, 0x08, 0x62, 0x08, 0x87, 0x71, 0xe9, 0xa1, 0xe9, 0xa1, 0x87, 0x71, 0x62, 0x08, 0x62, 0x08,
    0x62, 0x08, 0x62, 0x08, 0x62, 0x08, 0xe4, 0x30, 0xcc, 0xf2, 0xed, 0xfa, 0xed, 0xfa, 0xed, 0xfa,
    0xed, 0xfa, 0xed, 0xfa, 0xed, 0xfa, 0xed, 0xfa, 0xcc, 0xea, 0xe4, 0x30, 0x62, 0x08, 0x62, 0x08,
    0x62, 0x08, 0x62, 0x08, 0x62, 0x08, 0x62, 0x08, 0x8c, 0xe2, 0xed, 0xfa, 0xed, 0xfa, 0xed, 0xfa,
    0xed, 0xfa, 0xed, 0xfa, 0xed, 0xfa, 0x87, 0x71, 0x62, 0x08, 0x62, 0x08, 0x62, 0x08, 0x62, 0x08,
    0x62, 0x08, 0x62, 0x08, 0x62, 0x08, 0x62, 0x08, 0x62, 0x08, 0x62, 0x08, 0x62, 0x08, 0x62, 0x08,
    0x62, 0x08, 0x62, 0x08, 0x62, 0x08, 0x62, 0x08, 0x62, 0x08, 0x62, 0x08, 0x62, 0x08, 0x62, 0x08,
    0x62, 0x08, 0x62, 0x08, 0x62, 0x08, 0x62, 0x08, 0xa3, 0x20, 0xcc, 0xf2, 0xed, 0xfa, 0xed, 0xfa,
    0xed, 0xfa, 0xed, 0xfa, 0xed, 0xfa, 0xed, 0xfa, 0x46, 0x61, 0x62, 0x08, 0x62, 0x08, 0x62, 0x08,
    0x62, 0x08, 0x62, 0x08, 0x62, 0x08, 0x62, 0x08, 0x62, 0x08, 0x62, 0x08, 0x62, 0x08, 0x62, 0x08,
    0x62, 0x08, 0x62, 0x08, 0x62, 0x08, 0x62, 0x08, 0x62, 0x08, 0x62, 0x08, 0x62, 0x08, 0x62, 0x08,
    0x82, 0x18, 0x6b, 0xd2, 0xed, 0xfa, 0xed, 0xfa, 0xed, 0xfa, 0xed, 0xfa, 0x6b, 0xd2, 0x82, 0x18,
    0x62, 0x08, 0x62, 0x08, 0x62, 0x08, 0x62, 0x08, 0xe4, 0x30, 0xcc, 0xf2, 0xed, 0xfa, 0xed, 0xfa,
    0xed, 0xfa, 0xed, 0xfa, 0xed, 0xfa, 0xed, 0xfa, 0xed, 0xfa, 0xcc, 0xea, 0xe4, 0x30, 0x62, 0x08,
    0x62, 0x08, 0x62, 0x08, 0x62, 0x08, 0x46, 0x61, 0xed, 0xfa, 0xed, 0xfa, 0xed, 0xfa, 0xed, 0xfa,
    0xed, 0xfa, 0xed, 0xfa, 0xcc, 0xf2, 0xa3, 0x20, 0x62, 0x08, 0x62, 0x08, 0x62, 0x08, 0x62, 0x08,
    0x62, 0x08, 0x62, 0x08, 0x62, 0x08, 0x62, 0x08, 0x62, 0x08, 0x62, 0x08, 0x62, 0x08, 0x62, 0x08,
    0x62, 0x08, 0x62, 0x08, 0x62, 0x08, 0x62, 0x08, 0x62, 0x08, 0x62, 0x08, 0x62, 0x08, 0x62, 0x08,
    0x62, 0x08, 0x62, 0x08, 0x62, 0x08, 0x62, 0x08, 0x62, 0x08, 0xa7, 0x81, 0xed, 0xfa, 0xed, 0xfa,
    0xed, 0xfa, 0xed, 0xfa, 0xed, 0xfa, 0xed, 0xfa, 0x8c, 0xe2, 0x82, 0x18, 0x62, 0x08, 0x62, 0x08,
    0x62, 0x08, 0x62, 0x08, 0x62, 0x08, 0x62, 0x08, 0x62, 0x08, 0x62, 0x08, 0x62, 0x08, 0x62, 0x08,
    0x62, 0x08, 0x62, 0x08, 0x62, 0x08, 0x62, 0x08, 0x62, 0x08, 0x62, 0x08, 0x62, 0x08, 0x62, 0x08,
    0xe9, 0xa1, 0xed, 0xfa, 0xed, 0xfa, 0xed, 0xfa, 0xed, 0xfa, 0xed, 0xfa, 0xed, 0xfa, 0xe9, 0xa1,
    0x62, 0x08, 0x62, 0x08, 0x62, 0x08, 0x62, 0x08, 0x62, 0x08, 0xe4, 0x30, 0xcc, 0xf2, 0xed, 0xfa,
    0xed, 0xfa, 0xed, 0xfa, 0xed, 0xfa, 0xed, 0xfa, 0xed, 0xfa, 0xed, 0xfa, 0xcc, 0xea, 0xe4, 0x30,
    0x62, 0x08, 0x62, 0x08, 0x82, 0x18, 0xcc, 0xea, 0xed, 0xfa, 0xed, 0xfa, 0xed, 0xfa, 0xed, 0xfa,
    0xed, 0xfa, 0xed, 0xfa, 0xa7, 0x81, 0x62, 0x08, 0x62, 0x08, 0x62, 0x08, 0x62, 0x08, 0x62, 0x08,
    0x62, 0x08, 0x62, 0x08, 0x62, 0x08, 0x62, 0x08, 0x62, 0x08, 0x62, 0x08, 0x62, 0x08, 0x62, 0x08,
    0x62, 0x08, 0x62, 0x08, 0x62, 0x08, 0x62, 0x08, 0x62, 0x08, 0x62, 0x08, 0x62, 0x08, 0x62, 0x08,
    0x62, 0x08, 0x62, 0x08, 0x62, 0x08, 0x62, 0x08, 0x62, 0x08, 0x82, 0x18, 0xcc, 0xf2, 0xed, 0xfa,
    0xed, 0xfa, 0xed, 0xfa, 0xed, 0xfa, 0xed, 0xfa, 0xed, 0xfa, 0xe9, 0xa1, 0x62, 0x08, 0x62, 0x08,
    0x62, 0x08, 0x62, 0x08, 0x62, 0x08, 0x62, 0x08, 0x62, 0x08, 0x62, 0x08, 0x62, 0x08, 0x62, 0x08,
    0x62, 0x08, 0x62, 0x08, 0x62, 0x08, 0x62, 0x08, 0x62, 0x08, 0x62, 0x08, 0x62, 0x08, 0x62, 0x08,
    0xed, 0xfa, 0xed, 0xfa, 0xed, 0xfa, 0xed, 0xfa, 0xed, 0xfa, 0xed, 0xfa, 0xed, 0xfa, 0xed, 0xfa,
    0x62, 0x08, 0x62, 0x08, 0x62, 0x08, 0x62, 0x08, 0x62, 0x08, 0x62, 0x08, 0xe4, 0x30, 0xcc, 0xf2,
    0xed, 0xfa, 0xed, 0xfa, 0xed, 0xfa, 0xed, 0xfa, 0xed, 0xfa, 0xed, 0xfa, 0xed, 0xfa, 0xcc, 0xea,
    0xe4, 0x30, 0x62, 0x08, 0xe9, 0xa1, 0xed, 0xfa, 0xed, 0xfa, 0xed, 0xfa, 0xed, 0xfa, 0xed, 0xfa,
    0xed, 0xfa, 0xcc, 0xf2, 0x82, 0x18, 0x62, 0x08, 0x62, 0x08, 0x62, 0x08, 0x62, 0x08, 0x62, 0x08,
    0x62, 0x08, 0x62, 0x08, 0x62, 0x08, 0x62, 0x08, 0x62, 0x08, 0x62, 0x08, 0x62, 0x08, 0x62, 0x08,
    0x62, 0x08, 0x62, 0x08, 0x62, 0x08, 0x62, 0x08, 0x62, 0x08, 0x62, 0x08, 0x62, 0x08, 0x62, 0x08,
    0x62, 0x08, 0x62, 0x08, 0x62, 0x08, 0x62, 0x08, 0x62, 0x08, 0x62, 0x08, 0xa7, 0x81, 0xed, 0xfa,
    0xed, 0xfa, 0xed, 0xfa, 0xed, 0xfa, 0xed, 0xfa, 0xed, 0xfa, 0xed, 0xfa, 0x87, 0x71, 0x62, 0x08,
    0x62, 0x08, 0x62, 0x08, 0x62, 0x08, 0x62, 0x08, 0x62, 0x08, 0x62, 0x08, 0x62, 0x08, 0x62, 0x08,
    0x62, 0x08, 0x62, 0x08, 0x62, 0x08, 0x62, 0x08, 0x62, 0x08, 0x62, 0x08, 0x62, 0x08, 0xe4, 0x30,
    0xed, 0xfa, 0xed, 0xfa, 0xed, 0xfa, 0xed, 0xfa, 0xed, 0xfa, 0xed, 0xfa, 0xed, 0xfa, 0xed, 0xfa,
    0xa3, 0x20, 0x62, 0x08, 0x62, 0x08, 0x62, 0x08, 0x62, 0x08, 0x62, 0x08, 0x62, 0x08, 0xe4, 0x30,
    0xcc, 0xf2, 0xed, 0xfa, 0xed, 0xfa, 0xed, 0xfa, 0xed, 0xfa, 0xed, 0xfa, 0xed, 0xfa, 0xed, 0xfa,
    0xcc, 0xea, 0xc8, 0x89, 0xed, 0xfa, 0xed, 0xfa, 0xed, 0xfa, 0xed, 0xfa, 0xed, 0xfa, 0xed, 0xfa,
    0xed, 0xfa, 0x87, 0x71, 0x62, 0x08, 0x62, 0x08, 0x62, 0x08, 0x62, 0x08, 0x62, 0x08, 0x62, 0x08,
    0x62, 0x08, 0x62, 0x08, 0x62, 0x08, 0x62, 0x08, 0x62, 0x08, 0x62, 0x08, 0x62, 0x08, 0x62, 0x08,
    0x62, 0x08, 0x62, 0x08, 0x62, 0x08, 0x62, 0x08, 0x62, 0x08, 0x62, 0x08, 0x62, 0x08, 0x62, 0x08,
    0x62, 0x08, 0x62, 0x08, 0x62, 0x08, 0x62, 0x08, 0x62, 0x08, 0x62, 0x08, 0x62, 0x08, 0x8c, 0xe2,
    0xed, 0xfa, 0xed, 0xfa, 0xed, 0xfa, 0xed, 0xfa, 0xed, 0xfa, 0xed, 0xfa, 0xed, 0xfa, 0x25, 0x51,
    0x62, 0x08, 0x62, 0x08, 0x62, 0x08, 0x62, 0x08, 0x62, 0x08, 0x62, 0x08, 0x62, 0x08, 0x62, 0x08,
    0x62, 0x08, 0x62, 0x08, 0x62, 0x08, 0x62, 0x08, 0x62, 0x08, 0x62, 0x08, 0x62, 0x08, 0x62, 0x08,
    0xed, 0xfa, 0xed, 0xfa, 0xed, 0xfa, 0xed, 0xfa, 0xed, 0xfa, 0xed, 0xfa, 0xed, 0xfa, 0xed, 0xfa,
    0x62, 0x08, 0x62, 0x08, 0x62, 0x08, 0x62, 0x08, 0x62, 0x08, 0x62, 0x08, 0x62, 0x08, 0x62, 0x08,
    0xe4, 0x30, 0xcc, 0xf2, 0xed, 0xfa, 0xed, 0xfa, 0xed, 0xfa, 0xed, 0xfa, 0xed, 0xfa, 0xed, 0xfa,
    0xed, 0xfa, 0xed, 0xfa, 0xed, 0xfa, 0xed, 0xfa, 0xed, 0xfa, 0xed, 0xfa, 0xed, 0xfa, 0xed, 0xfa,
    0x8c, 0xe2, 0x62, 0x08, 0x62, 0x08, 0x62, 0x08, 0x62, 0x08, 0x62, 0x08, 0x62, 0x08, 0x62, 0x08,
    0x62, 0x08, 0x62, 0x08, 0x62, 0x08, 0x62, 0x08, 0x62, 0x08, 0x62, 0x08, 0x62, 0x08, 0x62, 0x08,
    0x62, 0x08, 0x62, 0x08, 0x62, 0x08, 0x62, 0x08, 0x62, 0x08, 0x62, 0x08, 0x62, 0x08, 0x62, 0x08,
    0x62, 0x08, 0x62, 0x08, 0x62, 0x08, 0x62, 0x08, 0x62, 0x08, 0x62, 0x08, 0x62, 0x08, 0x25, 0x51,
    0xed, 0xfa, 0xed, 0xfa, 0xed, 0xfa, 0xed, 0xfa, 0xed, 0xfa, 0xed, 0xfa, 0xed, 0xfa, 0xcc, 0xea,
    0xe4, 0x30, 0x62, 0x08, 0x62, 0x08, 0x62, 0x08, 0x62, 0x08, 0x62, 0x08, 0x62, 0x08, 0x62, 0x08,
    0x62, 0x08, 0x62, 0x08, 0x62, 0x08, 0x62, 0x08, 0x62, 0x08, 0x62, 0x08, 0x62, 0x08, 0x62, 0x08,
    0xc8, 0x91, 0xed, 0xfa, 0xed, 0xfa, 0xed, 0xfa, 0xed, 0xfa, 0xed, 0xfa, 0xed, 0xfa, 0xc8, 0x91,
    0x62, 0x08, 0x62, 0x08, 0x62, 0x08, 0x62, 0x08, 0x62, 0x08, 0x62, 0x08, 0x62, 0x08, 0x62, 0x08,
    0x62, 0x08, 0xe4, 0x30, 0xcc, 0xf2, 0xed, 0xfa, 0xed, 0xfa, 0xed, 0xfa, 0xed, 0xfa, 0xed, 0xfa,
    0xed, 0xfa, 0xed, 0xfa, 0xed, 0xfa, 0xed, 0xfa, 0xed, 0xfa, 0xed, 0xfa, 0xed, 0xfa, 0xed, 0xfa,
    0x25, 0x51, 0x62, 0x08, 0x62, 0x08, 0x62, 0x08, 0x62, 0x08, 0x62, 0x08, 0x62, 0x08, 0x62, 0x08,
    0x62, 0x08, 0x62, 0x08, 0x62, 0x08, 0x62, 0x08, 0x62, 0x08, 0x62, 0x08, 0x62, 0x08, 0x62, 0x08,
    0x62, 0x08, 0x62, 0x08, 0x62, 0x08, 0x62, 0x08, 0x62, 0x08, 0x62, 0x08, 0x62, 0x08, 0x62, 0x08,
    0x62, 0x08, 0x62, 0x08, 0x62, 0x08, 0x62, 0x08, 0x62, 0x08, 0x62, 0x08, 0x62, 0x08, 0x62, 0x08,
    0xe9, 0xa1, 0xed, 0xfa, 0xed, 0xfa, 0xed, 0xfa, 0xed, 0xfa, 0xed, 0xfa, 0xed, 0xfa, 0xed, 0xfa,
    0xcc, 0xea, 0xe4, 0x30, 0x62, 0x08, 0x62, 0x08, 0x62, 0x08, 0x62, 0x08, 0x62, 0x08, 0x62, 0x08,
    0x62, 0x08, 0x62, 0x08, 0x62, 0x08, 0x62, 0x08, 0x62, 0x08, 0x62, 0x08, 0x62, 0x08, 0x62, 0x08,
    0x82, 0x18, 0x4a, 0xc2, 0xed, 0xfa, 0xed, 0xfa, 0xed, 0xfa, 0xed, 0xfa, 0x4a, 0xc2, 0x82, 0x18,
    0x62, 0x08, 0x62, 0x08, 0x62, 0x08, 0x62, 0x08, 0x62, 0x08, 0x62, 0x08, 0x62, 0x08, 0x62, 0x08,
    0x62, 0x08, 0x62, 0x08, 0xe4, 0x30, 0xcc, 0xf2, 0xed, 0xfa, 0xed, 0xfa, 0xed, 0xfa, 0xed, 0xfa,
    0xed, 0xfa, 0xed, 0xfa, 0xed, 0xfa, 0xed, 0xfa, 0xed, 0xfa, 0xed, 0xfa, 0xed, 0xfa, 0xe9, 0xa1,
    0x62, 0x08, 0x62, 0x08, 0x62, 0x08, 0x62, 0x08, 0x62, 0x08, 0x62, 0x08, 0x62, 0x08, 0x62, 0x08,
    0x62, 0x08, 0x62, 0x08, 0x62, 0x08, 0x62, 0x08, 0x62, 0x08, 0x62, 0x08, 0x62, 0x08, 0x62, 0x08,
    0x62, 0x08, 0x62, 0x08, 0x62, 0x08, 0x62, 0x08, 0x62, 0x08, 0x62, 0x08, 0x62, 0x08, 0x62, 0x08,
    0x62, 0x08, 0x62, 0x08, 0x62, 0x08, 0x62, 0x08, 0x62, 0x08, 0x62, 0x08, 0x62, 0x08, 0x62, 0x08,
    0x62, 0x08, 0x4a, 0xc2, 0xed, 0xfa, 0xed, 0xfa, 0xed, 0xfa, 0xed, 0xfa, 0xed, 0xfa, 0xed, 0xfa,
    0xed, 0xfa, 0xcc, 0xea, 0x25, 0x51, 0x62, 0x08, 0x62, 0x08, 0x62, 0x08, 0x62, 0x08, 0x62, 0x08,
    0x62, 0x08, 0x62, 0x08, 0x62, 0x08, 0x62, 0x08, 0x62, 0x08, 0x62, 0x08, 0x62, 0x08, 0x62, 0x08,
    0x62, 0x08, 0x62, 0x08, 0x25, 0x51, 0xc8, 0x91, 0xc8, 0x91, 0x25, 0x51, 0x62, 0x08, 0x62, 0x08,
    0x62, 0x08, 0x62, 0x08, 0x62, 0x08, 0x62, 0x08, 0x62, 0x08, 0x62, 0x08, 0x62, 0x08, 0x62, 0x08,
    0x62, 0x08, 0x62, 0x08, 0x62, 0x08, 0xe4, 0x30, 0xcc, 0xf2, 0xed, 0xfa, 0xed, 0xfa, 0xed, 0xfa,
    0xed, 0xfa, 0xed, 0xfa, 0xed, 0xfa, 0xed, 0xfa, 0xed, 0xfa, 0xed, 0xfa, 0x4a, 0xc2, 0x62, 0x08,
    0x62, 0x08, 0x62, 0x08, 0x62, 0x08, 0x62, 0x08, 0x62, 0x08, 0x62, 0x08, 0x62, 0x08, 0x62, 0x08,
    0x62, 0x08, 0x62, 0x08, 0x62, 0x08, 0x62, 0x08, 0x62, 0x08, 0x62, 0x08, 0x62, 0x08, 0x62, 0x08,
    0x62, 0x08, 0x62, 0x08, 0x62, 0x08, 0x62, 0x08, 0x62, 0x08, 0x62, 0x08, 0x62, 0x08, 0x62, 0x08,
    0x62, 0x08, 0x62, 0x08, 0x62, 0x08, 0x62, 0x08, 0x62, 0x08, 0x62, 0x08, 0x62, 0x08, 0x62, 0x08,
    0x62, 0x08, 0x82, 0x18, 0x6b, 0xd2, 0xed, 0xfa, 0xed, 0xfa, 0xed, 0xfa, 0xed, 0xfa, 0xed, 0xfa,
    0xed, 0xfa, 0xed, 0xfa, 0xed, 0xfa, 0x87, 0x71, 0x62, 0x08, 0x62, 0x08, 0x62, 0x08, 0x62, 0x08,
    0x62, 0x08, 0x62, 0x08, 0x62, 0x08, 0x62, 0x08, 0x62, 0x08, 0x62, 0x08, 0x62, 0x08, 0x62, 0x08,
    0x62, 0x08, 0x62, 0x08, 0x62, 0x08, 0x62, 0x08, 0x62, 0x08, 0x62, 0x08, 0x62, 0x08, 0x62, 0x08,
    0x62, 0x08, 0x62, 0x08, 0x62, 0x08, 0x62, 0x08, 0x62, 0x08, 0x62, 0x08, 0x62, 0x08, 0x62, 0x08,
    0x62, 0x08, 0x62, 0x08, 0x62, 0x08, 0x62, 0x08, 0xc8, 0x89, 0xed, 0xfa, 0xed, 0xfa, 0xed, 0xfa,
    0xed, 0xfa, 0xed, 0xfa, 0xed, 0xfa, 0xed, 0xfa, 0xed, 0xfa, 0x6b, 0xd2, 0x82, 0x18, 0x62, 0x08,
    0x62, 0x08, 0x62, 0x08, 0x62, 0x08, 0x62, 0x08, 0x62, 0x08, 0x62, 0x08, 0x62, 0x08, 0x62, 0x08,
    0x62, 0x08, 0x62, 0x08, 0x62, 0x08, 0x62, 0x08, 0x62, 0x08, 0x62, 0x08, 0x62, 0x08, 0x62, 0x08,
    0x62, 0x08, 0x62, 0x08, 0x62, 0x08, 0x62, 0x08, 0x62, 0x08, 0x62, 0x08, 0x62, 0x08, 0x62, 0x08,
    0x62, 0x08, 0x62, 0x08, 0x62, 0x08, 0x62, 0x08, 0x62, 0x08, 0x62, 0x08, 0x62, 0x08, 0x62, 0x08,
    0x62, 0x08, 0x62, 0x08, 0xe4, 0x30, 0xcc, 0xf2, 0xed, 0xfa, 0xed, 0xfa, 0xed, 0xfa, 0xed, 0xfa,
    0xed, 0xfa, 0xed, 0xfa, 0xed, 0xfa, 0xed, 0xfa, 0xe9, 0xa1, 0x82, 0x18, 0x62, 0x08, 0x62, 0x08,
    0x62, 0x08, 0x62, 0x08, 0x62, 0x08, 0x62, 0x08, 0x62, 0x08, 0x62, 0x08, 0x62, 0x08, 0x62, 0x08,
    0x62, 0x08, 0x62, 0x08, 0x62, 0x08, 0x62, 0x08, 0x62, 0x08, 0x62, 0x08, 0x62, 0x08, 0x62, 0x08,
    0x62, 0x08, 0x62, 0x08, 0x62, 0x08, 0x62, 0x08, 0x62, 0x08, 0x62, 0x08, 0x62, 0x08, 0x62, 0x08,
    0x62, 0x08, 0x62, 0x08, 0x82, 0x18, 0xe9, 0xa1, 0xed, 0xfa, 0xed, 0xfa, 0xed, 0xfa, 0xed, 0xfa,
    0xed, 0xfa, 0xed, 0xfa, 0xed, 0xfa, 0xed, 0xfa, 0xed, 0xfa, 0xe4, 0x30, 0x62, 0x08, 0x62, 0x08,
    0x62, 0x08, 0x62, 0x08, 0x62, 0x08, 0x62, 0x08, 0x62, 0x08, 0x62, 0x08, 0x62, 0x08, 0x62, 0x08,
    0x62, 0x08, 0x62, 0x08, 0x62, 0x08, 0x62, 0x08, 0x62, 0x08, 0x62, 0x08, 0x62, 0x08, 0x62, 0x08,
    0x62, 0x08, 0x62, 0x08, 0x62, 0x08, 0x62, 0x08, 0x62, 0x08, 0x62, 0x08, 0x62, 0x08, 0x62, 0x08,
    0x62, 0x08, 0x62, 0x08, 0x62, 0x08, 0x62, 0x08, 0x62, 0x08, 0x62, 0x08, 0x62, 0x08, 0x62, 0x08,
    0x62, 0x08, 0x62, 0x08, 0x62, 0x08, 0x04, 0x41, 0xed, 0xfa, 0xed, 0xfa, 0xed, 0xfa, 0xed, 0xfa,
    0xed, 0xfa, 0xed, 0xfa, 0xed, 0xfa, 0xed, 0xfa, 0xed, 0xfa, 0xcc, 0xea, 0x46, 0x61, 0x62, 0x08,
    0x62, 0x08, 0x62, 0x08, 0x62, 0x08, 0x62, 0x08, 0x62, 0x08, 0x62, 0x08, 0x62, 0x08, 0x62, 0x08,
    0x62, 0x08, 0x62, 0x08, 0x62, 0x08, 0x62, 0x08, 0x62, 0x08, 0x62, 0x08, 0x62, 0x08, 0x62, 0x08,
    0x62, 0x08, 0x62, 0x08, 0x62, 0x08, 0x62, 0x08, 0x62, 0x08, 0x62, 0x08, 0x62, 0x08, 0x62, 0x08,
    0x62, 0x08, 0x46, 0x61, 0xcc, 0xea, 0xed, 0xfa, 0xed, 0xfa, 0xed, 0xfa, 0xed, 0xfa, 0xed, 0xfa,
    0xed, 0xfa, 0xed, 0xfa, 0xed, 0xfa, 0xed, 0xfa, 0x66, 0x69, 0x62, 0x08, 0x62, 0x08, 0x62, 0x08,
    0x62, 0x08, 0x62, 0x08, 0x62, 0x08, 0x62, 0x08, 0x62, 0x08, 0x62, 0x08, 0x62, 0x08, 0x62, 0x08,
    0x62, 0x08, 0x62, 0x08, 0x62, 0x08, 0x62, 0x08, 0x62, 0x08, 0x62, 0x08, 0x62, 0x08, 0x62, 0x08,
    0x62, 0x08, 0x62, 0x08, 0x62, 0x08, 0x62, 0x08, 0x62, 0x08, 0x62, 0x08, 0x62, 0x08, 0x62, 0x08,
    0x62, 0x08, 0x62, 0x08, 0x62, 0x08, 0x62, 0x08, 0x62, 0x08, 0x62, 0x08, 0x62, 0x08, 0x62, 0x08,
    0x62, 0x08, 0x62, 0x08, 0x62, 0x08, 0x62, 0x08, 0x04, 0x41, 0xcc, 0xf2, 0xed, 0xfa, 0xed, 0xfa,
    0xed, 0xfa, 0xed, 0xfa, 0xed, 0xfa, 0xed, 0xfa, 0xed, 0xfa, 0xed, 0xfa, 0xed, 0xfa, 0x8c, 0xe2,
    0x25, 0x51, 0x62, 0x08, 0x62, 0x08, 0x62, 0x08, 0x62, 0x08, 0x62, 0x08, 0x62, 0x08, 0x62, 0x08,
    0x62, 0x08, 0x62, 0x08, 0x62, 0x08, 0x62, 0x08, 0x62, 0x08, 0x62, 0x08, 0x62, 0x08, 0x62, 0x08,
    0x62, 0x08, 0x62, 0x08, 0x62, 0x08, 0x62, 0x08, 0x62, 0x08, 0x62, 0x08, 0x62, 0x08, 0x46, 0x61,
    0x8c, 0xe2, 0xed, 0xfa, 0xed, 0xfa, 0xed, 0xfa, 0xed, 0xfa, 0xed, 0xfa, 0xed, 0xfa, 0xed, 0xfa,
    0xed, 0xfa, 0xed, 0xfa, 0xed, 0xfa, 0x66, 0x69, 0x62, 0x08, 0x62, 0x08, 0x62, 0x08, 0x62, 0x08,
    0x62, 0x08, 0x62, 0x08, 0x62, 0x08, 0x62, 0x08, 0x62, 0x08, 0x62, 0x08, 0x62, 0x08, 0x62, 0x08,
    0x62, 0x08, 0x62, 0x08, 0x62, 0x08, 0x62, 0x08, 0x62, 0x08, 0x62, 0x08, 0x62, 0x08, 0x62, 0x08,
    0x62, 0x08, 0x62, 0x08, 0x62, 0x08, 0x62, 0x08, 0x62, 0x08, 0x62, 0x08, 0x62, 0x08, 0x62, 0x08,
    0x62, 0x08, 0x62, 0x08, 0x62, 0x08, 0x62, 0x08, 0x62, 0x08, 0x62, 0x08, 0x62, 0x08, 0x62, 0x08,
    0x62, 0x08, 0x62, 0x08, 0x62, 0x08, 0x62, 0x08, 0x62, 0x08, 0xe4, 0x30, 0x6b, 0xd2, 0xed, 0xfa,
    0xed, 0xfa, 0xed, 0xfa, 0xed, 0xfa, 0xed, 0xfa, 0xed, 0xfa, 0xed, 0xfa, 0xed, 0xfa, 0xed, 0xfa,
    0xed, 0xfa, 0x6b, 0xd2, 0x87, 0x71, 0xe4, 0x30, 0x62, 0x08, 0x62, 0x08, 0x62, 0x08, 0x62, 0x08,
    0x62, 0x08, 0x62, 0x08, 0x62, 0x08, 0x62, 0x08, 0x62, 0x08, 0x62, 0x08, 0x62, 0x08, 0x62, 0x08,
    0x62, 0x08, 0x62, 0x08, 0x62, 0x08, 0x62, 0x08, 0xe4, 0x30, 0x87, 0x71, 0x6b, 0xd2, 0xed, 0xfa,
    0xed, 0xfa, 0xed, 0xfa, 0xed, 0xfa, 0xed, 0xfa, 0xed, 0xfa, 0xed, 0xfa, 0xed, 0xfa, 0xed, 0xfa,
    0xed, 0xfa, 0x6b, 0xd2, 0xe4, 0x30, 0x62, 0x08, 0x62, 0x08, 0x62, 0x08, 0x62, 0x08, 0x62, 0x08,
    0x62, 0x08, 0x62, 0x08, 0x62, 0x08, 0x62, 0x08, 0x62, 0x08, 0x62, 0x08, 0x62, 0x08, 0x62, 0x08,
    0x62, 0x08, 0x62, 0x08, 0x62, 0x08, 0x62, 0x08, 0x62, 0x08, 0x62, 0x08, 0x62, 0x08, 0x62, 0x08,
    0x62, 0x08, 0x62, 0x08, 0x62, 0x08, 0x62, 0x08, 0x62, 0x08, 0x62, 0x08, 0x62, 0x08, 0x62, 0x08,
    0x62, 0x08, 0x62, 0x08, 0x62, 0x08, 0x62, 0x08, 0x62, 0x08, 0x62, 0x08, 0x62, 0x08, 0x62, 0x08,
    0x62, 0x08, 0x62, 0x08, 0x62, 0x08, 0x62, 0x08, 0x62, 0x08, 0x62, 0x08, 0x82, 0x18, 0x4a, 0xc2,
    0xed, 0xfa, 0xed, 0xfa, 0xed, 0xfa, 0xed, 0xfa, 0xed, 0xfa, 0xed, 0xfa, 0xed, 0xfa, 0xed, 0xfa,
    0xed, 0xfa, 0xed, 0xfa, 0xed, 0xfa, 0xed, 0xfa, 0x8c, 0xe2, 0xc8, 0x91, 0x25, 0x51, 0x04, 0x41,
    0x62, 0x08, 0x62, 0x08, 0x62, 0x08, 0x62, 0x08, 0x62, 0x08, 0x62, 0x08, 0x62, 0x08, 0x62, 0x08,
    0x04, 0x41, 0x25, 0x51, 0xc8, 0x91, 0x8c, 0xe2, 0xed, 0xfa, 0xed, 0xfa, 0xed, 0xfa, 0xed, 0xfa,
    0xed, 0xfa, 0xed, 0xfa, 0xed, 0xfa, 0xed, 0xfa, 0xed, 0xfa, 0xed, 0xfa, 0xed, 0xfa, 0xed, 0xfa,
    0x4a, 0xc2, 0x82, 0x18, 0x62, 0x08, 0x62, 0x08, 0x62, 0x08, 0x62, 0x08, 0x62, 0x08, 0x62, 0x08,
    0x62, 0x08, 0x62, 0x08, 0x62, 0x08, 0x62, 0x08, 0x62, 0x08, 0x62, 0x08, 0x62, 0x08, 0x62, 0x08,
    0x62, 0x08, 0x62, 0x08, 0x62, 0x08, 0x62, 0x08, 0x62, 0x08, 0x62, 0x08, 0x62, 0x08, 0x62, 0x08,
    0x62, 0x08, 0x62, 0x08, 0x62, 0x08, 0x62, 0x08, 0x62, 0x08, 0x62, 0x08, 0x62, 0x08, 0x62, 0x08,
    0x62, 0x08, 0x62, 0x08, 0x62, 0x08, 0x62, 0x08, 0x62, 0x08, 0x62, 0x08, 0x62, 0x08, 0x62, 0x08,
    0x62, 0x08, 0x62, 0x08, 0x62, 0x08, 0x62, 0x08, 0x62, 0x08, 0x62, 0x08, 0x62, 0x08, 0x62, 0x08,
    0xe9, 0xa1, 0xed, 0xfa, 0xed, 0xfa, 0xed, 0xfa, 0xed, 0xfa, 0xed, 0xfa, 0xed, 0xfa, 0xed, 0xfa,
    0xed, 0xfa, 0xed, 0xfa, 0xed, 0xfa, 0xed, 0xfa, 0xed, 0xfa, 0xed, 0xfa, 0xed, 0xfa, 0xed, 0xfa,
    0xed, 0xfa, 0xed, 0xfa, 0xcc, 0xea, 0x4a, 0xc2, 0x4a, 0xc2, 0xcc, 0xea, 0xed, 0xfa, 0xed, 0xfa,
    0xed, 0xfa, 0xed, 0xfa, 0xed, 0xfa, 0xed, 0xfa, 0xed, 0xfa, 0xed, 0xfa, 0xed, 0xfa, 0xed, 0xfa,
    0xed, 0xfa, 0xed, 0xfa, 0xed, 0xfa, 0xed, 0xfa, 0xed, 0xfa, 0xed, 0xfa, 0xed, 0xfa, 0xe9, 0xa1,
    0x62, 0x08, 0x62, 0x08, 0x62, 0x08, 0x62, 0x08, 0x62, 0x08, 0x62, 0x08, 0x62, 0x08, 0x62, 0x08,
    0x62, 0x08, 0x62, 0x08, 0x62, 0x08, 0x62, 0x08, 0x62, 0x08, 0x62, 0x08, 0x62, 0x08, 0x62, 0x08,
    0x62, 0x08, 0x62, 0x08, 0x62, 0x08, 0x62, 0x08, 0x62, 0x08, 0x62, 0x08, 0x62, 0x08, 0x62, 0x08,
    0x62, 0x08, 0x62, 0x08, 0x62, 0x08, 0x62, 0x08, 0x62, 0x08, 0x62, 0x08, 0x62, 0x08, 0x62, 0x08,
    0x62, 0x08, 0x62, 0x08, 0x62, 0x08, 0x62, 0x08, 0x62, 0x08, 0x62, 0x08, 0x62, 0x08, 0x62, 0x08,
    0x62, 0x08, 0x62, 0x08, 0x62, 0x08, 0x62, 0x08, 0x62, 0x08, 0x62, 0x08, 0x62, 0x08, 0x62, 0x08,
    0x62, 0x08, 0x25, 0x51, 0x8c, 0xe2, 0xed, 0xfa, 0xed, 0xfa, 0xed, 0xfa, 0xed, 0xfa, 0xed, 0xfa,
    0xed, 0xfa, 0xed, 0xfa, 0xed, 0xfa, 0xed, 0xfa, 0xed, 0xfa, 0xed, 0xfa, 0xed, 0xfa, 0xed, 0xfa,
    0xed, 0xfa, 0xed, 0xfa, 0xed, 0xfa, 0xed, 0xfa, 0xed, 0xfa, 0xed, 0xfa, 0xed, 0xfa, 0xed, 0xfa,
    0xed, 0xfa, 0xed, 0xfa, 0xed, 0xfa, 0xed, 0xfa, 0xed, 0xfa, 0xed, 0xfa, 0xed, 0xfa, 0xed, 0xfa,
    0xed, 0xfa, 0xed, 0xfa, 0xed, 0xfa, 0xed, 0xfa, 0xed, 0xfa, 0x8c, 0xe2, 0x25, 0x51, 0x62, 0x08,
    0x62, 0x08, 0x62, 0x08, 0x62, 0x08, 0x62, 0x08, 0x62, 0x08, 0x62, 0x08, 0x62, 0x08, 0x62, 0x08,
    0x62, 0x08, 0x62, 0x08, 0x62, 0x08, 0x62, 0x08, 0x62, 0x08, 0x62, 0x08, 0x62, 0x08, 0x62, 0x08,
    0x62, 0x08, 0x62, 0x08, 0x62, 0x08, 0x62, 0x08, 0x62, 0x08, 0x62, 0x08, 0x62, 0x08, 0x62, 0x08,
    0x62, 0x08, 0x62, 0x08, 0x62, 0x08, 0x62, 0x08, 0x62, 0x08, 0x62, 0x08, 0x62, 0x08, 0x62, 0x08,
    0x62, 0x08, 0x62, 0x08, 0x62, 0x08, 0x62, 0x08, 0x62, 0x08, 0x62, 0x08, 0x62, 0x08, 0x62, 0x08,
    0x62, 0x08, 0x62, 0x08, 0x62, 0x08, 0x62, 0x08, 0x62, 0x08, 0x62, 0x08, 0x62, 0x08, 0x62, 0x08,
    0x62, 0x08, 0x62, 0x08, 0x62, 0x08, 0xa7, 0x81, 0xcc, 0xf2, 0xed, 0xfa, 0xed, 0xfa, 0xed, 0xfa,
    0xed, 0xfa, 0xed, 0xfa, 0xed, 0xfa, 0xed, 0xfa, 0xed, 0xfa, 0xed, 0xfa, 0xed, 0xfa, 0xed, 0xfa,
    0xed, 0xfa, 0xed, 0xfa, 0xed, 0xfa, 0xed, 0xfa, 0xed, 0xfa, 0xed, 0xfa, 0xed, 0xfa, 0xed, 0xfa,
    0xed, 0xfa, 0xed, 0xfa, 0xed, 0xfa, 0xed, 0xfa, 0xed, 0xfa, 0xed, 0xfa, 0xed, 0xfa, 0xed, 0xfa,
    0xed, 0xfa, 0xed, 0xfa, 0xed, 0xfa, 0xcc, 0xf2, 0x87, 0x71, 0x62, 0x08, 0x62, 0x08, 0x62, 0x08,
    0x62, 0x08, 0x62, 0x08, 0x62, 0x08, 0x62, 0x08, 0x62, 0x08, 0x62, 0x08, 0x62, 0x08, 0x62, 0x08,
    0x62, 0x08, 0x62, 0x08, 0x62, 0x08, 0x62, 0x08, 0x62, 0x08, 0x62, 0x08, 0x62, 0x08, 0x62, 0x08,
    0x62, 0x08, 0x62, 0x08, 0x62, 0x08, 0x62, 0x08, 0x62, 0x08, 0x62, 0x08, 0x62, 0x08, 0x62, 0x08,
    0x62, 0x08, 0x62, 0x08, 0x62, 0x08, 0x62, 0x08, 0x62, 0x08, 0x62, 0x08, 0x62, 0x08, 0x62, 0x08,
    0x62, 0x08, 0x62, 0x08, 0x62, 0x08, 0x62, 0x08, 0x62, 0x08, 0x62, 0x08, 0x62, 0x08, 0x62, 0x08,
    0x62, 0x08, 0x62, 0x08, 0x62, 0x08, 0x62, 0x08, 0x62, 0x08, 0x62, 0x08, 0x62, 0x08, 0x62, 0x08,
    0x62, 0x08, 0x62, 0x08, 0x62, 0x08, 0x62, 0x08, 0x82, 0x18, 0xa7, 0x81, 0xcc, 0xf2, 0xed, 0xfa,
    0xed, 0xfa, 0xed, 0xfa, 0xed, 0xfa, 0xed, 0xfa, 0xed, 0xfa, 0xed, 0xfa, 0xed, 0xfa, 0xed, 0xfa,
    0xed, 0xfa, 0xed, 0xfa, 0xed, 0xfa, 0xed, 0xfa, 0xed, 0xfa, 0xed, 0xfa, 0xed, 0xfa, 0xed, 0xfa,
    0xed, 0xfa, 0xed, 0xfa, 0xed, 0xfa, 0xed, 0xfa, 0xed, 0xfa, 0xed, 0xfa, 0xed, 0xfa, 0xed, 0xfa,
    0xed, 0xfa, 0xcc, 0xf2, 0xa7, 0x81, 0x82, 0x18, 0x62, 0x08, 0x62, 0x08, 0x62, 0x08, 0x62, 0x08,
    0x62, 0x08, 0x62, 0x08, 0x62, 0x08, 0x62, 0x08, 0x62, 0x08, 0x62, 0x08, 0x62, 0x08, 0x62, 0x08,
    0x62, 0x08, 0x62, 0x08, 0x62, 0x08, 0x62, 0x08, 0x62, 0x08, 0x62, 0x08, 0x62, 0x08, 0x62, 0x08,
    0x62, 0x08, 0x62, 0x08, 0x62, 0x08, 0x62, 0x08, 0x62, 0x08, 0x62, 0x08, 0x62, 0x08, 0x62, 0x08,
    0x62, 0x08, 0x62, 0x08, 0x62, 0x08, 0x62, 0x08, 0x62, 0x08, 0x62, 0x08, 0x62, 0x08, 0x62, 0x08,
    0x62, 0x08, 0x62, 0x08, 0x62, 0x08, 0x62, 0x08, 0x62, 0x08, 0x62, 0x08, 0x62, 0x08, 0x62, 0x08,
    0x62, 0x08, 0x62, 0x08, 0x62, 0x08, 0x62, 0x08, 0x62, 0x08, 0x62, 0x08, 0x62, 0x08, 0x62, 0x08,
    0x62, 0x08, 0x62, 0x08, 0x62, 0x08, 0x62, 0x08, 0x62, 0x08, 0x62, 0x08, 0xa3, 0x20, 0xa7, 0x81,
    0x6b, 0xd2, 0xed, 0xfa, 0xed, 0xfa, 0xed, 0xfa, 0xed, 0xfa, 0xed, 0xfa, 0xed, 0xfa, 0xed, 0xfa,
    0xed, 0xfa, 0xed, 0xfa, 0xed, 0xfa, 0xed, 0xfa, 0xed, 0xfa, 0xed, 0xfa, 0xed, 0xfa, 0xed, 0xfa,
    0xed, 0xfa, 0xed, 0xfa, 0xed, 0xfa, 0xed, 0xfa, 0xed, 0xfa, 0xed, 0xfa, 0xed, 0xfa, 0x6b, 0xd2,
    0xa7, 0x81, 0xa3, 0x20, 0x62, 0x08, 0x62, 0x08, 0x62, 0x08, 0x62, 0x08, 0x62, 0x08, 0x62, 0x08,
    0x62, 0x08, 0x62, 0x08, 0x62, 0x08, 0x62, 0x08, 0x62, 0x08, 0x62, 0x08, 0x62, 0x08, 0x62, 0x08,
    0x62, 0x08, 0x62, 0x08, 0x62, 0x08, 0x62, 0x08, 0x62, 0x08, 0x62, 0x08, 0x62, 0x08, 0x62, 0x08,
    0x62, 0x08, 0x62, 0x08, 0x62, 0x08, 0x62, 0x08, 0x62, 0x08, 0x62, 0x08, 0x62, 0x08, 0x62, 0x08,
    0x62, 0x08, 0x62, 0x08, 0x62, 0x08, 0x62, 0x08, 0x62, 0x08, 0x62, 0x08, 0x62, 0x08, 0x62, 0x08,
    0x62, 0x08, 0x62, 0x08, 0x62, 0x08, 0x62, 0x08, 0x62, 0x08, 0x62, 0x08, 0x62, 0x08, 0x62, 0x08,
    0x62, 0x08, 0x62, 0x08, 0x62, 0x08, 0x62, 0x08, 0x62, 0x08, 0x62, 0x08, 0x62, 0x08, 0x62, 0x08,
    0x62, 0x08, 0x62, 0x08, 0x62, 0x08, 0x62, 0x08, 0x62, 0x08, 0x62, 0x08, 0x62, 0x08, 0x62, 0x08,
    0x62, 0x08, 0x82, 0x18, 0x46, 0x61, 0x2a, 0xb2, 0xcc, 0xf2, 0xed, 0xfa, 0xed, 0xfa, 0xed, 0xfa,
    0xed, 0xfa, 0xed, 0xfa, 0xed, 0xfa, 0xed, 0xfa, 0xed, 0xfa, 0xed, 0xfa, 0xed, 0xfa, 0xed, 0xfa,
    0xed, 0xfa, 0xed, 0xfa, 0xed, 0xfa, 0xcc, 0xf2, 0x2a, 0xb2, 0x46, 0x61, 0x82, 0x18, 0x62, 0x08,
    0x62, 0x08, 0x62, 0x08, 0x62, 0x08, 0x62, 0x08, 0x62, 0x08, 0x62, 0x08, 0x62, 0x08, 0x62, 0x08,
    0x62, 0x08, 0x62, 0x08, 0x62, 0x08, 0x62, 0x08, 0x62, 0x08, 0x62, 0x08, 0x62, 0x08, 0x62, 0x08,
    0x62, 0x08, 0x62, 0x08, 0x62, 0x08, 0x62, 0x08, 0x62, 0x08, 0x62, 0x08, 0x62, 0x08, 0x62, 0x08,
    0x62, 0x08, 0x62, 0x08, 0x62, 0x08, 0x62, 0x08, 0x62, 0x08, 0x62, 0x08, 0x62, 0x08, 0x62, 0x08,
    0x62, 0x08, 0x62, 0x08, 0x62, 0x08, 0x62, 0x08, 0x62, 0x08, 0x62, 0x08, 0x62, 0x08, 0x62, 0x08,
    0x62, 0x08, 0x62, 0x08, 0x62, 0x08, 0x62, 0x08, 0x62, 0x08, 0x62, 0x08, 0x62, 0x08, 0x62, 0x08,
    0x62, 0x08, 0x62, 0x08, 0x62, 0x08, 0x62, 0x08, 0x62, 0x08, 0x62, 0x08, 0x62, 0x08, 0x62, 0x08,
    0x62, 0x08, 0x62, 0x08, 0x62, 0x08, 0x62, 0x08, 0x62, 0x08, 0x62, 0x08, 0x62, 0x08, 0x62, 0x08,
    0x62, 0x08, 0x62, 0x08, 0x62, 0x08, 0x62, 0x08, 0x62, 0x08, 0x04, 0x41, 0x04, 0x41, 0x87, 0x71,
    0xa7, 0x81, 0xa7, 0x81, 0x4a, 0xc2, 0x4a, 0xc2, 0x4a, 0xc2, 0x4a, 0xc2, 0xa7, 0x81, 0xa7, 0x81,
    0x87, 0x71, 0x04, 0x41, 0x04, 0x41, 0x62, 0x08, 0x62, 0x08, 0x62, 0x08, 0x62, 0x08, 0x62, 0x08,
    0x62, 0x08, 0x62, 0x08, 0x62, 0x08, 0x62, 0x08, 0x62, 0x08, 0x62, 0x08, 0x62, 0x08, 0x62, 0x08,
    0x62, 0x08, 0x62, 0x08, 0x62, 0x08, 0x62, 0x08, 0x62, 0x08, 0x62, 0x08, 0x62, 0x08, 0x62, 0x08,
    0x62, 0x08, 0x62, 0x08, 0x62, 0x08, 0x62, 0x08, 0x62, 0x08, 0x62, 0x08, 0x62, 0x08, 0x62, 0x08,
    0x62, 0x08, 0x62, 0x08, 0x62, 0x08, 0x62, 0x08, 0x62, 0x08, 0x62, 0x08, 0x62, 0x08, 0x62, 0x08,
    0x62, 0x08, 0x62, 0x08, 0x62, 0x08, 0x62, 0x08, 0x62, 0x08, 0x62, 0x08, 0x62, 0x08, 0x62, 0x08,
    0x62, 0x08, 0x62, 0x08, 0x62, 0x08, 0x62, 0x08, 0x62, 0x08, 0x62, 0x08, 0x62, 0x08, 0x62, 0x08,
    0x62, 0x08, 0x62, 0x08, 0x62, 0x08, 0x62, 0x08, 0x62, 0x08, 0x62, 0x08, 0x62, 0x08, 0x62, 0x08,
    0x62, 0x08, 0x62, 0x08, 0x62, 0x08, 0x62, 0x08, 0x62, 0x08, 0x62, 0x08, 0x62, 0x08, 0x62, 0x08,
    0x62, 0x08, 0x62, 0x08, 0x62, 0x08, 0x62, 0x08, 0x62, 0x08, 0x62, 0x08, 0x62, 0x08, 0x62, 0x08,
    0x62, 0x08, 0x62, 0x08, 0x62, 0x08, 0x62, 0x08, 0x62, 0x08, 0x62, 0x08, 0x62, 0x08, 0x62, 0x08,
    0x62, 0x08, 0x62, 0x08, 0x62, 0x08, 0x62, 0x08, 0x62, 0x08, 0x62, 0x08, 0x62, 0x08, 0x62, 0x08,
    0x62, 0x08, 0x62, 0x08, 0x62, 0x08, 0x62, 0x08, 0x62, 0x08, 0x62, 0x08, 0x62, 0x08, 0x62, 0x08,
    0x62, 0x08, 0x62, 0x08, 0x62, 0x08, 0x62, 0x08, 0x62, 0x08, 0x62, 0x08, 0x62, 0x08, 0x62, 0x08,
    0x62, 0x08, 0x62, 0x08, 0x62, 0x08, 0x62, 0x08, 0x62, 0x08, 0x62, 0x08, 0x62, 0x08, 0x62, 0x08,
    0x62, 0x08, 0x62, 0x08, 0x62, 0x08, 0x62, 0x08, 0x62, 0x08, 0x62, 0x08, 0x62, 0x08, 0x62, 0x08,
    0x62, 0x08, 0x62, 0x08, 0x62, 0x08, 0x62, 0x08, 0x62, 0x08, 0x62, 0x08, 0x62, 0x08, 0x62, 0x08,
    0x62, 0x08, 0x62, 0x08, 0x62, 0x08, 0x62, 0x08, 0x62, 0x08, 0x62, 0x08, 0x62, 0x08, 0x62, 0x08,
    0x62, 0x08, 0x62, 0x08, 0x62, 0x08, 0x62, 0x08, 0x62, 0x08, 0x62, 0x08, 0x62, 0x08, 0x62, 0x08,
    0x62, 0x08, 0x62, 0x08, 0x62, 0x08, 0x62, 0x08, 0x62, 0x08, 0x62, 0x08, 0x62, 0x08, 0x62, 0x08,
    0x62, 0x08, 0x62, 0x08, 0x62, 0x08, 0x62, 0x08, 0x62, 0x08, 0x62, 0x08, 0x62, 0x08, 0x62, 0x08,
    0x62, 0x08, 0x62, 0x08, 0x62, 0x08, 0x62, 0x08, 0x62, 0x08, 0x62, 0x08, 0x62, 0x08, 0x62, 0x08,
    0x62, 0x08, 0x62, 0x08, 0x62, 0x08, 0x62, 0x08, 0x62, 0x08, 0x62, 0x08, 0x62, 0x08, 0x62, 0x08,
    0x62, 0x08, 0x62, 0x08, 0x62, 0x08, 0x62, 0x08, 0x62, 0x08, 0x62, 0x08, 0x62, 0x08, 0x62, 0x08,
    0x62, 0x08, 0x62, 0x08, 0x62, 0x08, 0x62, 0x08, 0x62, 0x08, 0x62, 0x08, 0x62, 0x08, 0x62, 0x08,
    0x62, 0x08, 0x62, 0x08, 0x62, 0x08, 0x62, 0x08, 0x62, 0x08, 0x62, 0x08, 0x62, 0x08, 0x62, 0x08,
    0x62, 0x08, 0x62, 0x08, 0x62, 0x08, 0x62, 0x08, 0x62, 0x08, 0x62, 0x08, 0x62, 0x08, 0x62, 0x08,
    0x62, 0x08, 0x62, 0x08, 0x62, 0x08, 0x62, 0x08, 0x62, 0x08, 0x62, 0x08, 0x62, 0x08, 0x62, 0x08,
    0x62, 0x08, 0x62, 0x08, 0x62, 0x08, 0x62, 0x08, 0x62, 0x08, 0x62, 0x08, 0x62, 0x08, 0x62, 0x08,
    0x62, 0x08, 0x62, 0x08, 0x62, 0x08, 0x62, 0x08, 0x62, 0x08, 0x62, 0x08, 0x62, 0x08, 0x62, 0x08,
    0x62, 0x08, 0x62, 0x08, 0x62, 0x08, 0x62, 0x08, 0x62, 0x08, 0x62, 0x08, 0x62, 0x08, 0x62, 0x08,
    0x62, 0x08, 0x62, 0x08, 0x62, 0x08, 0x62, 0x08, 0x62, 0x08, 0x62, 0x08, 0x62, 0x08, 0x62, 0x08,
    0x62, 0x08, 0x62, 0x08, 0x62, 0x08, 0x62, 0x08, 0x62, 0x08, 0x62, 0x08, 0x62, 0x08, 0x62, 0x08,
    0x62, 0x08, 0x62, 0x08, 0x62, 0x08, 0x62, 0x08, 0x62, 0x08, 0x62, 0x08, 0x62, 0x08, 0x62, 0x08,
    0x62, 0x08, 0x62, 0x08, 0x62, 0x08, 0x62, 0x08, 0x62, 0x08, 0x62, 0x08, 0x62, 0x08, 0x62, 0x08,
    0x62, 0x08, 0x62, 0x08, 0x62, 0x08, 0x62, 0x08, 0x62, 0x08, 0x62, 0x08, 0x62, 0x08, 0x62, 0x08,
    0x62, 0x08, 0x62, 0x08, 0x62, 0x08, 0x62, 0x08, 0x62, 0x08, 0x62, 0x08, 0x62, 0x08, 0x62, 0x08,
    0x62, 0x08, 0x62, 0x08, 0x62, 0x08, 0x62, 0x08, 0x62, 0x08, 0x62, 0x08, 0x62, 0x08, 0x62, 0x08,
    0x62, 0x08, 0x62, 0x08, 0x62, 0x08, 0x62, 0x08, 0x62, 0x08, 0x62, 0x08, 0x62, 0x08, 0x62, 0x08,
    0x62, 0x08, 0x62, 0x08, 0x62, 0x08, 0x62, 0x08, 0x62, 0x08, 0x62, 0x08, 0x62, 0x08, 0x62, 0x08,
    0x62, 0x08, 0x62, 0x08, 0x62, 0x08, 0x62, 0x08, 0x62, 0x08, 0x62, 0x08, 0x62, 0x08, 0x62, 0x08,
    0x62, 0x08, 0x62, 0x08, 0x62, 0x08, 0x62, 0x08, 0x62, 0x08, 0x62, 0x08, 0x62, 0x08, 0x62, 0x08,
    0x62, 0x08, 0x62, 0x08, 0x62, 0x08, 0x62, 0x08, 0x62, 0x08, 0x62, 0x08, 0x62, 0x08, 0x62, 0x08,
    0x62, 0x08, 0x62, 0x08, 0x62, 0x08, 0x62, 0x08, 0x62, 0x08, 0x62, 0x08, 0x62, 0x08, 0x62, 0x08,
    0x62, 0x08, 0x62, 0x08, 0x62, 0x08, 0x62, 0x08, 0x62, 0x08, 0x62, 0x08, 0x62, 0x08, 0x62, 0x08,
    0x62, 0x08, 0x62, 0x08, 0x62, 0x08, 0x62, 0x08, 0x62, 0x08, 0x62, 0x08, 0x62, 0x08, 0x62, 0x08,
    0x62, 0x08, 0x62, 0x08, 0x62, 0x08, 0x62, 0x08, 0x62, 0x08, 0x62, 0x08, 0x62, 0x08, 0x62, 0x08,
    0x62, 0x08, 0x62, 0x08, 0x62, 0x08, 0x62, 0x08, 0x62, 0x08, 0x62, 0x08, 0x62, 0x08, 0x62, 0x08,
    0x62, 0x08, 0x62, 0x08, 0x62, 0x08, 0x62, 0x08, 0x62, 0x08, 0x62, 0x08, 0x62, 0x08, 0x62, 0x08,
    0x62, 0x08, 0x62, 0x08, 0x62, 0x08, 0x62, 0x08, 0x62, 0x08, 0x62, 0x08, 0x62, 0x08, 0x62, 0x08,
    0x62, 0x08, 0x62, 0x08, 0x62, 0x08, 0x62, 0x08, 0x62, 0x08, 0x62, 0x08, 0x62, 0x08, 0x62, 0x08,
    0x62, 0x08, 0x62, 0x08, 0x62, 0x08, 0x62, 0x08, 0x62, 0x08, 0x62, 0x08, 0x62, 0x08, 0x62, 0x08,
    0x62, 0x08, 0x62, 0x08, 0x62, 0x08, 0x62, 0x08, 0x62, 0x08, 0x62, 0x08, 0x62, 0x08, 0x62, 0x08,
    0x62, 0x08, 0x62, 0x08, 0x62, 0x08, 0x62, 0x08, 0x62, 0x08, 0x62, 0x08, 0x62, 0x08, 0x62, 0x08,
    0x62, 0x08, 0x62, 0x08, 0x62, 0x08, 0x62, 0x08, 0x62, 0x08, 0x62, 0x08, 0x62, 0x08, 0x62, 0x08,
    0x62, 0x08, 0x62, 0x08, 0x62, 0x08, 0x62, 0x08, 0x62, 0x08, 0x62, 0x08, 0x62, 0x08, 0x62, 0x08,
    0x62, 0x08, 0x62, 0x08, 0x62, 0x08, 0x62, 0x08, 0x62, 0x08, 0x62, 0x08, 0x62, 0x08, 0x62, 0x08,
    0x62, 0x08, 0x62, 0x08, 0x62, 0x08, 0x62, 0x08, 0x62, 0x08, 0x62, 0x08, 0x62, 0x08, 0x62, 0x08,
    0x62, 0x08, 0x62, 0x08, 0x62, 0x08, 0x62, 0x08, 0x62, 0x08, 0x62, 0x08, 0x62, 0x08, 0x62, 0x08,
    0x62, 0x08, 0x62, 0x08, 0x62, 0x08, 0x62, 0x08, 0x62, 0x08, 0x62, 0x08, 0x62, 0x08, 0x62, 0x08,
    0x62, 0x08, 0x62, 0x08, 0x62, 0x08, 0x62, 0x08, 0x62, 0x08, 0x62, 0x08, 0x62, 0x08, 0x62, 0x08,
    0x62, 0x08, 0x62, 0x08, 0x62, 0x08, 0x62, 0x08, 0x62, 0x08, 0x62, 0x08, 0x62, 0x08, 0x62, 0x08,
    0x62, 0x08, 0x62, 0x08, 0x62, 0x08, 0x62, 0x08, 0x62, 0x08, 0x62, 0x08, 0x62, 0x08, 0x62, 0x08,
    0x62, 0x08, 0x62, 0x08, 0x62, 0x08, 0x62, 0x08, 0x62, 0x08, 0x62, 0x08, 0x62, 0x08, 0x62, 0x08,
    0x62, 0x08, 0x62, 0x08, 0x62, 0x08, 0x62, 0x08, 0x62, 0x08, 0x62, 0x08, 0x62, 0x08, 0x62, 0x08,
    0x62, 0x08, 0x62, 0x08, 0x62, 0x08, 0x62, 0x08, 0x62, 0x08, 0x62, 0x08, 0x62, 0x08, 0x62, 0x08,
    0x62, 0x08, 0x62, 0x08, 0x62, 0x08, 0x62, 0x08, 0x62, 0x08, 0x62, 0x08, 0x62, 0x08, 0x62, 0x08,
    0x62, 0x08, 0x62, 0x08, 0x62, 0x08, 0x62, 0x08, 0x62, 0x08, 0x62, 0x08, 0x62, 0x08, 0x62, 0x08,
    0x62, 0x08, 0x62, 0x08, 0x62, 0x08, 0x62, 0x08, 0x62, 0x08, 0x62, 0x08, 0x62, 0x08, 0x62, 0x08,
    0x62, 0x08, 0x62, 0x08, 0x62, 0x08, 0x62, 0x08, 0x62, 0x08, 0x62, 0x08, 0x62, 0x08, 0x62, 0x08,
    0x62, 0x08, 0x62, 0x08, 0x62, 0x08, 0x62, 0x08, 0x62, 0x08, 0x62, 0x08, 0x62, 0x08, 0x62, 0x08,
    0x62, 0x08, 0x62, 0x08, 0x62, 0x08, 0x62, 0x08, 0x62, 0x08, 0x62, 0x08, 0x62, 0x08, 0x62, 0x08,
    0x62, 0x08, 0x62, 0x08, 0x62, 0x08, 0x62, 0x08, 0x62, 0x08, 0x62, 0x08, 0x62, 0x08, 0x62, 0x08,
    0x62, 0x08, 0x62, 0x08, 0x62, 0x08, 0x62, 0x08, 0x62, 0x08, 0x62, 0x08, 0x62, 0x08, 0x62, 0x08,
    0x62, 0x08, 0x62, 0x08, 0x62, 0x08, 0x62, 0x08, 0x62, 0x08, 0x62, 0x08, 0x62, 0x08, 0x62, 0x08,
    0x62, 0x08, 0x62, 0x08, 0x62, 0x08, 0x62, 0x08, 0x62, 0x08, 0x62, 0x08, 0x62, 0x08, 0x62, 0x08,
    0x62, 0x08, 0x62, 0x08, 0x62, 0x08, 0x62, 0x08, 0x62, 0x08, 0x62, 0x08, 0x62, 0x08, 0x62, 0x08,
    0x62, 0x08, 0x62, 0x08, 0x62, 0x08, 0x62, 0x08, 0x62, 0x08, 0x62, 0x08, 0x62, 0x08, 0x62, 0x08,
    0x62, 0x08, 0x62, 0x08, 0x62, 0x08, 0x62, 0x08, 0x62, 0x08, 0x62, 0x08, 0x62, 0x08, 0x62, 0x08,
    0x62, 0x08, 0x62, 0x08, 0x62, 0x08, 0x62, 0x08, 0x62, 0x08, 0x62, 0x08, 0x62, 0x08, 0x62, 0x08,
    0x62, 0x08, 0x62, 0x08, 0x62, 0x08, 0x62, 0x08, 0x62, 0x08, 0x62, 0x08, 0x62, 0x08, 0x62, 0x08,
    0x62, 0x08, 0x62, 0x08, 0x62, 0x08, 0x62, 0x08, 0x62, 0x08, 0x62, 0x08, 0x62, 0x08, 0x62, 0x08,
    0x62, 0x08, 0x62, 0x08, 0x62, 0x08, 0x62, 0x08, 0x62, 0x08, 0x62, 0x08, 0x62, 0x08, 0x62, 0x08,
    0x62, 0x08, 0x62, 0x08, 0x62, 0x08, 0x62, 0x08, 0x62, 0x08, 0x62, 0x08, 0x62, 0x08, 0x62, 0x08,
    0x62, 0x08, 0x62, 0x08, 0x62, 0x08, 0x62, 0x08, 0x62, 0x08, 0x62, 0x08, 0x62, 0x08, 0x62, 0x08,
    0x62, 0x08, 0x62, 0x08, 0x62, 0x08, 0x62, 0x08, 0x62, 0x08, 0x62, 0x08, 0x62, 0x08, 0x62, 0x08,
    0x62, 0x08, 0x62, 0x08, 0x62, 0x08, 0x62, 0x08, 0x62, 0x08, 0x62, 0x08, 0x62, 0x08, 0x62, 0x08,
    0x62, 0x08, 0x62, 0x08, 0x62, 0x08, 0x62, 0x08, 0x62, 0x08, 0x62, 0x08, 0x62, 0x08, 0x62, 0x08,
    0x62, 0x08, 0x62, 0x08, 0x62, 0x08, 0x62, 0x08, 0x62, 0x08, 0x62, 0x08, 0x62, 0x08, 0x62, 0x08,
    0x62, 0x08, 0x62, 0x08, 0x62, 0x08, 0x62, 0x08, 0x62, 0x08, 0x62, 0x08, 0x62, 0x08, 0x62, 0x08,
    0x62, 0x08, 0x62, 0x08, 0x62, 0x08, 0x62, 0x08, 0x62, 0x08, 0x62, 0x08, 0x62, 0x08, 0x62, 0x08,
    0x62, 0x08, 0x62, 0x08, 0x62, 0x08, 0x62, 0x08, 0x62, 0x08, 0x62, 0x08, 0x62, 0x08, 0x62, 0x08,
    0x62, 0x08, 0x62, 0x08, 0x62, 0x08, 0x62, 0x08, 0x62, 0x08, 0x62, 0x08, 0x62, 0x08, 0x62, 0x08,
    0x62, 0x08, 0x62, 0x08, 0x62, 0x08, 0x62, 0x08, 0x62, 0x08, 0x62, 0x08, 0x62, 0x08, 0x62, 0x08,
    0x62, 0x08, 0x62, 0x08, 0x62, 0x08, 0x62, 0x08, 0x62, 0x08, 0x62, 0x08, 0x62, 0x08, 0x62, 0x08,
    0x62, 0x08, 0x62, 0x08, 0x62, 0x08, 0x62, 0x08, 0x62, 0x08, 0x62, 0x08, 0x62, 0x08, 0x62, 0x08,
    0x62, 0x08, 0x62, 0x08, 0x62, 0x08, 0x62, 0x08, 0x62, 0x08, 0x62, 0x08, 0x62, 0x08, 0x62, 0x08,
    0x62, 0x08, 0x62, 0x08, 0x62, 0x08, 0x62, 0x08, 0x62, 0x08, 0x62, 0x08, 0x62, 0x08, 0x62, 0x08,
    0x62, 0x08, 0x62, 0x08, 0x62, 0x08, 0x62, 0x08, 0x62, 0x08, 0x62, 0x08, 0x62, 0x08, 0x62, 0x08,
    0x62, 0x08, 0x62, 0x08, 0x62, 0x08, 0x62, 0x08, 0x62, 0x08, 0x62, 0x08, 0x62, 0x08, 0x62, 0x08,
    0x62, 0x08, 0x62, 0x08, 0x62, 0x08, 0x62, 0x08, 0x62, 0x08, 0x62, 0x08, 0x62, 0x08, 0x62, 0x08,
    0x62, 0x08, 0x62, 0x08, 0x62, 0x08, 0x62, 0x08, 0x62, 0x08, 0x62, 0x08, 0x62, 0x08, 0x62, 0x08,
    0x62, 0x08, 0x62, 0x08, 0x62, 0x08, 0x62, 0x08, 0x62, 0x08, 0x62, 0x08, 0x62, 0x08, 0x62, 0x08,
    0x62, 0x08, 0x62, 0x08, 0x62, 0x08, 0x62, 0x08, 0x62, 0x08, 0x62, 0x08, 0x62, 0x08, 0x62, 0x08,
    0x62, 0x08, 0x62, 0x08, 0x62, 0x08, 0x62, 0x08, 0x62, 0x08, 0x62, 0x08, 0x62, 0x08, 0x62, 0x08,
    0x62, 0x08, 0x62, 0x08, 0x62, 0x08, 0x62, 0x08, 0x62, 0x08, 0x62, 0x08, 0x62, 0x08, 0x62, 0x08,
    0x62, 0x08, 0x62, 0x08, 0x62, 0x08, 0x62, 0x08, 0x62, 0x08, 0x62, 0x08, 0x62, 0x08, 0x62, 0x08,
    0x62, 0x08, 0x62, 0x08, 0x62, 0x08, 0x62, 0x08, 0x62, 0x08, 0x62, 0x08, 0x62, 0x08, 0x62, 0x08,
    0x62, 0x08, 0x62, 0x08, 0x62, 0x08, 0x62, 0x08, 0x62, 0x08, 0x62, 0x08, 0x62, 0x08, 0x62, 0x08,
    0x62, 0x08, 0x62, 0x08, 0x62, 0x08, 0x62, 0x08, 0x62, 0x08, 0x62, 0x08, 0x62, 0x08, 0x62, 0x08,
    0x62, 0x08, 0x62, 0x08, 0x62, 0x08, 0x62, 0x08, 0x62, 0x08, 0x62, 0x08, 0x62, 0x08, 0x62, 0x08,
    0x62, 0x08, 0x62, 0x08, 0x62, 0x08, 0x62, 0x08, 0x62, 0x08, 0x62, 0x08, 0x62, 0x08, 0x62, 0x08,
    0x62, 0x08, 0x62, 0x08, 0x62, 0x08, 0x62, 0x08, 0x62, 0x08, 0x62, 0x08, 0x62, 0x08, 0x62, 0x08,
    0x62, 0x08, 0x62, 0x08, 0x62, 0x08, 0x62, 0x08, 0x62, 0x08, 0x62, 0x08, 0x62, 0x08, 0x62, 0x08,
    0x62, 0x08, 0x62, 0x08, 0x62, 0x08, 0x62, 0x08, 0x62, 0x08, 0x62, 0x08, 0x62, 0x08, 0x62, 0x08,
    0xff, 0xff, 0xff, 0xff, 0xff, 0xff, 0xff, 0xff, 0xff, 0xff, 0xff, 0xff, 0xff, 0xff, 0xff, 0xff,
    0xff, 0xff, 0xff, 0xff, 0xff, 0xff, 0xff, 0xff, 0xff, 0xff, 0xff, 0xff, 0xff, 0xff, 0xff, 0xff,
    0xff, 0xff, 0xff, 0xff, 0xff, 0xff, 0xff, 0xff, 0xff, 0xff, 0xff, 0xff, 0xff, 0xff, 0xff, 0xff,
    0xff, 0xff, 0xff, 0xff, 0xff, 0xff, 0xff, 0xff, 0xff, 0xff, 0xff, 0xff, 0xff, 0xff, 0xff, 0xff,
    0xff, 0xff, 0xff, 0xff, 0xff, 0xff, 0xff, 0xff, 0xff, 0xff, 0xff, 0xff, 0xff, 0xff, 0xff, 0xff,
    0xff, 0xff, 0xff, 0xff, 0xff, 0xff, 0xff, 0xff, 0xff, 0xff, 0xff, 0xff, 0xff, 0xff, 0xff, 0xff,
    0xff, 0xff, 0xff, 0xff, 0xff, 0xff, 0xff, 0xff, 0xff, 0xff, 0xff, 0xff, 0xff, 0xff, 0xff, 0xff,
    0xff, 0xff, 0xff, 0xff, 0xff, 0xff, 0xff, 0xff, 0xff, 0xff, 0xff, 0xff, 0xff, 0xff, 0xff, 0xff,
    0xff, 0xff, 0xff, 0xff, 0xff, 0xff, 0xff, 0xff, 0xff, 0xff, 0xff, 0xff, 0xff, 0xff, 0xff, 0xff,
    0xff, 0xff, 0xff, 0xff, 0xff, 0xff, 0xff, 0xff, 0xff, 0xff, 0xff, 0xff, 0xff, 0xff, 0xff, 0xff,
    0xff, 0xff, 0xff, 0xff, 0xff, 0xff, 0xff, 0xff, 0xff, 0xff, 0xff, 0xff, 0xff, 0xff, 0xff, 0xff,
    0xff, 0xff, 0xff, 0xff, 0xff, 0xff, 0xff, 0xff, 0xff, 0xff, 0xff, 0xff, 0xff, 0xff, 0xff, 0xff,
    0xff, 0xff, 0xff, 0xff, 0xff, 0xff, 0xff, 0xff, 0xff, 0xff, 0xff, 0xff, 0xff, 0xff, 0xff, 0xff,
    0xff, 0xff, 0xff, 0xff, 0xff, 0xff, 0xff, 0xff, 0xff, 0xff, 0xff, 0xff, 0xff, 0xff, 0xff, 0xff,
    0xff, 0xff, 0xff, 0xff, 0xff, 0xff, 0xff, 0xff, 0xff, 0xff, 0xff, 0xff, 0xff, 0xff, 0xff, 0xff,
    0xff, 0xff, 0xff, 0xff, 0xff, 0xff, 0xff, 0xff, 0xff, 0xff, 0xff, 0xff, 0xff, 0xff, 0xff, 0xff,
    0xff, 0xff, 0xff, 0xff, 0xff, 0xff, 0xff, 0xff, 0xff, 0xff, 0xff, 0xff, 0xff, 0xff, 0xff, 0xff,
    0xff, 0xff, 0xff, 0xff, 0xff, 0xff, 0xff, 0xff, 0xff, 0xff, 0xff, 0xff, 0xff, 0xff, 0xff, 0xff,
    0xff, 0xff, 0xff, 0xff, 0xff, 0xff, 0xff, 0xff, 0xff, 0xff, 0xff, 0xff, 0xff, 0xff, 0xff, 0xff,
    0xff, 0xff, 0xff, 0xff, 0xff, 0xff, 0xff, 0xff, 0xff, 0xff, 0xff, 0xff, 0xff, 0xff, 0xff, 0xff,
    0xff, 0xff, 0xff, 0xff, 0xff, 0xff, 0xff, 0xff, 0xff, 0xff, 0xff, 0xff, 0xff, 0xff, 0xff, 0xff,
    0xff, 0xff, 0xff, 0xff, 0xff, 0xff, 0xff, 0xff, 0xff, 0xff, 0xff, 0xff, 0xff, 0xff, 0xff, 0xff,
    0xff, 0xff, 0xff, 0xff, 0xff, 0xff, 0xff, 0xff, 0xff, 0xff, 0xff, 0xff, 0xff, 0xff, 0xff, 0xff,
    0xff, 0xff, 0xff, 0xff, 0xff, 0xff, 0xff, 0xff, 0xff, 0xff, 0xff, 0xff, 0xff, 0xff, 0xff, 0xff,
    0xff, 0xff, 0xff, 0xff, 0xff, 0xff, 0xff, 0xff, 0xff, 0xff, 0xff, 0xff, 0xff, 0xff, 0xff, 0xff,
    0xff, 0xff, 0xff, 0xff, 0xff, 0xff, 0xff, 0xff, 0xff, 0xff, 0xff, 0xff, 0xff, 0xff, 0xff, 0xff,
    0xff, 0xff, 0xff, 0xff, 0xff, 0xff, 0xff, 0xff, 0xff, 0xff, 0xff, 0xff, 0xff, 0xff, 0xff, 0xff,
    0xff, 0xff, 0xff, 0xff, 0xff, 0xff, 0xff, 0xff, 0xff, 0xff, 0xff, 0xff, 0xff, 0xff, 0xff, 0xff,
    0xff, 0xff, 0xff, 0xff, 0xff, 0xff, 0xff, 0xff, 0xff, 0xff, 0xff, 0xff, 0xff, 0xff, 0xff, 0xff,
    0xff, 0xff, 0xff, 0xff, 0xff, 0xff, 0xff, 0xff, 0xff, 0xff, 0xff, 0xff, 0xff, 0xff, 0xff, 0xff,
    0xff, 0xff, 0xff, 0xff, 0xff, 0xff, 0xff, 0xff, 0xff, 0xff, 0xff, 0xff, 0xff, 0xff, 0xff, 0xff,
    0xff, 0xff, 0xff, 0xff, 0xff, 0xff, 0xff, 0xff, 0xff, 0xff, 0xff, 0xff, 0xff, 0xff, 0xff, 0xff,
    0xff, 0xff, 0xff, 0xff, 0xff, 0xff, 0xff, 0xff, 0xff, 0xff, 0xff, 0xff, 0xff, 0xff, 0xff, 0xff,
    0xff, 0xff, 0xff, 0xff, 0xff, 0xff, 0xff, 0xff, 0xff, 0xff, 0xff, 0xff, 0xff, 0xff, 0xff, 0xff,
    0xff, 0xff, 0xff, 0xff, 0xff, 0xff, 0xff, 0xff, 0xff, 0xff, 0xff, 0xff, 0xff, 0xff, 0xff, 0xff,
    0xff, 0xff, 0xff, 0xff, 0xff, 0xff, 0xff, 0xff, 0xff, 0xff, 0xff, 0xff, 0xff, 0xff, 0xff, 0xff,
    0xff, 0xff, 0xff, 0xff, 0xff, 0xff, 0xff, 0xff, 0xff, 0xff, 0xff, 0xff, 0xff, 0xff, 0xff, 0xff,
    0xff, 0xff, 0xff, 0xff, 0xff, 0xff, 0xff, 0xff, 0xff, 0xff, 0xff, 0xff, 0xff, 0xff, 0xff, 0xff,
    0xff, 0xff, 0xff, 0xff, 0xff, 0xff, 0xff, 0xff, 0xff, 0xff, 0xff, 0xff, 0xff, 0xff, 0xff, 0xff,
    0xff, 0xff, 0xff, 0xff, 0xff, 0xff, 0xff, 0xff, 0xff, 0xff, 0xff, 0xff, 0xff, 0xff, 0xff, 0xff,
    0xff, 0xff, 0xff, 0xff, 0xff, 0xff, 0xff, 0xff, 0xff, 0xff, 0xff, 0xff, 0xff, 0xff, 0xff, 0xff,
    0xff, 0xff, 0xff, 0xff, 0xff, 0xff, 0xff, 0xff, 0xff, 0xff, 0xff, 0xff, 0xff, 0xff, 0xff, 0xff,
    0xff, 0xff, 0xff, 0xff, 0xff, 0xff, 0xff, 0xff, 0xff, 0xff, 0xff, 0xff, 0xff, 0xff, 0xff, 0xff,
    0xff, 0xff, 0xff, 0xff, 0xff, 0xff, 0xff, 0xff, 0xff, 0xff, 0xff, 0xff, 0xff, 0xff, 0xff, 0xff,
    0xff, 0xff, 0xff, 0xff, 0xff, 0xff, 0xff, 0xff, 0xff, 0xff, 0xff, 0xff, 0xff, 0xff, 0xff, 0xff,
    0xff, 0xff, 0xff, 0xff, 0xff, 0xff, 0xff, 0xff, 0xff, 0xff, 0xff, 0xff, 0xff, 0xff, 0xff, 0xff,
    0xff, 0xff, 0xff, 0xff, 0xff, 0xff, 0xff, 0xff, 0xff, 0xff, 0xff, 0xff, 0xff, 0xff, 0xff, 0xff,
    0xff, 0xff, 0xff, 0xff, 0xff, 0xff, 0xff, 0xff, 0xff, 0xff, 0xff, 0xff, 0xff, 0xff, 0xff, 0xff,
    0xff, 0xff, 0xff, 0xff, 0xff, 0xff, 0xff, 0xff, 0xff, 0xff, 0xff, 0xff, 0xff, 0xff, 0xff, 0xff,
    0xff, 0xff, 0xff, 0xff, 0xff, 0xff, 0xff, 0xff, 0xff, 0xff, 0xff, 0xff, 0xff, 0xff, 0xff, 0xff,
    0xff, 0xff, 0xff, 0xff, 0xff, 0xff, 0xff, 0xff, 0xff, 0xff, 0xff, 0xff, 0xff, 0xff, 0xff, 0xff,
    0xff, 0xff, 0xff, 0xff, 0xff, 0xff, 0xff, 0xff, 0xff, 0xff, 0xff, 0xff, 0xff, 0xff, 0xff, 0xff,
    0xff, 0xff, 0xff, 0xff, 0xff, 0xff, 0xff, 0xff, 0xff, 0xff, 0xff, 0xff, 0xff, 0xff, 0xff, 0xff,
    0xff, 0xff, 0xff, 0xff, 0xff, 0xff, 0xff, 0xff, 0xff, 0xff, 0xff, 0xff, 0xff, 0xff, 0xff, 0xff,
    0xff, 0xff, 0xff, 0xff, 0xff, 0xff, 0xff, 0xff, 0xff, 0xff, 0xff, 0xff, 0xff, 0xff, 0xff, 0xff,
    0xff, 0xff, 0xff, 0xff, 0xff, 0xff, 0xff, 0xff, 0xff, 0xff, 0xff, 0xff, 0xff, 0xff, 0xff, 0xff,
    0xff, 0xff, 0xff, 0xff, 0xff, 0xff, 0xff, 0xff, 0xff, 0xff, 0xff, 0xff, 0xff, 0xff, 0xff, 0xff,
    0xff, 0xff, 0xff, 0xff, 0xff, 0xff, 0xff, 0xff, 0xff, 0xff, 0xff, 0xff, 0xff, 0xff, 0xff, 0xff,
    0xff, 0xff, 0xff, 0xff, 0xff, 0xff, 0xff, 0xff, 0xff, 0xff, 0xff, 0xff, 0xff, 0xff, 0xff, 0xff,
    0xff, 0xff, 0xff, 0xff, 0xff, 0xff, 0xff, 0xff, 0xff, 0xff, 0xff, 0xff, 0xff, 0xff, 0xff, 0xff,
    0xff, 0xff, 0xff, 0xff, 0xff, 0xff, 0xff, 0xff, 0xff, 0xff, 0xff, 0xff, 0xff, 0xff, 0xff, 0xff,
    0xff, 0xff, 0xff, 0xff, 0xff, 0xff, 0xff, 0xff, 0xff, 0xff, 0xff, 0xff, 0xff, 0xff, 0xff, 0xff,
    0xff, 0xff, 0xff, 0xff, 0xff, 0xff, 0xff, 0xff, 0xff, 0xff, 0xff, 0xff, 0xff, 0xff, 0xff, 0xff,
    0xff, 0xff, 0xff, 0xff, 0xff, 0xff, 0xff, 0xff, 0xff, 0xff, 0xff, 0xff, 0xff, 0xff, 0xff, 0xff,
    0xff, 0xff, 0xff, 0xff, 0xff, 0xff, 0xff, 0xff, 0xff, 0xff, 0xff, 0xff, 0xff, 0xff, 0xff, 0xff,
    0xff, 0xff, 0xff, 0xff, 0xff, 0xff, 0xff, 0xff, 0xff, 0xff, 0xff, 0xff, 0xff, 0xff, 0xff, 0xff,
    0xff, 0xff, 0xff, 0xff, 0xff, 0xff, 0xff, 0xff, 0xff, 0xff, 0xff, 0xff, 0xff, 0xff, 0xff, 0xff,
    0xff, 0xff, 0xff, 0xff, 0xff, 0xff, 0xff, 0xff, 0xff, 0xff, 0xff, 0xff, 0xff, 0xff, 0xff, 0xff,
    0xff, 0xff, 0xff, 0xff, 0xff, 0xff, 0xff, 0xff, 0xff, 0xff, 0xff, 0xff, 0xff, 0xff, 0xff, 0xff,
    0xff, 0xff, 0xff, 0xff, 0xff, 0xff, 0xff, 0xff, 0xff, 0xff, 0xff, 0xff, 0xff, 0xff, 0xff, 0xff,
    0xff, 0xff, 0xff, 0xff, 0xff, 0xff, 0xff, 0xff, 0xff, 0xff, 0xff, 0xff, 0xff, 0xff, 0xff, 0xff,
    0xff, 0xff, 0xff, 0xff, 0xff, 0xff, 0xff, 0xff, 0xff, 0xff, 0xff, 0xff, 0xff, 0xff, 0xff, 0xff,
    0xff, 0xff, 0xff, 0xff, 0xff, 0xff, 0xff, 0xff, 0xff, 0xff, 0xff, 0xff, 0xff, 0xff, 0xff, 0xff,
    0xff, 0xff, 0xff, 0xff, 0xff, 0xff, 0xff, 0xff, 0xff, 0xff, 0xff, 0xff, 0xff, 0xff, 0xff, 0xff,
    0xff, 0xff, 0xff, 0xff, 0xff, 0xff, 0xff, 0xff, 0xff, 0xff, 0xff, 0xff, 0xff, 0xff, 0xff, 0xff,
    0xff, 0xff, 0xff, 0xff, 0xff, 0xff, 0xff, 0xff, 0xff, 0xff, 0xff, 0xff, 0xff, 0xff, 0xff, 0xff,
    0xff, 0xff, 0xff, 0xff, 0xff, 0xff, 0xff, 0xff, 0xff, 0xff, 0xff, 0xff, 0xff, 0xff, 0xff, 0xff,
    0xff, 0xff, 0xff, 0xff, 0xff, 0xff, 0xff, 0xff, 0xff, 0xff, 0xff, 0xff, 0xff, 0xff, 0xff, 0xff,
    0xff, 0xff, 0xff, 0xff, 0xff, 0xff, 0xff, 0xff, 0xff, 0xff, 0xff, 0xff, 0xff, 0xff, 0xff, 0xff,
    0xff, 0xff, 0xff, 0xff, 0xff, 0xff, 0xff, 0xff, 0xff, 0xff, 0xff, 0xff, 0xff, 0xff, 0xff, 0xff,
    0xff, 0xff, 0xff, 0xff, 0xff, 0xff, 0xff, 0xff, 0xff, 0xff, 0xff, 0xff, 0xff, 0xff, 0xff, 0xff,
    0xff, 0xff, 0xff, 0xff, 0xff, 0xff, 0xff, 0xff, 0xff, 0xff, 0xff, 0xff, 0xff, 0xff, 0xff, 0xff,
    0xff, 0xff, 0xff, 0xff, 0xff, 0xff, 0xff, 0xff, 0xff, 0xff, 0xff, 0xff, 0xff, 0xff, 0xff, 0xff,
    0xff, 0xff, 0xff, 0xff, 0xff, 0xff, 0xff, 0xff, 0xff, 0xff, 0xff, 0xff, 0xff, 0xff, 0xff, 0xff,
    0xff, 0xff, 0xff, 0xff, 0xff, 0xff, 0xff, 0xff, 0xff, 0xff, 0xff, 0xff, 0xff, 0xff, 0xff, 0xff,
    0xff, 0xff, 0xff, 0xff, 0xff, 0xff, 0xff, 0xff, 0xff, 0xff, 0xff, 0xff, 0xff, 0xff, 0xff, 0xff,
    0xff, 0xff, 0xff, 0xff, 0xff, 0xff, 0xff, 0xff, 0xff, 0xff, 0xff, 0xff, 0xff, 0xff, 0xff, 0xff,
    0xff, 0xff, 0xff, 0xff, 0xff, 0xff, 0xff, 0xff, 0xff, 0xff, 0xff, 0xff, 0xff, 0xff, 0xff, 0xff,
    0xff, 0xff, 0xff, 0xff, 0xff, 0xff, 0xff, 0xff, 0xff, 0xff, 0xff, 0xff, 0xff, 0xff, 0xff, 0xff,
    0xff, 0xff, 0xff, 0xff, 0xff, 0xff, 0xff, 0xff, 0xff, 0xff, 0xff, 0xff, 0xff, 0xff, 0xff, 0xff,
    0xff, 0xff, 0xff, 0xff, 0xff, 0xff, 0xff, 0xff, 0xff, 0xff, 0xff, 0xff, 0xff, 0xff, 0xff, 0xff,
    0xff, 0xff, 0xff, 0xff, 0xff, 0xff, 0xff, 0xff, 0xff, 0xff, 0xff, 0xff, 0xff, 0xff, 0xff, 0xff,
    0xff, 0xff, 0xff, 0xff, 0xff, 0xff, 0xff, 0xff, 0xff, 0xff, 0xff, 0xff, 0xff, 0xff, 0xff, 0xff,
    0xff, 0xff, 0xff, 0xff, 0xff, 0xff, 0xff, 0xff, 0xff, 0xff, 0xff, 0xff, 0xff, 0xff, 0xff, 0xff,
    0xff, 0xff, 0xff, 0xff, 0xff, 0xff, 0xff, 0xff, 0xff, 0xff, 0xff, 0xff, 0xff, 0xff, 0xff, 0xff,
    0xff, 0xff, 0xff, 0xff, 0xff, 0xff, 0xff, 0xff, 0xff, 0xff, 0xff, 0xff, 0xff, 0xff, 0xff, 0xff,
    0xff, 0xff, 0xff, 0xff, 0xff, 0xff, 0xff, 0xff, 0xff, 0xff, 0xff, 0xff, 0xff, 0xff, 0xff, 0xff,
    0xff, 0xff, 0xff, 0xff, 0xff, 0xff, 0xff, 0xff, 0xff, 0xff, 0xff, 0xff, 0xff, 0xff, 0xff, 0xff,
    0xff, 0xff, 0xff, 0xff, 0xff, 0xff, 0xff, 0xff, 0xff, 0xff, 0xff, 0xff, 0xff, 0xff, 0xff, 0xff,
    0xff, 0xff, 0xff, 0xff, 0xff, 0xff, 0xff, 0xff, 0xff, 0xff, 0xff, 0xff, 0xff, 0xff, 0xff, 0xff,
    0xff, 0xff, 0xff, 0xff, 0xff, 0xff, 0xff, 0xff, 0xff, 0xff, 0xff, 0xff, 0xff, 0xff, 0xff, 0xff,
    0xff, 0xff, 0xff, 0xff, 0xff, 0xff, 0xff, 0xff, 0xff, 0xff, 0xff, 0xff, 0xff, 0xff, 0xff, 0xff,
    0xff, 0xff, 0xff, 0xff, 0xff, 0xff, 0xff, 0xff, 0xff, 0xff, 0xff, 0xff, 0xff, 0xff, 0xff, 0xff,
    0xff, 0xff, 0xff, 0xff, 0xff, 0xff, 0xff, 0xff, 0xff, 0xff, 0xff, 0xff, 0xff, 0xff, 0xff, 0xff,
    0xff, 0xff, 0xff, 0xff, 0xff, 0xff, 0xff, 0xff, 0xff, 0xff, 0xff, 0xff, 0xff, 0xff, 0xff, 0xff,
    0xff, 0xff, 0xff, 0xff, 0xff, 0xff, 0xff, 0xff, 0xff, 0xff, 0xff, 0xff, 0xff, 0xff, 0xff, 0xff,
    0xff, 0xff, 0xff, 0xff, 0xff, 0xff, 0xff, 0xff, 0xff, 0xff, 0xff, 0xff, 0xff, 0xff, 0xff, 0xff,
    0xff, 0xff, 0xff, 0xff, 0xff, 0xff, 0xff, 0xff, 0xff, 0xff, 0xff, 0xff, 0xff, 0xff, 0xff, 0xff,
    0xff, 0xff, 0xff, 0xff, 0xff, 0xff, 0xff, 0xff, 0xff, 0xff, 0xff, 0xff, 0xff, 0xff, 0xff, 0xff,
    0xff, 0xff, 0xff, 0xff, 0xff, 0xff, 0xff, 0xff, 0xff, 0xff, 0xff, 0xff, 0xff, 0xff, 0xff, 0xff,
    0xff, 0xff, 0xff, 0xff, 0xff, 0xff, 0xff, 0xff, 0xff, 0xff, 0xff, 0xff, 0xff, 0xff, 0xff, 0xff,
    0xff, 0xff, 0xff, 0xff, 0xff, 0xff, 0xff, 0xff, 0xff, 0xff, 0xff, 0xff, 0xff, 0xff, 0xff, 0xff,
    0xff, 0xff, 0xff, 0xff, 0xff, 0xff, 0xff, 0xff, 0xff, 0xff, 0xff, 0xff, 0xff, 0xff, 0xff, 0xff,
    0xff, 0xff, 0xff, 0xff, 0xff, 0xff, 0xff, 0xff, 0xff, 0xff, 0xff, 0xff, 0xff, 0xff, 0xff, 0xff,
    0xff, 0xff, 0xff, 0xff, 0xff, 0xff, 0xff, 0xff, 0xff, 0xff, 0xff, 0xff, 0xff, 0xff, 0xff, 0xff,
    0xff, 0xff, 0xff, 0xff, 0xff, 0xff, 0xff, 0xff, 0xff, 0xff, 0xff, 0xff, 0xff, 0xff, 0xff, 0xff,
    0xff, 0xff, 0xff, 0xff, 0xff, 0xff, 0xff, 0xff, 0xff, 0xff, 0xff, 0xff, 0xff, 0xff, 0xff, 0xff,
    0xff, 0xff, 0xff, 0xff, 0xff, 0xff, 0xff, 0xff, 0xff, 0xff, 0xff, 0xff, 0xff, 0xff, 0xff, 0xff,
    0xff, 0xff, 0xff, 0xff, 0xff, 0xff, 0xff, 0xff, 0xff, 0xff, 0xff, 0xff, 0xff, 0xff, 0xff, 0xff,
    0xff, 0xff, 0xff, 0xff, 0xff, 0xff, 0xff, 0xff, 0xff, 0xff, 0xff, 0xff, 0xff, 0xff, 0xff, 0xff,
    0xff, 0xff, 0xff, 0xff, 0xff, 0xff, 0xff, 0xff, 0xff, 0xff, 0xff, 0xff, 0xff, 0xff, 0xff, 0xff,
    0xff, 0xff, 0xff, 0xff, 0xff, 0xff, 0xff, 0xff, 0xff, 0xff, 0xff, 0xff, 0xff, 0xff, 0xff, 0xff,
    0xff, 0xff, 0xff, 0xff, 0xff, 0xff, 0xff, 0xff, 0xff, 0xff, 0xff, 0xff, 0xff, 0xff, 0xff, 0xff,
    0xff, 0xff, 0xff, 0xff, 0xff, 0xff, 0xff, 0xff, 0xff, 0xff, 0xff, 0xff, 0xff, 0xff, 0xff, 0xff,
    0xff, 0xff, 0xff, 0xff, 0xff, 0xff, 0xff, 0xff, 0xff, 0xff, 0xff, 0xff, 0xff, 0xff, 0xff, 0xff,
    0xff, 0xff, 0xff, 0xff, 0xff, 0xff, 0xff, 0xff, 0xff, 0xff, 0xff, 0xff, 0xff, 0xff, 0xff, 0xff,
    0xff, 0xff, 0xff, 0xff, 0xff, 0xff, 0xff, 0xff, 0xff, 0xff, 0xff, 0xff, 0xff, 0xff, 0xff, 0xff,
    0xff, 0xff, 0xff, 0xff, 0xff, 0xff, 0xff, 0xff, 0xff, 0xff, 0xff, 0xff, 0xff, 0xff, 0xff, 0xff,
    0xff, 0xff, 0xff, 0xff, 0xff, 0xff, 0xff, 0xff, 0xff, 0xff, 0xff, 0xff, 0xff, 0xff, 0xff, 0xff,
    0xff, 0xff, 0xff, 0xff, 0xff, 0xff, 0xff, 0xff, 0xff, 0xff, 0xff, 0xff, 0xff, 0xff, 0xff, 0xff,
    0xff, 0xff, 0xff, 0xff, 0xff, 0xff, 0xff, 0xff, 0xff, 0xff, 0xff, 0xff, 0xff, 0xff, 0xff, 0xff,
    0xff, 0xff, 0xff, 0xff, 0xff, 0xff, 0xff, 0xff, 0xff, 0xff, 0xff, 0xff, 0xff, 0xff, 0xff, 0xff,
    0xff, 0xff, 0xff, 0xff, 0xff, 0xff, 0xff, 0xff, 0xff, 0xff, 0xff, 0xff, 0xff, 0xff, 0xff, 0xff,
    0xff, 0xff, 0xff, 0xff, 0xff, 0xff, 0xff, 0xff, 0xff, 0xff, 0xff, 0xff, 0xff, 0xff, 0xff, 0xff,
    0xff, 0xff, 0xff, 0xff, 0xff, 0xff, 0xff, 0xff, 0xff, 0xff, 0xff, 0xff, 0xff, 0xff, 0xff, 0xff,
    0xff, 0xff, 0xff, 0xff, 0xff, 0xff, 0xff, 0xff, 0xff, 0xff, 0xff, 0xff, 0xff, 0xff, 0xff, 0xff,
    0xff, 0xff, 0xff, 0xff, 0xff, 0xff, 0xff, 0xff, 0xff, 0xff, 0xff, 0xff, 0xff, 0xff, 0xff, 0xff,
    0xff, 0xff, 0xff, 0xff, 0xff, 0xff, 0xff, 0xff, 0xff, 0xff, 0xff, 0xff, 0xff, 0xff, 0xff, 0xff,
    0xff, 0xff, 0xff, 0xff, 0xff, 0xff, 0xff, 0xff, 0xff, 0xff, 0xff, 0xff, 0xff, 0xff, 0xff, 0xff,
    0xff, 0xff, 0xff, 0xff, 0xff, 0xff, 0xff, 0xff, 0xff, 0xff, 0xff, 0xff, 0xff, 0xff, 0xff, 0xff,
    0xff, 0xff, 0xff, 0xff, 0xff, 0xff, 0xff, 0xff, 0xff, 0xff, 0xff, 0xff, 0xff, 0xff, 0xff, 0xff,
    0xff, 0xff, 0xff, 0xff, 0xff, 0xff, 0xff, 0xff, 0xff, 0xff, 0xff, 0xff, 0xff, 0xff, 0xff, 0xff,
    0xff, 0xff, 0xff, 0xff, 0xff, 0xff, 0xff, 0xff, 0xff, 0xff, 0xff, 0xff, 0xff, 0xff, 0xff, 0xff,
    0xff, 0xff, 0xff, 0xff, 0xff, 0xff, 0xff, 0xff, 0xff, 0xff, 0xff, 0xff, 0xff, 0xff, 0xff, 0xff,
    0xff, 0xff, 0xff, 0xff, 0xff, 0xff, 0xff, 0xff, 0xff, 0xff, 0xff, 0xff, 0xff, 0xff, 0xff, 0xff,
    0xff, 0xff, 0xff, 0xff, 0xff, 0xff, 0xff, 0xff, 0xff, 0xff, 0xff, 0xff, 0xff, 0xff, 0xff, 0xff,
    0xff, 0xff, 0xff, 0xff, 0xff, 0xff, 0xff, 0xff, 0xff, 0xff, 0xff, 0xff, 0xff, 0xff, 0xff, 0xff,
    0xff, 0xff, 0xff, 0xff, 0xff, 0xff, 0xff, 0xff, 0xff, 0xff, 0xff, 0xff, 0xff, 0xff, 0xff, 0xff,
    0xff, 0xff, 0xff, 0xff, 0xff, 0xff, 0xff, 0xff, 0xff, 0xff, 0xff, 0xff, 0xff, 0xff, 0xff, 0xff,
    0xff, 0xff, 0xff, 0xff, 0xff, 0xff, 0xff, 0xff, 0xff, 0xff, 0xff, 0xff, 0xff, 0xff, 0xff, 0xff,
    0xff, 0xff, 0xff, 0xff, 0xff, 0xff, 0xff, 0xff, 0xff, 0xff, 0xff, 0xff, 0xff, 0xff, 0xff, 0xff,
    0xff, 0xff, 0xff, 0xff, 0xff, 0xff, 0xff, 0xff, 0xff, 0xff, 0xff, 0xff, 0xff, 0xff, 0xff, 0xff,
    0xff, 0xff, 0xff, 0xff, 0xff, 0xff, 0xff, 0xff, 0xff, 0xff, 0xff, 0xff, 0xff, 0xff, 0xff, 0xff,
    0xff, 0xff, 0xff, 0xff, 0xff, 0xff, 0xff, 0xff, 0xff, 0xff, 0xff, 0xff, 0xff, 0xff, 0xff, 0xff,
    0xff, 0xff, 0xff, 0xff, 0xff, 0xff, 0xff, 0xff, 0xff, 0xff, 0xff, 0xff, 0xff, 0xff, 0xff, 0xff,
    0xff, 0xff, 0xff, 0xff, 0xff, 0xff, 0xff, 0xff, 0xff, 0xff, 0xff, 0xff, 0xff, 0xff, 0xff, 0xff,
    0xff, 0xff, 0xff, 0xff, 0xff, 0xff, 0xff, 0xff, 0xff, 0xff, 0xff, 0xff, 0xff, 0xff, 0xff, 0xff,
    0xff, 0xff, 0xff, 0xff, 0xff, 0xff, 0xff, 0xff, 0xff, 0xff, 0xff, 0xff, 0xff, 0xff, 0xff, 0xff,
    0xff, 0xff, 0xff, 0xff, 0xff, 0xff, 0xff, 0xff, 0xff, 0xff, 0xff, 0xff, 0xff, 0xff, 0xff, 0xff,
    0xff, 0xff, 0xff, 0xff, 0xff, 0xff, 0xff, 0xff, 0xff, 0xff, 0xff, 0xff, 0xff, 0xff, 0xff, 0xff,
    0xff, 0xff, 0xff, 0xff, 0xff, 0xff, 0xff, 0xff, 0xff, 0xff, 0xff, 0xff, 0xff, 0xff, 0xff, 0xff,
    0xff, 0xff, 0xff, 0xff, 0xff, 0xff, 0xff, 0xff, 0xff, 0xff, 0xff, 0xff, 0xff, 0xff, 0xff, 0xff,
    0xff, 0xff, 0xff, 0xff, 0xff, 0xff, 0xff, 0xff, 0xff, 0xff, 0xff, 0xff, 0xff, 0xff, 0xff, 0xff,
    0xff, 0xff, 0xff, 0xff, 0xff, 0xff, 0xff, 0xff, 0xff, 0xff, 0xff, 0xff, 0xff, 0xff, 0xff, 0xff,
    0xff, 0xff, 0xff, 0xff, 0xff, 0xff, 0xff, 0xff, 0xff, 0xff, 0xff, 0xff, 0xff, 0xff, 0xff, 0xff,
    0xff, 0xff, 0xff, 0xff, 0xff, 0xff, 0xff, 0xff, 0xff, 0xff, 0xff, 0xff, 0xff, 0xff, 0xff, 0xff,
    0xff, 0xff, 0xff, 0xff, 0xff, 0xff, 0xff, 0xff, 0xff, 0xff, 0xff, 0xff, 0xff, 0xff, 0xff, 0xff,
    0xff, 0xff, 0xff, 0xff, 0xff, 0xff, 0xff, 0xff, 0xff, 0xff, 0xff, 0xff, 0xff, 0xff, 0xff, 0xff,
    0xff, 0xff, 0xff, 0xff, 0xff, 0xff, 0xff, 0xff, 0xff, 0xff, 0xff, 0xff, 0xff, 0xff, 0xff, 0xff,
    0xff, 0xff, 0xff, 0xff, 0xff, 0xff, 0xff, 0xff, 0xff, 0xff, 0xff, 0xff, 0xff, 0xff, 0xff, 0xff,
    0xff, 0xff, 0xff, 0xff, 0xff, 0xff, 0xff, 0xff, 0xff, 0xff, 0xff, 0xff, 0xff, 0xff, 0xff, 0xff,
    0xff, 0xff, 0xff, 0xff, 0xff, 0xff, 0xff, 0xff, 0xff, 0xff, 0xff, 0xff, 0xff, 0xff, 0xff, 0xff,
    0xff, 0xff, 0xff, 0xff, 0xff, 0xff, 0xff, 0xff, 0xff, 0xff, 0xff, 0xff, 0xff, 0xff, 0xff, 0xff,
    0xff, 0xff, 0xff, 0xff, 0xff, 0xff, 0xff, 0xff, 0xff, 0xff, 0xff, 0xff, 0xff, 0xff, 0xff, 0xff,
    0xff, 0xff, 0xff, 0xff, 0xff, 0xff, 0xff, 0xff, 0xff, 0xff, 0xff, 0xff, 0xff, 0xff, 0xff, 0xff,
    0xff, 0xff, 0xff, 0xff, 0xff, 0xff, 0xff, 0xff, 0xff, 0xff, 0xff, 0xff, 0xff, 0xff, 0xff, 0xff,
    0xff, 0xff, 0xff, 0xff, 0xff, 0xff, 0xff, 0xff, 0xff, 0xff, 0xff, 0xff, 0xff, 0xff, 0xff, 0xff,
    0xff, 0xff, 0xff, 0xff, 0xff, 0xff, 0xff, 0xff, 0xff, 0xff, 0xff, 0xff, 0xff, 0xff, 0xff, 0xff,
    0xff, 0xff, 0xff, 0xff, 0xff, 0xff, 0xff, 0xff, 0xff, 0xff, 0xff, 0xff, 0xff, 0xff, 0xff, 0xff,
    0xff, 0xff, 0xff, 0xff, 0xff, 0xff, 0xff, 0xff, 0xff, 0xff, 0xff, 0xff, 0xff, 0xff, 0xff, 0xff,
    0xff, 0xff, 0xff, 0xff, 0xff, 0xff, 0xff, 0xff, 0xff, 0xff, 0xff, 0xff, 0xff, 0xff, 0xff, 0xff,
    0xff, 0xff, 0xff, 0xff, 0xff, 0xff, 0xff, 0xff, 0xff, 0xff, 0xff, 0xff, 0xff, 0xff, 0xff, 0xff,
    0xff, 0xff, 0xff, 0xff, 0xff, 0xff, 0xff, 0xff, 0xff, 0xff, 0xff, 0xff, 0xff, 0xff, 0xff, 0xff,
    0xff, 0xff, 0xff, 0xff, 0xff, 0xff, 0xff, 0xff, 0xff, 0xff, 0xff, 0xff, 0xff, 0xff, 0xff, 0xff,
    0xff, 0xff, 0xff, 0xff, 0xff, 0xff, 0xff, 0xff, 0xff, 0xff, 0xff, 0xff, 0xff, 0xff, 0xff, 0xff,
    0xff, 0xff, 0xff, 0xff, 0xff, 0xff, 0xff, 0xff, 0xff, 0xff, 0xff, 0xff, 0xff, 0xff, 0xff, 0xff,
    0xff, 0xff, 0xff, 0xff, 0xff, 0xff, 0xff, 0xff, 0xff, 0xff, 0xff, 0xff, 0xff, 0xff, 0xff, 0xff,
    0xff, 0xff, 0xff, 0xff, 0xff, 0xff, 0xff, 0xff, 0xff, 0xff, 0xff, 0xff, 0xff, 0xff, 0xff, 0xff,
    0xff, 0xff, 0xff, 0xff, 0xff, 0xff, 0xff, 0xff, 0xff, 0xff, 0xff, 0xff, 0xff, 0xff, 0xff, 0xff,
    0xff, 0xff, 0xff, 0xff, 0xff, 0xff, 0xff, 0xff, 0xff, 0xff, 0xff, 0xff, 0xff, 0xff, 0xff, 0xff,
    0xff, 0xff, 0xff, 0xff, 0xff, 0xff, 0xff, 0xff, 0xff, 0xff, 0xff, 0xff, 0xff, 0xff, 0xff, 0xff,
    0xff, 0xff, 0xff, 0xff, 0xff, 0xff, 0xff, 0xff, 0xff, 0xff, 0xff, 0xff, 0xff, 0xff, 0xff, 0xff,
    0xff, 0xff, 0xff, 0xff, 0xff, 0xff, 0xff, 0xff, 0xff, 0xff, 0xff, 0xff, 0xff, 0xff, 0xff, 0xff,
    0xff, 0xff, 0xff, 0xff, 0xff, 0xff, 0xff, 0xff, 0xff, 0xff, 0xff, 0xff, 0xff, 0xff, 0xff, 0xff,
    0xff, 0xff, 0xff, 0xff, 0xff, 0xff, 0xff, 0xff, 0xff, 0xff, 0xff, 0xff, 0xff, 0xff, 0xff, 0xff,
    0xff, 0xff, 0xff, 0xff, 0xff, 0xff, 0xff, 0xff, 0xff, 0xff, 0xff, 0xff, 0xff, 0xff, 0xff, 0xff,
    0xff, 0xff, 0xff, 0xff, 0xff, 0xff, 0xff, 0xff, 0xff, 0xff, 0xff, 0xff, 0xff, 0xff, 0xff, 0xff,
    0xff, 0xff, 0xff, 0xff, 0xff, 0xff, 0xff, 0xff, 0xff, 0xff, 0xff, 0xff, 0xff, 0xff, 0xff, 0xff,
    0xff, 0xff, 0xff, 0xff, 0xff, 0xff, 0xff, 0xff, 0xff, 0xff, 0xff, 0xff, 0xff, 0xff, 0xff, 0xff,
    0xff, 0xff, 0xff, 0xff, 0xff, 0xff, 0xff, 0xff, 0xff, 0xff, 0xff, 0xff, 0xff, 0xff, 0xff, 0xff,
    0xff, 0xff, 0xff, 0xff, 0xff, 0xff, 0xff, 0xff, 0xff, 0xff, 0xff, 0xff, 0xff, 0xff, 0xff, 0xff,
    0xff, 0xff, 0xff, 0xff, 0xff, 0xff, 0xff, 0xff, 0xff, 0xff, 0xff, 0xff, 0xff, 0xff, 0xff, 0xff,
    0xff, 0xff, 0xff, 0xff, 0xff, 0xff, 0xff, 0xff, 0xff, 0xff, 0xff, 0xff, 0xff, 0xff, 0xff, 0xff,
    0xff, 0xff, 0xff, 0xff, 0xff, 0xff, 0xff, 0xff, 0xff, 0xff, 0xff, 0xff, 0xff, 0xff, 0xff, 0xff,
    0xff, 0xff, 0xff, 0xff, 0xff, 0xff, 0xff, 0xff, 0xff, 0xff, 0xff, 0xff, 0xff, 0xff, 0xff, 0xff,
    0xff, 0xff, 0xff, 0xff, 0xff, 0xff, 0xff, 0xff, 0xff, 0xff, 0xff, 0xff, 0xff, 0xff, 0xff, 0xff,
    0xff, 0xff, 0xff, 0xff, 0xff, 0xff, 0xff, 0xff, 0xff, 0xff, 0xff, 0xff, 0xff, 0xff, 0xff, 0xff,
    0xff, 0xff, 0xff, 0xff, 0xff, 0xff, 0xff, 0xff, 0xff, 0xff, 0xff, 0xff, 0xff, 0xff, 0xff, 0xff,
    0xff, 0xff, 0xff, 0xff, 0xff, 0xff, 0xff, 0xff, 0xff, 0xff, 0xff, 0xff, 0xff, 0xff, 0xff, 0xff,
    0xff, 0xff, 0xff, 0xff, 0xff, 0xff, 0xff, 0xff, 0xff, 0xff, 0xff, 0xff, 0xff, 0xff, 0xff, 0xff,
    0xff, 0xff, 0xff, 0xff, 0xff, 0xff, 0xff, 0xff, 0xff, 0xff, 0xff, 0xff, 0xff, 0xff, 0xff, 0xff,
    0xff, 0xff, 0xff, 0xff, 0xff, 0xff, 0xff, 0xff, 0xff, 0xff, 0xff, 0xff, 0xff, 0xff, 0xff, 0xff,
    0xff, 0xff, 0xff, 0xff, 0xff, 0xff, 0xff, 0xff, 0xff, 0xff, 0xff, 0xff, 0xff, 0xff, 0xff, 0xff,
    0xff, 0xff, 0xff, 0xff, 0xff, 0xff, 0xff, 0xff, 0xff, 0xff, 0xff, 0xff, 0xff, 0xff, 0xff, 0xff,
    0xff, 0xff, 0xff, 0xff, 0xff, 0xff, 0xff, 0xff, 0xff, 0xff, 0xff, 0xff, 0xff, 0xff, 0xff, 0xff,
    0xff, 0xff, 0xff, 0xff, 0xff, 0xff, 0xff, 0xff, 0xff, 0xff, 0xff, 0xff, 0xff, 0xff, 0xff, 0xff,
    0xff, 0xff, 0xff, 0xff, 0xff, 0xff, 0xff, 0xff, 0xff, 0xff, 0xff, 0xff, 0xff, 0xff, 0xff, 0xff,
    0xff, 0xff, 0xff, 0xff, 0xff, 0xff, 0xff, 0xff, 0xff, 0xff, 0xff, 0xff, 0xff, 0xff, 0xff, 0xff,
    0xff, 0xff, 0xff, 0xff, 0xff, 0xff, 0xff, 0xff, 0xff, 0xff, 0xff, 0xff, 0xff, 0xff, 0xff, 0xff,
    0xff, 0xff, 0xff, 0xff, 0xff, 0xff, 0xff, 0xff, 0xff, 0xff, 0xff, 0xff, 0xff, 0xff, 0xff, 0xff,
    0xff, 0xff, 0xff, 0xff, 0xff, 0xff, 0xff, 0xff, 0xff, 0xff, 0xff, 0xff, 0xff, 0xff, 0xff, 0xff,
    0xff, 0xff, 0xff, 0xff, 0xff, 0xff, 0xff, 0xff, 0xff, 0xff, 0xff, 0xff, 0xff, 0xff, 0xff, 0xff,
    0xff, 0xff, 0xff, 0xff, 0xff, 0xff, 0xff, 0xff, 0xff, 0xff, 0xff, 0xff, 0xff, 0xff, 0xff, 0xff,
    0xff, 0xff, 0xff, 0xff, 0xff, 0xff, 0xff, 0xff, 0xff, 0xff, 0xff, 0xff, 0xff, 0xff, 0xff, 0xff,
    0xff, 0xff, 0xff, 0xff, 0xff, 0xff, 0xff, 0xff, 0xff, 0xff, 0xff, 0xff, 0xff, 0xff, 0xff, 0xff,
    0xff, 0xff, 0xff, 0xff, 0xff, 0xff, 0xff, 0xff, 0xff, 0xff, 0xff, 0xff, 0xff, 0xff, 0xff, 0xff,
    0xff, 0xff, 0xff, 0xff, 0xff, 0xff, 0xff, 0xff, 0xff, 0xff, 0xff, 0xff, 0xff, 0xff, 0xff, 0xff,
    0xff, 0xff, 0xff, 0xff, 0xff, 0xff, 0xff, 0xff, 0xff, 0xff, 0xff, 0xff, 0xff, 0xff, 0xff, 0xff,
    0xff, 0xff, 0xff, 0xff, 0xff, 0xff, 0xff, 0xff, 0xff, 0xff, 0xff, 0xff, 0xff, 0xff, 0xff, 0xff,
    0xff, 0xff, 0xff, 0xff, 0xff, 0xff, 0xff, 0xff, 0xff, 0xff, 0xff, 0xff, 0xff, 0xff, 0xff, 0xff,
    0xff, 0xff, 0xff, 0xff, 0xff, 0xff, 0xff, 0xff, 0xff, 0xff, 0xff, 0xff, 0xff, 0xff, 0xff, 0xff,
    0xff, 0xff, 0xff, 0xff, 0xff, 0xff, 0xff, 0xff, 0xff, 0xff, 0xff, 0xff, 0xff, 0xff, 0xff, 0xff,
    0xff, 0xff, 0xff, 0xff, 0xff, 0xff, 0xff, 0xff, 0xff, 0xff, 0xff, 0xff, 0xff, 0xff, 0xff, 0xff,
    0xff, 0xff, 0xff, 0xff, 0xff, 0xff, 0xff, 0xff, 0xff, 0xff, 0xff, 0xff, 0xff, 0xff, 0xff, 0xff,
    0xff, 0xff, 0xff, 0xff, 0xff, 0xff, 0xff, 0xff, 0xff, 0xff, 0xff, 0xff, 0xff, 0xff, 0xff, 0xff,
    0xff, 0xff, 0xff, 0xff, 0xff, 0xff, 0xff, 0xff, 0xff, 0xff, 0xff, 0xff, 0xff, 0xff, 0xff, 0xff,
    0xff, 0xff, 0xff, 0xff, 0xff, 0xff, 0xff, 0xff, 0xff, 0xff, 0xff, 0xff, 0xff, 0xff, 0xff, 0xff,
    0xff, 0xff, 0xff, 0xff, 0xff, 0xff, 0xff, 0xff, 0xff, 0xff, 0xff, 0xff, 0xff, 0xff, 0xff, 0xff,
    0xff, 0xff, 0xff, 0xff, 0xff, 0xff, 0xff, 0xff, 0xff, 0xff, 0xff, 0xff, 0xff, 0xff, 0xff, 0xff,
    0xff, 0xff, 0xff, 0xff, 0xff, 0xff, 0xff, 0xff, 0xff, 0xff, 0xff, 0xff, 0xff, 0xff, 0xff, 0xff,
    0xff, 0xff, 0xff, 0xff, 0xff, 0xff, 0xff, 0xff, 0xff, 0xff, 0xff, 0xff, 0xff, 0xff, 0xff, 0xff,
    0xff, 0xff, 0xff, 0xff, 0xff, 0xff, 0xff, 0xff, 0xff, 0xff, 0xff, 0xff, 0xff, 0xff, 0xff, 0xff,
    0xff, 0xff, 0xff, 0xff, 0xff, 0xff, 0xff, 0xff, 0xff, 0xff, 0xff, 0xff, 0xff, 0xff, 0xff, 0xff,
    0xff, 0xff, 0xff, 0xff, 0xff, 0xff, 0xff, 0xff, 0xff, 0xff, 0xff, 0xff, 0xff, 0xff, 0xff, 0xff,
    0xff, 0xff, 0xff, 0xff, 0xff, 0xff, 0xff, 0xff, 0xff, 0xff, 0xff, 0xff, 0xff, 0xff, 0xff, 0xff,
    0xff, 0xff, 0xff, 0xff, 0xff, 0xff, 0xff, 0xff, 0xff, 0xff, 0xff, 0xff, 0xff, 0xff, 0xff, 0xff,
    0xff, 0xff, 0xff, 0xff, 0xff, 0xff, 0xff, 0xff, 0xff, 0xff, 0xff, 0xff, 0xff, 0xff, 0xff, 0xff,
    0xff, 0xff, 0xff, 0xff, 0xff, 0xff, 0xff, 0xff, 0xff, 0xff, 0xff, 0xff, 0xff, 0xff, 0xff, 0xff,
    0xff, 0xff, 0xff, 0xff, 0xff, 0xff, 0xff, 0xff, 0xff, 0xff, 0xff, 0xff, 0xff, 0xff, 0xff, 0xff,
    0xff, 0xff, 0xff, 0xff, 0xff, 0xff, 0xff, 0xff, 0xff, 0xff, 0xff, 0xff, 0xff, 0xff, 0xff, 0xff,
    0xff, 0xff, 0xff, 0xff, 0xff, 0xff, 0xff, 0xff, 0xff, 0xff, 0xff, 0xff, 0xff, 0xff, 0xff, 0xff,
    0xff, 0xff, 0xff, 0xff, 0xff, 0xff, 0xff, 0xff, 0xff, 0xff, 0xff, 0xff, 0xff, 0xff, 0xff, 0xff,
    0xff, 0xff, 0xff, 0xff, 0xff, 0xff, 0xff, 0xff, 0xff, 0xff, 0xff, 0xff, 0xff, 0xff, 0xff, 0xff,
    0xff, 0xff, 0xff, 0xff, 0xff, 0xff, 0xff, 0xff, 0xff, 0xff, 0xff, 0xff, 0xff, 0xff, 0xff, 0xff,
    0xff, 0xff, 0xff, 0xff, 0xff, 0xff, 0xff, 0xff, 0xff, 0xff, 0xff, 0xff, 0xff, 0xff, 0xff, 0xff,
    0xff, 0xff, 0xff, 0xff, 0xff, 0xff, 0xff, 0xff, 0xff, 0xff, 0xff, 0xff, 0xff, 0xff, 0xff, 0xff,
    0xff, 0xff, 0xff, 0xff, 0xff, 0xff, 0xff, 0xff, 0xff, 0xff, 0xff, 0xff, 0xff, 0xff, 0xff, 0xff,
    0xff, 0xff, 0xff, 0xff, 0xff, 0xff, 0xff, 0xff, 0xff, 0xff, 0xff, 0xff, 0xff, 0xff, 0xff, 0xff,
    0xff, 0xff, 0xff, 0xff, 0xff, 0xff, 0xff, 0xff, 0xff, 0xff, 0xff, 0xff, 0xff, 0xff, 0xff, 0xff,
    0xff, 0xff, 0xff, 0xff, 0xff, 0xff, 0xff, 0xff, 0xff, 0xff, 0xff, 0xff, 0xff, 0xff, 0xff, 0xff,
    0xff, 0xff, 0xff, 0xff, 0xff, 0xff, 0xff, 0xff, 0xff, 0xff, 0xff, 0xff, 0xff, 0xff, 0xff, 0xff,
    0xff, 0xff, 0xff, 0xff, 0xff, 0xff, 0xff, 0xff, 0xff, 0xff, 0xff, 0xff, 0xff, 0xff, 0xff, 0xff,
    0xff, 0xff, 0xff, 0xff, 0xff, 0xff, 0xff, 0xff, 0xff, 0xff, 0xff, 0xff, 0xff, 0xff, 0xff, 0xff,
    0xff, 0xff, 0xff, 0xff, 0xff, 0xff, 0xff, 0xff, 0xff, 0xff, 0xff, 0xff, 0xff, 0xff, 0xff, 0xff,
    0xff, 0xff, 0xff, 0xff, 0xff, 0xff, 0xff, 0xff, 0xff, 0xff, 0xff, 0xff, 0xff, 0xff, 0xff, 0xff,
    0xff, 0xff, 0xff, 0xff, 0xff, 0xff, 0xff, 0xff, 0xff, 0xff, 0xff, 0xff, 0xff, 0xff, 0xff, 0xff,
    0xff, 0xff, 0xff, 0xff, 0xff, 0xff, 0xff, 0xff, 0xff, 0xff, 0xff, 0xff, 0xff, 0xff, 0xff, 0xff,
    0xff, 0xff, 0xff, 0xff, 0xff, 0xff, 0xff, 0xff, 0xff, 0xff, 0xff, 0xff, 0xff, 0xff, 0xff, 0xff,
    0xff, 0xff, 0xff, 0xff, 0xff, 0xff, 0xff, 0xff, 0xff, 0xff, 0xff, 0xff, 0xff, 0xff, 0xff, 0xff,
    0xff, 0xff, 0xff, 0xff, 0xff, 0xff, 0xff, 0xff, 0xff, 0xff, 0xff, 0xff, 0xff, 0xff, 0xff, 0xff,
    0xff, 0xff, 0xff, 0xff, 0xff, 0xff, 0xff, 0xff, 0xff, 0xff, 0xff, 0xff, 0xff, 0xff, 0xff, 0xff,
    0xff, 0xff, 0xff, 0xff, 0xff, 0xff, 0xff, 0xff, 0xff, 0xff, 0xff, 0xff, 0xff, 0xff, 0xff, 0xff,
    0xff, 0xff, 0xff, 0xff, 0xff, 0xff, 0xff, 0xff, 0xff, 0xff, 0xff, 0xff, 0xff, 0xff, 0xff, 0xff,
    0xff, 0xff, 0xff, 0xff, 0xff, 0xff, 0xff, 0xff, 0xff, 0xff, 0xff, 0xff, 0xff, 0xff, 0xff, 0xff,
    0xff, 0xff, 0xff, 0xff, 0xff, 0xff, 0xff, 0xff, 0xff, 0xff, 0xff, 0xff, 0xff, 0xff, 0xff, 0xff,
    0xff, 0xff, 0xff, 0xff, 0xff, 0xff, 0xff, 0xff, 0xff, 0xff, 0xff, 0xff, 0xff, 0xff, 0xff, 0xff,
    0xff, 0xff, 0xff, 0xff, 0xff, 0xff, 0xff, 0xff, 0xff, 0xff, 0xff, 0xff, 0xff, 0xff, 0xff, 0xff,
    0xff, 0xff, 0xff, 0xff, 0xff, 0xff, 0xff, 0xff, 0xff, 0xff, 0xff, 0xff, 0xff, 0xff, 0xff, 0xff,
    0xff, 0xff, 0xff, 0xff, 0xff, 0xff, 0xff, 0xff, 0xff, 0xff, 0xff, 0xff, 0xff, 0xff, 0xff, 0xff,
    0xff, 0xff, 0xff, 0xff, 0xff, 0xff, 0xff, 0xff, 0xff, 0xff, 0xff, 0xff, 0xff, 0xff, 0xff, 0xff,
    0xff, 0xff, 0xff, 0xff, 0xff, 0xff, 0xff, 0xff, 0xff, 0xff, 0xff, 0xff, 0xff, 0xff, 0xff, 0xff,
    0xff, 0xff, 0xff, 0xff, 0xff, 0xff, 0xff, 0xff, 0xff, 0xff, 0xff, 0xff, 0xff, 0xff, 0xff, 0xff,
    0xff, 0xff, 0xff, 0xff, 0xff, 0xff, 0xff, 0xff, 0xff, 0xff, 0xff, 0xff, 0xff, 0xff, 0xff, 0xff,
    0xff, 0xff, 0xff, 0xff, 0xff, 0xff, 0xff, 0xff, 0xff, 0xff, 0xff, 0xff, 0xff, 0xff, 0xff, 0xff,
    0xff, 0xff, 0xff, 0xff, 0xff, 0xff, 0xff, 0xff, 0xff, 0xff, 0xff, 0xff, 0xff, 0xff, 0xff, 0xff,
    0xff, 0xff, 0xff, 0xff, 0xff, 0xff, 0xff, 0xff, 0xff, 0xff, 0xff, 0xff, 0xff, 0xff, 0xff, 0xff,
    0xff, 0xff, 0xff, 0xff, 0xff, 0xff, 0xff, 0xff, 0xff, 0xff, 0xff, 0xff, 0xff, 0xff, 0xff, 0xff,
    0xff, 0xff, 0xff, 0xff, 0xff, 0xff, 0xff, 0xff, 0xff, 0xff, 0xff, 0xff, 0xff, 0xff, 0xff, 0xff,
    0xff, 0xff, 0xff, 0xff, 0xff, 0xff, 0xff, 0xff, 0xff, 0xff, 0xff, 0xff, 0xff, 0xff, 0xff, 0xff,
    0xff, 0xff, 0xff, 0xff, 0xff, 0xff, 0xff, 0xff, 0xff, 0xff, 0xff, 0xff, 0xff, 0xff, 0xff, 0xff,
    0xff, 0xff, 0xff, 0xff, 0xff, 0xff, 0xff, 0xff, 0xff, 0xff, 0xff, 0xff, 0xff, 0xff, 0xff, 0xff,
    0xff, 0xff, 0xff, 0xff, 0xff, 0xff, 0xff, 0xff, 0xff, 0xff, 0xff, 0xff, 0xff, 0xff, 0xff, 0xff,
    0xff, 0xff, 0xff, 0xff, 0xff, 0xff, 0xff, 0xff, 0xff, 0xff, 0xff, 0xff, 0xff, 0xff, 0xff, 0xff,
    0xff, 0xff, 0xff, 0xff, 0xff, 0xff, 0xff, 0xff, 0xff, 0xff, 0xff, 0xff, 0xff, 0xff, 0xff, 0xff,
    0xff, 0xff, 0xff, 0xff, 0xff, 0xff, 0xff, 0xff, 0xff, 0xff, 0xff, 0xff, 0xff, 0xff, 0xff, 0xff,
    0xff, 0xff, 0xff, 0xff, 0xff, 0xff, 0xff, 0xff, 0xff, 0xff, 0xff, 0xff, 0xff, 0xff, 0xff, 0xff,
    0xff, 0xff, 0xff, 0xff, 0xff, 0xff, 0xff, 0xff, 0xff, 0xff, 0xff, 0xff, 0xff, 0xff, 0xff, 0xff,
    0xff, 0xff, 0xff, 0xff, 0xff, 0xff, 0xff, 0xff, 0xff, 0xff, 0xff, 0xff, 0xff, 0xff, 0xff, 0xff,
    0xff, 0xff, 0xff, 0xff, 0xff, 0xff, 0xff, 0xff, 0xff, 0xff, 0xff, 0xff, 0xff, 0xff, 0xff, 0xff,
    0xff, 0xff, 0xff, 0xff, 0xff, 0xff, 0xff, 0xff, 0xff, 0xff, 0xff, 0xff, 0xff, 0xff, 0xff, 0xff,
    0xff, 0xff, 0xff, 0xff, 0xff, 0xff, 0xff, 0xff, 0xff, 0xff, 0xff, 0xff, 0xff, 0xff, 0xff, 0xff,
    0xff, 0xff, 0xff, 0xff, 0xff, 0xff, 0xff, 0xff, 0xff, 0xff, 0xff, 0xff, 0xff, 0xff, 0xff, 0xff,
    0xff, 0xff, 0xff, 0xff, 0xff, 0xff, 0xff, 0xff, 0xff, 0xff, 0xff, 0xff, 0xff, 0xff, 0xff, 0xff,
    0xff, 0xff, 0xff, 0xff, 0xff, 0xff, 0xff, 0xff, 0xff, 0xff, 0xff, 0xff, 0xff, 0xff, 0xff, 0xff,
    0xff, 0xff, 0xff, 0xff, 0xff, 0xff, 0xff, 0xff, 0xff, 0xff, 0xff, 0xff, 0xff, 0xff, 0xff, 0xff,
    0xff, 0xff, 0xff, 0xff, 0xff, 0xff, 0xff, 0xff, 0xff, 0xff, 0xff, 0xff, 0xff, 0xff, 0xff, 0xff,
    0xff, 0xff, 0xff, 0xff, 0xff, 0xff, 0xff, 0xff, 0xff, 0xff, 0xff, 0xff, 0xff, 0xff, 0xff, 0xff,
    0xff, 0xff, 0xff, 0xff, 0xff, 0xff, 0xff, 0xff, 0xff, 0xff, 0xff, 0xff, 0xff, 0xff, 0xff, 0xff,
    0xff, 0xff, 0xff, 0xff, 0xff, 0xff, 0xff, 0xff, 0xff, 0xff, 0xff, 0xff, 0xff, 0xff, 0xff, 0xff,
    0xff, 0xff, 0xff, 0xff, 0xff, 0xff, 0xff, 0xff, 0xff, 0xff, 0xff, 0xff, 0xff, 0xff, 0xff, 0xff,
    0xff, 0xff, 0xff, 0xff, 0xff, 0xff, 0xff, 0xff, 0xff, 0xff, 0xff, 0xff, 0xff, 0xff, 0xff, 0xff,
    0xff, 0xff, 0xff, 0xff, 0xff, 0xff, 0xff, 0xff, 0xff, 0xff, 0xff, 0xff, 0xff, 0xff, 0xff, 0xff,
    0xff, 0xff, 0xff, 0xff, 0xff, 0xff, 0xff, 0xff, 0xff, 0xff, 0xff, 0xff, 0xff, 0xff, 0xff, 0xff,
    0xff, 0xff, 0xff, 0xff, 0xff, 0xff, 0xff, 0xff, 0xff, 0xff, 0xff, 0xff, 0xff, 0xff, 0xff, 0xff,
    0xff, 0xff, 0xff, 0xff, 0xff, 0xff, 0xff, 0xff, 0xff, 0xff, 0xff, 0xff, 0xff, 0xff, 0xff, 0xff,
    0xff, 0xff, 0xff, 0xff, 0xff, 0xff, 0xff, 0xff, 0xff, 0xff, 0xff, 0xff, 0xff, 0xff, 0xff, 0xff,
    0xff, 0xff, 0xff, 0xff, 0xff, 0xff, 0xff, 0xff, 0xff, 0xff, 0xff, 0xff, 0xff, 0xff, 0xff, 0xff,
    0xff, 0xff, 0xff, 0xff, 0xff, 0xff, 0xff, 0xff, 0xff, 0xff, 0xff, 0xff, 0xff, 0xff, 0xff, 0xff,
    0xff, 0xff, 0xff, 0xff, 0xff, 0xff, 0xff, 0xff, 0xff, 0xff, 0xff, 0xff, 0xff, 0xff, 0xff, 0xff,
    0xff, 0xff, 0xff, 0xff, 0xff, 0xff, 0xff, 0xff, 0xff, 0xff, 0xff, 0xff, 0xff, 0xff, 0xff, 0xff,
    0xff, 0xff, 0xff, 0xff, 0xff, 0xff, 0xff, 0xff, 0xff, 0xff, 0xff, 0xff, 0xff, 0xff, 0xff, 0xff,
    0xff, 0xff, 0xff, 0xff, 0xff, 0xff, 0xff, 0xff, 0xff, 0xff, 0xff, 0xff, 0xff, 0xff, 0xff, 0xff,
    0xff, 0xff, 0xff, 0xff, 0xff, 0xff, 0xff, 0xff, 0xff, 0xff, 0xff, 0xff, 0xff, 0xff, 0xff, 0xff,
    0xff, 0xff, 0xff, 0xff, 0xff, 0xff, 0xff, 0xff, 0xff, 0xff, 0xff, 0xff, 0xff, 0xff, 0xff, 0xff,
    0xff, 0xff, 0xff, 0xff, 0xff, 0xff, 0xff, 0xff, 0xff, 0xff, 0xff, 0xff, 0xff, 0xff, 0xff, 0xff,
    0xff, 0xff, 0xff, 0xff, 0xff, 0xff, 0xff, 0xff, 0xff, 0xff, 0xff, 0xff, 0xff, 0xff, 0xff, 0xff,
    0xff, 0xff, 0xff, 0xff, 0xff, 0xff, 0xff, 0xff, 0xff, 0xff, 0xff, 0xff, 0xff, 0xff, 0xff, 0xff,
    0xff, 0xff, 0xff, 0xff, 0xff, 0xff, 0xff, 0xff, 0xff, 0xff, 0xff, 0xff, 0xff, 0xff, 0xff, 0xff,
    0xff, 0xff, 0xff, 0xff, 0xff, 0xff, 0xff, 0xff, 0xff, 0xff, 0xff, 0xff, 0xff, 0xff, 0xff, 0xff,
    0xff, 0xff, 0xff, 0xff, 0xff, 0xff, 0xff, 0xff, 0xff, 0xff, 0xff, 0xff, 0xff, 0xff, 0xff, 0xff,
    0xff, 0xff, 0xff, 0xff, 0xff, 0xff, 0xff, 0xff, 0xff, 0xff, 0xff, 0xff, 0xff, 0xff, 0xff, 0xff,
    0xff, 0xff, 0xff, 0xff, 0xff, 0xff, 0xff, 0xff, 0xff, 0xff, 0xff, 0xff, 0xff, 0xff, 0xff, 0xff,
    0xff, 0xff, 0xff, 0xff, 0xff, 0xff, 0xff, 0xff, 0xff, 0xff, 0xff, 0xff, 0xff, 0xff, 0xff, 0xff,
    0xff, 0xff, 0xff, 0xff, 0xff, 0xff, 0xff, 0xff, 0xff, 0xff, 0xff, 0xff, 0xff, 0xff, 0xff, 0xff,
    0xff, 0xff, 0xff, 0xff, 0xff, 0xff, 0xff, 0xff, 0xff, 0xff, 0xff, 0xff, 0xff, 0xff, 0xff, 0xff,
    0xff, 0xff, 0xff, 0xff, 0xff, 0xff, 0xff, 0xff, 0xff, 0xff, 0xff, 0xff, 0xff, 0xff, 0xff, 0xff,
    0xff, 0xff, 0xff, 0xff, 0xff, 0xff, 0xff, 0xff, 0xff, 0xff, 0xff, 0xff, 0xff, 0xff, 0xff, 0xff,
    0xff, 0xff, 0xff, 0xff, 0xff, 0xff, 0xff, 0xff, 0xff, 0xff, 0xff, 0xff, 0xff, 0xff, 0xff, 0xff,
    0xff, 0xff, 0xff, 0xff, 0xff, 0xff, 0xff, 0xff, 0xff, 0xff, 0xff, 0xff, 0xff, 0xff, 0xff, 0xff,
    0xff, 0xff, 0xff, 0xff, 0xff, 0xff, 0xff, 0xff, 0xff, 0xff, 0xff, 0xff, 0xff, 0xff, 0xff, 0xff,
    0xff, 0xff, 0xff, 0xff, 0xff, 0xff, 0xff, 0xff, 0xff, 0xff, 0xff, 0xff, 0xff, 0xff, 0xff, 0xff,
    0xff, 0xff, 0xff, 0xff, 0xff, 0xff, 0xff, 0xff, 0xff, 0xff, 0xff, 0xff, 0xff, 0xff, 0xff, 0xff,
    0xff, 0xff, 0xff, 0xff, 0xff, 0xff, 0xff, 0xff, 0xff, 0xff, 0xff, 0xff, 0xff, 0xff, 0xff, 0xff,
    0xff, 0xff, 0xff, 0xff, 0xff, 0xff, 0xff, 0xff, 0xff, 0xff, 0xff, 0xff, 0xff, 0xff, 0xff, 0xff,
    0xff, 0xff, 0xff, 0xff, 0xff, 0xff, 0xff, 0xff, 0xff, 0xff, 0xff, 0xff, 0xff, 0xff, 0xff, 0xff,
    0xff, 0xff, 0xff, 0xff, 0xff, 0xff, 0xff, 0xff, 0xff, 0xff, 0xff, 0xff, 0xff, 0xff, 0xff, 0xff,
    0xff, 0xff, 0xff, 0xff, 0xff, 0xff, 0xff, 0xff, 0xff, 0xff, 0xff, 0xff, 0xff, 0xff, 0xff, 0xff,
    0xff, 0xff, 0xff, 0xff, 0xff, 0xff, 0xff, 0xff, 0xff, 0xff, 0xff, 0xff, 0xff, 0xff, 0xff, 0xff,
    0xff, 0xff, 0xff, 0xff, 0xff, 0xff, 0xff, 0xff, 0xff, 0xff, 0xff, 0xff, 0xff, 0xff, 0xff, 0xff,
    0xff, 0xff, 0xff, 0xff, 0xff, 0xff, 0xff, 0xff, 0xff, 0xff, 0xff, 0xff, 0xff, 0xff, 0xff, 0xff,
    0xff, 0xff, 0xff, 0xff, 0xff, 0xff, 0xff, 0xff, 0xff, 0xff, 0xff, 0xff, 0xff, 0xff, 0xff, 0xff,
    0xff, 0xff, 0xff, 0xff, 0xff, 0xff, 0xff, 0xff, 0xff, 0xff, 0xff, 0xff, 0xff, 0xff, 0xff, 0xff,
    0xff, 0xff, 0xff, 0xff, 0xff, 0xff, 0xff, 0xff, 0xff, 0xff, 0xff, 0xff, 0xff, 0xff, 0xff, 0xff,
    0xff, 0xff, 0xff, 0xff, 0xff, 0xff, 0xff, 0xff, 0xff, 0xff, 0xff, 0xff, 0xff, 0xff, 0xff, 0xff,
    0xff, 0xff, 0xff, 0xff, 0xff, 0xff, 0xff, 0xff, 0xff, 0xff, 0xff, 0xff, 0xff, 0xff, 0xff, 0xff,
    0xff, 0xff, 0xff, 0xff, 0xff, 0xff, 0xff, 0xff, 0xff, 0xff, 0xff, 0xff, 0xff, 0xff, 0xff, 0xff,
    0xff, 0xff, 0xff, 0xff, 0xff, 0xff, 0xff, 0xff, 0xff, 0xff, 0xff, 0xff, 0xff, 0xff, 0xff, 0xff,
    0xff, 0xff, 0xff, 0xff, 0xff, 0xff, 0xff, 0xff, 0xff, 0xff, 0xff, 0xff, 0xff, 0xff, 0xff, 0xff,
    0xff, 0xff, 0xff, 0xff, 0xff, 0xff, 0xff, 0xff, 0xff, 0xff, 0xff, 0xff, 0xff, 0xff, 0xff, 0xff,
    0xff, 0xff, 0xff, 0xff, 0xff, 0xff, 0xff, 0xff, 0xff, 0xff, 0xff, 0xff, 0xff, 0xff, 0xff, 0xff,
    0xff, 0xff, 0xff, 0xff, 0xff, 0xff, 0xff, 0xff, 0xff, 0xff, 0xff, 0xff, 0xff, 0xff, 0xff, 0xff,
    0xff, 0xff, 0xff, 0xff, 0xff, 0xff, 0xff, 0xff, 0xff, 0xff, 0xff, 0xff, 0xff, 0xff, 0xff, 0xff,
    0xff, 0xff, 0xff, 0xff, 0xff, 0xff, 0xff, 0xff, 0xff, 0xff, 0xff, 0xff, 0xff, 0xff, 0xff, 0xff,
    0xff, 0xff, 0xff, 0xff, 0xff, 0xff, 0xff, 0xff, 0xff, 0xff, 0xff, 0xff, 0xff, 0xff, 0xff, 0xff,
    0xff, 0xff, 0xff, 0xff, 0xff, 0xff, 0xff, 0xff, 0xff, 0xff, 0xff, 0xff, 0xff, 0xff, 0xff, 0xff,
    0xff, 0xff, 0xff, 0xff, 0xff, 0xff, 0xff, 0xff, 0xff, 0xff, 0xff, 0xff, 0xff, 0xff, 0xff, 0xff,
    0xff, 0xff, 0xff, 0xff, 0xff, 0xff, 0xff, 0xff, 0xff, 0xff, 0xff, 0xff, 0xff, 0xff, 0xff, 0xff,
    0xff, 0xff, 0xff, 0xff, 0xff, 0xff, 0xff, 0xff, 0xff, 0xff, 0xff, 0xff, 0xff, 0xff, 0xff, 0xff,
    0xff, 0xff, 0xff, 0xff, 0xff, 0xff, 0xff, 0xff, 0xff, 0xff, 0xff, 0xff, 0xff, 0xff, 0xff, 0xff,
    0xff, 0xff, 0xff, 0xff, 0xff, 0xff, 0xff, 0xff, 0xff, 0xff, 0xff, 0xff, 0xff, 0xff, 0xff, 0xff,
    0xff, 0xff, 0xff, 0xff, 0xff, 0xff, 0xff, 0xff, 0xff, 0xff, 0xff, 0xff, 0xff, 0xff, 0xff, 0xff,
    0xff, 0xff, 0xff, 0xff, 0xff, 0xff, 0xff, 0xff, 0xff, 0xff, 0xff, 0xff, 0xff, 0xff, 0xff, 0xff,
    0xff, 0xff, 0xff, 0xff, 0xff, 0xff, 0xff, 0xff, 0xff, 0xff, 0xff, 0xff, 0xff, 0xff, 0xff, 0xff,
    0xff, 0xff, 0xff, 0xff, 0xff, 0xff, 0xff, 0xff, 0xff, 0xff, 0xff, 0xff, 0xff, 0xff, 0xff, 0xff,
    0xff, 0xff, 0xff, 0xff, 0xff, 0xff, 0xff, 0xff, 0xff, 0xff, 0xff, 0xff, 0xff, 0xff, 0xff, 0xff,
    0xff, 0xff, 0xff, 0xff, 0xff, 0xff, 0xff, 0xff, 0xff, 0xff, 0xff, 0xff, 0xff, 0xff, 0xff, 0xff,
    0xff, 0xff, 0xff, 0xff, 0xff, 0xff, 0xff, 0xff, 0xff, 0xff, 0xff, 0xff, 0xff, 0xff, 0xff, 0xff,
    0xff, 0xff, 0xff, 0xff, 0xff, 0xff, 0xff, 0xff, 0xff, 0xff, 0xff, 0xff, 0xff, 0xff, 0xff, 0xff,
    0xff, 0xff, 0xff, 0xff, 0xff, 0xff, 0xff, 0xff, 0xff, 0xff, 0xff, 0xff, 0xff, 0xff, 0xff, 0xff,
    0xff, 0xff, 0xff, 0xff, 0xff, 0xff, 0xff, 0xff, 0xff, 0xff, 0xff, 0xff, 0xff, 0xff, 0xff, 0xff,
    0xff, 0xff, 0xff, 0xff, 0xff, 0xff, 0xff, 0xff, 0xff, 0xff, 0xff, 0xff, 0xff, 0xff, 0xff, 0xff,
    0xff, 0xff, 0xff, 0xff, 0xff, 0xff, 0xff, 0xff, 0xff, 0xff, 0xff, 0xff, 0xff, 0xff, 0xff, 0xff,
    0xff, 0xff, 0xff, 0xff, 0xff, 0xff, 0xff, 0xff, 0xff, 0xff, 0xff, 0xff, 0xff, 0xff, 0xff, 0xff,
    0xff, 0xff, 0xff, 0xff, 0xff, 0xff, 0xff, 0xff, 0xff, 0xff, 0xff, 0xff, 0xff, 0xff, 0xff, 0xff,
    0xff, 0xff, 0xff, 0xff, 0xff, 0xff, 0xff, 0xff, 0xff, 0xff, 0xff, 0xff, 0xff, 0xff, 0xff, 0xff,
    0xff, 0xff, 0xff, 0xff, 0xff, 0xff, 0xff, 0xff, 0xff, 0xff, 0xff, 0xff, 0xff, 0xff, 0xff, 0xff,
    0xff, 0xff, 0xff, 0xff, 0xff, 0xff, 0xff, 0xff, 0xff, 0xff, 0xff, 0xff, 0xff, 0xff, 0xff, 0xff,
    0xff, 0xff, 0xff, 0xff, 0xff, 0xff, 0xff, 0xff, 0xff, 0xff, 0xff, 0xff, 0xff, 0xff, 0xff, 0xff,
    0xff, 0xff, 0xff, 0xff, 0xff, 0xff, 0xff, 0xff, 0xff, 0xff, 0xff, 0xff, 0xff, 0xff, 0xff, 0xff,
    0xff, 0xff, 0xff, 0xff, 0xff, 0xff, 0xff, 0xff, 0xff, 0xff, 0xff, 0xff, 0xff, 0xff, 0xff, 0xff,
    0xff, 0xff, 0xff, 0xff, 0xff, 0xff, 0xff, 0xff, 0xff, 0xff, 0xff, 0xff, 0xff, 0xff, 0xff, 0xff,
    0xff, 0xff, 0xff, 0xff, 0xff, 0xff, 0xff, 0xff, 0xff, 0xff, 0xff, 0xff, 0xff, 0xff, 0xff, 0xff,
    0xff, 0xff, 0xff, 0xff, 0xff, 0xff, 0xff, 0xff, 0xff, 0xff, 0xff, 0xff, 0xff, 0xff, 0xff, 0xff,
    0xff, 0xff, 0xff, 0xff, 0xff, 0xff, 0xff, 0xff, 0xff, 0xff, 0xff, 0xff, 0xff, 0xff, 0xff, 0xff,
    0xff, 0xff, 0xff, 0xff, 0xff, 0xff, 0xff, 0xff, 0xff, 0xff, 0xff, 0xff, 0xff, 0xff, 0xff, 0xff,
    0xff, 0xff, 0xff, 0xff, 0xff, 0xff, 0xff, 0xff, 0xff, 0xff, 0xff, 0xff, 0xff, 0xff, 0xff, 0xff,
    0xff, 0xff, 0xff, 0xff, 0xff, 0xff, 0xff, 0xff, 0xff, 0xff, 0xff, 0xff, 0xff, 0xff, 0xff, 0xff,
    0xff, 0xff, 0xff, 0xff, 0xff, 0xff, 0xff, 0xff, 0xff, 0xff, 0xff, 0xff, 0xff, 0xff, 0xff, 0xff,
    0xff, 0xff, 0xff, 0xff, 0xff, 0xff, 0xff, 0xff, 0xff, 0xff, 0xff, 0xff, 0xff, 0xff, 0xff, 0xff,
    0xff, 0xff, 0xff, 0xff, 0xff, 0xff, 0xff, 0xff, 0xff, 0xff, 0xff, 0xff, 0xff, 0xff, 0xff, 0xff,
    0xff, 0xff, 0xff, 0xff, 0xff, 0xff, 0xff, 0xff, 0xff, 0xff, 0xff, 0xff, 0xff, 0xff, 0xff, 0xff,
    0xff, 0xff, 0xff, 0xff, 0xff, 0xff, 0xff, 0xff, 0xff, 0xff, 0xff, 0xff, 0xff, 0xff, 0xff, 0xff,
    0xff, 0xff, 0xff, 0xff, 0xff, 0xff, 0xff, 0xff, 0xff, 0xff, 0xff, 0xff, 0xff, 0xff, 0xff, 0xff,
    0xff, 0xff, 0xff, 0xff, 0xff, 0xff, 0xff, 0xff, 0xff, 0xff, 0xff, 0xff, 0xff, 0xff, 0xff, 0xff,
    0xff, 0xff, 0xff, 0xff, 0xff, 0xff, 0xff, 0xff, 0xff, 0xff, 0xff, 0xff, 0xff, 0xff, 0xff, 0xff,
    0xff, 0xff, 0xff, 0xff, 0xff, 0xff, 0xff, 0xff, 0xff, 0xff, 0xff, 0xff, 0xff, 0xff, 0xff, 0xff,
    0xff, 0xff, 0xff, 0xff, 0xff, 0xff, 0xff, 0xff, 0xff, 0xff, 0xff, 0xff, 0xff, 0xff, 0xff, 0xff,
    0xff, 0xff, 0xff, 0xff, 0xff, 0xff, 0xff, 0xff, 0xff, 0xff, 0xff, 0xff, 0xff, 0xff, 0xff, 0xff,
    0xff, 0xff, 0xff, 0xff, 0xff, 0xff, 0xff, 0xff, 0xff, 0xff, 0xff, 0xff, 0xff, 0xff, 0xff, 0xff,
    0xff, 0xff, 0xff, 0xff, 0xff, 0xff, 0xff, 0xff, 0xff, 0xff, 0xff, 0xff, 0xff, 0xff, 0xff, 0xff,
    0xff, 0xff, 0xff, 0xff, 0xff, 0xff, 0xff, 0xff, 0xff, 0xff, 0xff, 0xff, 0xff, 0xff, 0xff, 0xff,
    0xff, 0xff, 0xff, 0xff, 0xff, 0xff, 0xff, 0xff, 0xff, 0xff, 0xff, 0xff, 0xff, 0xff, 0xff, 0xff,
    0xff, 0xff, 0xff, 0xff, 0xff, 0xff, 0xff, 0xff, 0xff, 0xff, 0xff, 0xff, 0xff, 0xff, 0xff, 0xff,
    0xff, 0xff, 0xff, 0xff, 0xff, 0xff, 0xff, 0xff, 0xff, 0xff, 0xff, 0xff, 0xff, 0xff, 0xff, 0xff,
    0xff, 0xff, 0xff, 0xff, 0xff, 0xff, 0xff, 0xff, 0xff, 0xff, 0xff, 0xff, 0xff, 0xff, 0xff, 0xff,
    0xff, 0xff, 0xff, 0xff, 0xff, 0xff, 0xff, 0xff, 0xff, 0xff, 0xff, 0xff, 0xff, 0xff, 0xff, 0xff,
    0xff, 0xff, 0xff, 0xff, 0xff, 0xff, 0xff, 0xff, 0xff, 0xff, 0xff, 0xff, 0xff, 0xff, 0xff, 0xff,
    0xff, 0xff, 0xff, 0xff, 0xff, 0xff, 0xff, 0xff, 0xff, 0xff, 0xff, 0xff, 0xff, 0xff, 0xff, 0xff,
    0xff, 0xff, 0xff, 0xff, 0xff, 0xff, 0xff, 0xff, 0xff, 0xff, 0xff, 0xff, 0xff, 0xff, 0xff, 0xff,
    0xff, 0xff, 0xff, 0xff, 0xff, 0xff, 0xff, 0xff, 0xff, 0xff, 0xff, 0xff, 0xff, 0xff, 0xff, 0xff,
    0xff, 0xff, 0xff, 0xff, 0xff, 0xff, 0xff, 0xff, 0xff, 0xff, 0xff, 0xff, 0xff, 0xff, 0xff, 0xff,
    0xff, 0xff, 0xff, 0xff, 0xff, 0xff, 0xff, 0xff, 0xff, 0xff, 0xff, 0xff, 0xff, 0xff, 0xff, 0xff,
    0xff, 0xff, 0xff, 0xff, 0xff, 0xff, 0xff, 0xff, 0xff, 0xff, 0xff, 0xff, 0xff, 0xff, 0xff, 0xff,
    0xff, 0xff, 0xff, 0xff, 0xff, 0xff, 0xff, 0xff, 0xff, 0xff, 0xff, 0xff, 0xff, 0xff, 0xff, 0xff,
    0xff, 0xff, 0xff, 0xff, 0xff, 0xff, 0xff, 0xff, 0xff, 0xff, 0xff, 0xff, 0xff, 0xff, 0xff, 0xff,
    0xff, 0xff, 0xff, 0xff, 0xff, 0xff, 0xff, 0xff, 0xff, 0xff, 0xff, 0xff, 0xff, 0xff, 0xff, 0xff,
    0xff, 0xff, 0xff, 0xff, 0xff, 0xff, 0xff, 0xff, 0xff, 0xff, 0xff, 0xff, 0xff, 0xff, 0xff, 0xff,
    0xff, 0xff, 0xff, 0xff, 0xff, 0xff, 0xff, 0xff, 0xff, 0xff, 0xff, 0xff, 0xff, 0xff, 0xff, 0xff,
    0xff, 0xff, 0xff, 0xff, 0xff, 0xff, 0xff, 0xff, 0xff, 0xff, 0xff, 0xff, 0xff, 0xff, 0xff, 0xff,
    0xff, 0xff, 0xff, 0xff, 0xff, 0xff, 0xff, 0xff, 0xff, 0xff, 0xff, 0xff, 0xff, 0xff, 0xff, 0xff,
    0xff, 0xff, 0xff, 0xff, 0xff, 0xff, 0xff, 0xff, 0xff, 0xff, 0xff, 0xff, 0xff, 0xff, 0xff, 0xff,
    0xff, 0xff, 0xff, 0xff, 0xff, 0xff, 0xff, 0xff, 0xff, 0xff, 0xff, 0xff, 0xff, 0xff, 0xff, 0xff,
    0xff, 0xff, 0xff, 0xff, 0xff, 0xff, 0xff, 0xff, 0xff, 0xff, 0xff, 0xff, 0xff, 0xff, 0xff, 0xff,
    0xff, 0xff, 0xff, 0xff, 0xff, 0xff, 0xff, 0xff, 0xff, 0xff, 0xff, 0xff, 0xff, 0xff, 0xff, 0xff,
    0xff, 0xff, 0xff, 0xff, 0xff, 0xff, 0xff, 0xff, 0xff, 0xff, 0xff, 0xff, 0xff, 0xff, 0xff, 0xff,
    0xff, 0xff, 0xff, 0xff, 0xff, 0xff, 0xff, 0xff, 0xff, 0xff, 0xff, 0xff, 0xff, 0xff, 0xff, 0xff,
    0xff, 0xff, 0xff, 0xff, 0xff, 0xff, 0xff, 0xff, 0xff, 0xff, 0xff, 0xff, 0xff, 0xff, 0xff, 0xff,
    0xff, 0xff, 0xff, 0xff, 0xff, 0xff, 0xff, 0xff, 0xff, 0xff, 0xff, 0xff, 0xff, 0xff, 0xff, 0xff,
    0xff, 0xff, 0xff, 0xff, 0xff, 0xff, 0xff, 0xff, 0xff, 0xff, 0xff, 0xff, 0xff, 0xff, 0xff, 0xff,
    0xff, 0xff, 0xff, 0xff, 0xff, 0xff, 0xff, 0xff, 0xff, 0xff, 0xff, 0xff, 0xff, 0xff, 0xff, 0xff,
    0xff, 0xff, 0xff, 0xff, 0xff, 0xff, 0xff, 0xff, 0xff, 0xff, 0xff, 0xff, 0xff, 0xff, 0xff, 0xff,
    0xff, 0xff, 0xff, 0xff, 0xff, 0xff, 0xff, 0xff, 0xff, 0xff, 0xff, 0xff, 0xff, 0xff, 0xff, 0xff,
    0xff, 0xff, 0xff, 0xff, 0xff, 0xff, 0xff, 0xff, 0xff, 0xff, 0xff, 0xff, 0xff, 0xff, 0xff, 0xff,
    0xff, 0xff, 0xff, 0xff, 0xff, 0xff, 0xff, 0xff, 0xff, 0xff, 0xff, 0xff, 0xff, 0xff, 0xff, 0xff,
    0xff, 0xff, 0xff, 0xff, 0xff, 0xff, 0xff, 0xff, 0xff, 0xff, 0xff, 0xff, 0xff, 0xff, 0xff, 0xff,
    0xff, 0xff, 0xff, 0xff, 0xff, 0xff, 0xff, 0xff, 0xff, 0xff, 0xff, 0xff, 0xff, 0xff, 0xff, 0xff,
    0xff, 0xff, 0xff, 0xff, 0xff, 0xff, 0xff, 0xff, 0xff, 0xff, 0xff, 0xff, 0xff, 0xff, 0xff, 0xff,
    0xff, 0xff, 0xff, 0xff, 0xff, 0xff, 0xff, 0xff, 0xff, 0xff, 0xff, 0xff, 0xff, 0xff, 0xff, 0xff,
    0xff, 0xff, 0xff, 0xff, 0xff, 0xff, 0xff, 0xff, 0xff, 0xff, 0xff, 0xff, 0xff, 0xff, 0xff, 0xff,
    0xff, 0xff, 0xff, 0xff, 0xff, 0xff, 0xff, 0xff, 0xff, 0xff, 0xff, 0xff, 0xff, 0xff, 0xff, 0xff,
    0xff, 0xff, 0xff, 0xff, 0xff, 0xff, 0xff, 0xff, 0xff, 0xff, 0xff, 0xff, 0xff, 0xff, 0xff, 0xff,
    0xff, 0xff, 0xff, 0xff, 0xff, 0xff, 0xff, 0xff, 0xff, 0xff, 0xff, 0xff, 0xff, 0xff, 0xff, 0xff,
    0xff, 0xff, 0xff, 0xff, 0xff, 0xff, 0xff, 0xff, 0xff, 0xff, 0xff, 0xff, 0xff, 0xff, 0xff, 0xff,
    0xff, 0xff, 0xff, 0xff, 0xff, 0xff, 0xff, 0xff, 0xff, 0xff, 0xff, 0xff, 0xff, 0xff, 0xff, 0xff,
    0xff, 0xff, 0xff, 0xff, 0xff, 0xff, 0xff, 0xff, 0xff, 0xff, 0xff, 0xff, 0xff, 0xff, 0xff, 0xff,
    0xff, 0xff, 0xff, 0xff, 0xff, 0xff, 0xff, 0xff, 0xff, 0xff, 0xff, 0xff, 0xff, 0xff, 0xff, 0xff,
    0xff, 0xff, 0xff, 0xff, 0xff, 0xff, 0xff, 0xff, 0xff, 0xff, 0xff, 0xff, 0xff, 0xff, 0xff, 0xff,
    0xff, 0xff, 0xff, 0xff, 0xff, 0xff, 0xff, 0xff, 0xff, 0xff, 0xff, 0xff, 0xff, 0xff, 0xff, 0xff,
    0xff, 0xff, 0xff, 0xff, 0xff, 0xff, 0xff, 0xff, 0xff, 0xff, 0xff, 0xff, 0xff, 0xff, 0xff, 0xff,
    0xff, 0xff, 0xff, 0xff, 0xff, 0xff, 0xff, 0xff, 0xff, 0xff, 0xff, 0xff, 0xff, 0xff, 0xff, 0xff,
    0xff, 0xff, 0xff, 0xff, 0xff, 0xff, 0xff, 0xff, 0xff, 0xff, 0xff, 0xff, 0xff, 0xff, 0xff, 0xff,
    0xff, 0xff, 0xff, 0xff, 0xff, 0xff, 0xff, 0xff, 0xff, 0xff, 0xff, 0xff, 0xff, 0xff, 0xff, 0xff,
    0xff, 0xff, 0xff, 0xff, 0xff, 0xff, 0xff, 0xff, 0xff, 0xff, 0xff, 0xff, 0xff, 0xff, 0xff, 0xff,
    0xff, 0xff, 0xff, 0xff, 0xff, 0xff, 0xff, 0xff, 0xff, 0xff, 0xff, 0xff, 0xff, 0xff, 0xff, 0xff,
    0xff, 0xff, 0xff, 0xff, 0xff, 0xff, 0xff, 0xff, 0xff, 0xff, 0xff, 0xff, 0xff, 0xff, 0xff, 0xff,
    0xff, 0xff, 0xff, 0xff, 0xff, 0xff, 0xff, 0xff, 0xff, 0xff, 0xff, 0xff, 0xff, 0xff, 0xff, 0xff,
    0xff, 0xff, 0xff, 0xff, 0xff, 0xff, 0xff, 0xff, 0xff, 0xff, 0xff, 0xff, 0xff, 0xff, 0xff, 0xff,
    0xff, 0xff, 0xff, 0xff, 0xff, 0xff, 0xff, 0xff, 0xff, 0xff, 0xff, 0xff, 0xff, 0xff, 0xff, 0xff,
    0xff, 0xff, 0xff, 0xff, 0xff, 0xff, 0xff, 0xff, 0xff, 0xff, 0xff, 0xff, 0xff, 0xff, 0xff, 0xff,
    0xff, 0xff, 0xff, 0xff, 0xff, 0xff, 0xff, 0xff, 0xff, 0xff, 0xff, 0xff, 0xff, 0xff, 0xff, 0xff,
    0xff, 0xff, 0xff, 0xff, 0xff, 0xff, 0xff, 0xff, 0xff, 0xff, 0xff, 0xff, 0xff, 0xff, 0xff, 0xff,
    0xff, 0xff, 0xff, 0xff, 0xff, 0xff, 0xff, 0xff, 0xff, 0xff, 0xff, 0xff, 0xff, 0xff, 0xff, 0xff,
    0xff, 0xff, 0xff, 0xff, 0xff, 0xff, 0xff, 0xff, 0xff, 0xff, 0xff, 0xff, 0xff, 0xff, 0xff, 0xff,
    0xff, 0xff, 0xff, 0xff, 0xff, 0xff, 0xff, 0xff, 0xff, 0xff, 0xff, 0xff, 0xff, 0xff, 0xff, 0xff,
    0xff, 0xff, 0xff, 0xff, 0xff, 0xff, 0xff, 0xff, 0xff, 0xff, 0xff, 0xff, 0xff, 0xff, 0xff, 0xff,
    0xff, 0xff, 0xff, 0xff, 0xff, 0xff, 0xff, 0xff, 0xff, 0xff, 0xff, 0xff, 0xff, 0xff, 0xff, 0xff,
    0xff, 0xff, 0xff, 0xff, 0xff, 0xff, 0xff, 0xff, 0xff, 0xff, 0xff, 0xff, 0xff, 0xff, 0xff, 0xff,
    0xff, 0xff, 0xff, 0xff, 0xff, 0xff, 0xff, 0xff, 0xff, 0xff, 0xff, 0xff, 0xff, 0xff, 0xff, 0xff,
    0xff, 0xff, 0xff, 0xff, 0xff, 0xff, 0xff, 0xff, 0xff, 0xff, 0xff, 0xff, 0xff, 0xff, 0xff, 0xff,
    0xff, 0xff, 0xff, 0xff, 0xff, 0xff, 0xff, 0xff, 0xff, 0xff, 0xff, 0xff, 0xff, 0xff, 0xff, 0xff,
    0xff, 0xff, 0xff, 0xff, 0xff, 0xff, 0xff, 0xff, 0xff, 0xff, 0xff, 0xff, 0xff, 0xff, 0xff, 0xff,
    0xff, 0xff, 0xff, 0xff, 0xff, 0xff, 0xff, 0xff, 0xff, 0xff, 0xff, 0xff, 0xff, 0xff, 0xff, 0xff,
    0xff, 0xff, 0xff, 0xff, 0xff, 0xff, 0xff, 0xff, 0xff, 0xff, 0xff, 0xff, 0xff, 0xff, 0xff, 0xff,
    0xff, 0xff, 0xff, 0xff, 0xff, 0xff, 0xff, 0xff, 0xff, 0xff, 0xff, 0xff, 0xff, 0xff, 0xff, 0xff,
};

const lv_image_dsc_t icon_status_offline = {
    .header.magic = LV_IMAGE_HEADER_MAGIC,
    .header.cf    = LV_COLOR_FORMAT_RGB565A8,
    .header.w     = 88,
    .header.h     = 88,
    .header.stride = 176,
    .data_size    = 23232,
    .data         = icon_status_offline_map,
};
