/*
 * Auto-generated by tools/svg2lvgl.py — do not edit by hand.
 * Source: C:/Users/Tommi/Documents/Arduino/ESP32-S3_Project/ESP32-8048S043C/KlipperCryptoWeatherPanel/assets/icons/icon_weather_thunder.svg
 * Size:   93x80
 * Format: RGB565A8 (planar: RGB565 LE + A8)
 */

#ifdef __has_include
    #if __has_include("lvgl.h")
        #ifndef LV_LVGL_H_INCLUDE_SIMPLE
            #define LV_LVGL_H_INCLUDE_SIMPLE
        #endif
    #endif
#endif

#if defined(LV_LVGL_H_INCLUDE_SIMPLE)
    #include "lvgl.h"
#else
    #include "lvgl/lvgl.h"
#endif

#ifndef LV_ATTRIBUTE_MEM_ALIGN
    #define LV_ATTRIBUTE_MEM_ALIGN
#endif

#ifndef LV_ATTRIBUTE_IMAGE_ICON_WEATHER_THUNDER
    #define LV_ATTRIBUTE_IMAGE_ICON_WEATHER_THUNDER
#endif

static const LV_ATTRIBUTE_MEM_ALIGN LV_ATTRIBUTE_LARGE_CONST
    LV_ATTRIBUTE_IMAGE_ICON_WEATHER_THUNDER uint8_t icon_weather_thunder_map[] = {
    0x62, 0x08, 0x62, 0x08, 0x62, 0x08, 0x62, 0x08, 0x62, 0x08, 0x62, 0x08, 0x62, 0x08, 0x62, 0x08,
    0x62, 0x08, 0x62, 0x08, 0x62, 0x08, 0x62, 0x08, 0x62, 0x08, 0x62, 0x08, 0x62, 0x08, 0x62, 0x08,
    0x62, 0x08, 0x62, 0x08, 0x62, 0x08, 0x62, 0x08, 0x62, 0x08, 0x62, 0x08, 0x62, 0x08, 0x62, 0x08,
    0x62, 0x08, 0x62, 0x08, 0x62, 0x08, 0x62, 0x08, 0x62, 0x08, 0x62, 0x08, 0x62, 0x08, 0x62, 0x08,
    0x62, 0x08, 0x62, 0x08, 0x62, 0x08, 0x62, 0x08, 0x62, 0x08, 0x62, 0x08, 0x62, 0x08, 0x62, 0x08,
    0x62, 0x08, 0x62, 0x08, 0x62, 0x08, 0x62, 0x08, 0x62, 0x08, 0x62, 0x08, 0x62, 0x08, 0x62, 0x08,
    0x62, 0x08, 0x62, 0x08, 0x62, 0x08, 0x62, 0x08, 0x62, 0x08, 0x62, 0x08, 0x62, 0x08, 0x62, 0x08,
    0x62, 0x08, 0x62, 0x08, 0x62, 0x08, 0x62, 0x08, 0x62, 0x08, 0x62, 0x08, 0x62, 0x08, 0x62, 0x08,
    0x62, 0x08, 0x62, 0x08, 0x62, 0x08, 0x62, 0x08, 0x62, 0x08, 0x62, 0x08, 0x62, 0x08, 0x62, 0x08,
    0x62, 0x08, 0x62, 0x08, 0x62, 0x08, 0x62, 0x08, 0x62, 0x08, 0x62, 0x08, 0x62, 0x08, 0x62, 0x08,
    0x62, 0x08, 0x62, 0x08, 0x62, 0x08, 0x62, 0x08, 0x62, 0x08, 0x62, 0x08, 0x62, 0x08, 0x62, 0x08,
    0x62, 0x08, 0x62, 0x08, 0x62, 0x08, 0x62, 0x08, 0x62, 0x08, 0x62, 0x08, 0x62, 0x08, 0x62, 0x08,
    0x62, 0x08, 0x62, 0x08, 0x62, 0x08, 0x62, 0x08, 0x62, 0x08, 0x62, 0x08, 0x62, 0x08, 0x62, 0x08,
    0x62, 0x08, 0x62, 0x08, 0x62, 0x08, 0x62, 0x08, 0x62, 0x08, 0x62, 0x08, 0x62, 0x08, 0x62, 0x08,
    0x62, 0x08, 0x62, 0x08, 0x62, 0x08, 0x62, 0x08, 0x62, 0x08, 0x62, 0x08, 0x62, 0x08, 0x62, 0x08,
    0x62, 0x08, 0x62, 0x08, 0x62, 0x08, 0x62, 0x08, 0x62, 0x08, 0x62, 0x08, 0x62, 0x08, 0x62, 0x08,
    0x62, 0x08, 0x62, 0x08, 0x62, 0x08, 0x62, 0x08, 0x62, 0x08, 0x62, 0x08, 0x62, 0x08, 0x62, 0x08,
    0x62, 0x08, 0x62, 0x08, 0x62, 0x08, 0x62, 0x08, 0x62, 0x08, 0x62, 0x08, 0x62, 0x08, 0x62, 0x08,
    0x62, 0x08, 0x62, 0x08, 0x62, 0x08, 0x62, 0x08, 0x62, 0x08, 0x62, 0x08, 0x62, 0x08, 0x62, 0x08,
    0x62, 0x08, 0x62, 0x08, 0x62, 0x08, 0x62, 0x08, 0x62, 0x08, 0x62, 0x08, 0x62, 0x08, 0x62, 0x08,
    0x62, 0x08, 0x62, 0x08, 0x62, 0x08, 0x62, 0x08, 0x62, 0x08, 0x62, 0x08, 0x62, 0x08, 0x62, 0x08,
    0x62, 0x08, 0x62, 0x08, 0x62, 0x08, 0x62, 0x08, 0x62, 0x08, 0x62, 0x08, 0x62, 0x08, 0x62, 0x08,
    0x62, 0x08, 0x62, 0x08, 0x62, 0x08, 0x62, 0x08, 0x62, 0x08, 0x62, 0x08, 0x62, 0x08, 0x62, 0x08,
    0x62, 0x08, 0x62, 0x08, 0x62, 0x08, 0x62, 0x08, 0x62, 0x08, 0x62, 0x08, 0x62, 0x08, 0x62, 0x08,
    0x62, 0x08, 0x62, 0x08, 0x62, 0x08, 0x62, 0x08, 0x62, 0x08, 0x62, 0x08, 0x62, 0x08, 0x62, 0x08,
    0x62, 0x08, 0x62, 0x08, 0x62, 0x08, 0x62, 0x08, 0x62, 0x08, 0x62, 0x08, 0x62, 0x08, 0x62, 0x08,
    0x62, 0x08, 0x62, 0x08, 0x62, 0x08, 0x62, 0x08, 0x62, 0x08, 0x62, 0x08, 0x62, 0x08, 0x62, 0x08,
    0x62, 0x08, 0x62, 0x08, 0x62, 0x08, 0x62, 0x08, 0x62, 0x08, 0x62, 0x08, 0x62, 0x08, 0x62, 0x08,
    0x62, 0x08, 0x62, 0x08, 0x62, 0x08, 0x62, 0x08, 0x62, 0x08, 0x62, 0x08, 0x62, 0x08, 0x62, 0x08,
    0x62, 0x08, 0x62, 0x08, 0x62, 0x08, 0x62, 0x08, 0x62, 0x08, 0x62, 0x08, 0x62, 0x08, 0x62, 0x08,
    0x62, 0x08, 0x62, 0x08, 0x62, 0x08, 0x62, 0x08, 0x62, 0x08, 0x62, 0x08, 0x62, 0x08, 0x62, 0x08,
    0x62, 0x08, 0x62, 0x08, 0x62, 0x08, 0x62, 0x08, 0x62, 0x08, 0x62, 0x08, 0x62, 0x08, 0x62, 0x08,
    0x62, 0x08, 0x62, 0x08, 0x62, 0x08, 0x62, 0x08, 0x62, 0x08, 0x62, 0x08, 0x62, 0x08, 0x62, 0x08,
    0x62, 0x08, 0x62, 0x08, 0x62, 0x08, 0x62, 0x08, 0x62, 0x08, 0x62, 0x08, 0x62, 0x08, 0x62, 0x08,
    0x62, 0x08, 0x62, 0x08, 0x62, 0x08, 0x62, 0x08, 0x62, 0x08, 0x62, 0x08, 0x62, 0x08, 0x62, 0x08,
    0x62, 0x08, 0x62, 0x08, 0x62, 0x08, 0x62, 0x08, 0x62, 0x08, 0x62, 0x08, 0x62, 0x08, 0x62, 0x08,
    0x62, 0x08, 0x62, 0x08, 0x62, 0x08, 0x62, 0x08, 0x62, 0x08, 0x62, 0x08, 0x62, 0x08, 0x62, 0x08,
    0x62, 0x08, 0x62, 0x08, 0x62, 0x08, 0x62, 0x08, 0x62, 0x08, 0x62, 0x08, 0x62, 0x08, 0x62, 0x08,
    0x62, 0x08, 0x62, 0x08, 0x62, 0x08, 0x62, 0x08, 0x62, 0x08, 0x62, 0x08, 0x62, 0x08, 0x62, 0x08,
    0x62, 0x08, 0x62, 0x08, 0x62, 0x08, 0x04, 0x19, 0x29, 0x3a, 0x6f, 0x63, 0x11, 0x74, 0x11, 0x74,
    0x94, 0x8c, 0x36, 0x9d, 0x36, 0x9d, 0xf5, 0x94, 0x11, 0x74, 0x11, 0x74, 0x6f, 0x63, 0x8b, 0x4a,
    0x46, 0x21, 0x62, 0x08, 0x62, 0x08, 0x62, 0x08, 0x62, 0x08, 0x62, 0x08, 0x62, 0x08, 0x62, 0x08,
    0x62, 0x08, 0x62, 0x08, 0x62, 0x08, 0x62, 0x08, 0x62, 0x08, 0x62, 0x08, 0x62, 0x08, 0x62, 0x08,
    0x62, 0x08, 0x62, 0x08, 0x62, 0x08, 0x62, 0x08, 0x62, 0x08, 0x62, 0x08, 0x62, 0x08, 0x62, 0x08,
    0x62, 0x08, 0x62, 0x08, 0x62, 0x08, 0x62, 0x08, 0x62, 0x08, 0x62, 0x08, 0x62, 0x08, 0x62, 0x08,
    0x62, 0x08, 0x62, 0x08, 0x62, 0x08, 0x62, 0x08, 0x62, 0x08, 0x62, 0x08, 0x62, 0x08, 0x62, 0x08,
    0x62, 0x08, 0x62, 0x08, 0x62, 0x08, 0x62, 0x08, 0x62, 0x08, 0x62, 0x08, 0x62, 0x08, 0x62, 0x08,
    0x62, 0x08, 0x62, 0x08, 0x62, 0x08, 0x62, 0x08, 0x62, 0x08, 0x62, 0x08, 0x62, 0x08, 0x62, 0x08,
    0x62, 0x08, 0x62, 0x08, 0x62, 0x08, 0x62, 0x08, 0x62, 0x08, 0x62, 0x08, 0x62, 0x08, 0x62, 0x08,
    0x62, 0x08, 0x62, 0x08, 0x62, 0x08, 0x62, 0x08, 0x62, 0x08, 0x62, 0x08, 0x62, 0x08, 0x62, 0x08,
    0x62, 0x08, 0x62, 0x08, 0x62, 0x08, 0x62, 0x08, 0x62, 0x08, 0x04, 0x19, 0x0d, 0x5b, 0x94, 0x8c,
    0x36, 0x9d, 0x36, 0x9d, 0x36, 0x9d, 0x36, 0x9d, 0x36, 0x9d, 0x36, 0x9d, 0x36, 0x9d, 0x36, 0x9d,
    0x36, 0x9d, 0x36, 0x9d, 0x36, 0x9d, 0x36, 0x9d, 0x36, 0x9d, 0x36, 0x9d, 0x36, 0x9d, 0xb0, 0x6b,
    0xe8, 0x31, 0x62, 0x08, 0x62, 0x08, 0x62, 0x08, 0x62, 0x08, 0x62, 0x08, 0x62, 0x08, 0x62, 0x08,
    0x62, 0x08, 0x62, 0x08, 0x62, 0x08, 0x62, 0x08, 0x62, 0x08, 0x62, 0x08, 0x62, 0x08, 0x62, 0x08,
    0x62, 0x08, 0x62, 0x08, 0x62, 0x08, 0x62, 0x08, 0x62, 0x08, 0x62, 0x08, 0x62, 0x08, 0x62, 0x08,
    0x62, 0x08, 0x62, 0x08, 0x62, 0x08, 0x62, 0x08, 0x62, 0x08, 0x62, 0x08, 0x62, 0x08, 0x62, 0x08,
    0x62, 0x08, 0x62, 0x08, 0x62, 0x08, 0x62, 0x08, 0x62, 0x08, 0x62, 0x08, 0x62, 0x08, 0x62, 0x08,
    0x62, 0x08, 0x62, 0x08, 0x62, 0x08, 0x62, 0x08, 0x62, 0x08, 0x62, 0x08, 0x62, 0x08, 0x62, 0x08,
    0x62, 0x08, 0x62, 0x08, 0x62, 0x08, 0x62, 0x08, 0x62, 0x08, 0x62, 0x08, 0x62, 0x08, 0x62, 0x08,
    0x62, 0x08, 0x62, 0x08, 0x62, 0x08, 0x62, 0x08, 0x62, 0x08, 0x62, 0x08, 0x62, 0x08, 0x62, 0x08,
    0x62, 0x08, 0x62, 0x08, 0x62, 0x08, 0x62, 0x08, 0x62, 0x08, 0x62, 0x08, 0x62, 0x08, 0x62, 0x08,
    0x87, 0x29, 0x11, 0x74, 0x36, 0x9d, 0x36, 0x9d, 0x36, 0x9d, 0x36, 0x9d, 0x36, 0x9d, 0x36, 0x9d,
    0x36, 0x9d, 0x36, 0x9d, 0x36, 0x9d, 0x36, 0x9d, 0x36, 0x9d, 0x36, 0x9d, 0x36, 0x9d, 0x36, 0x9d,
    0x36, 0x9d, 0x36, 0x9d, 0x36, 0x9d, 0x36, 0x9d, 0x36, 0x9d, 0x36, 0x9d, 0xf5, 0x94, 0x0d, 0x5b,
    0xa3, 0x10, 0x62, 0x08, 0x62, 0x08, 0x62, 0x08, 0x62, 0x08, 0x62, 0x08, 0x62, 0x08, 0x62, 0x08,
    0x62, 0x08, 0x62, 0x08, 0x62, 0x08, 0x62, 0x08, 0x62, 0x08, 0x62, 0x08, 0x62, 0x08, 0x62, 0x08,
    0x62, 0x08, 0x62, 0x08, 0x62, 0x08, 0x62, 0x08, 0x62, 0x08, 0x62, 0x08, 0x62, 0x08, 0x62, 0x08,
    0x62, 0x08, 0x62, 0x08, 0x62, 0x08, 0x62, 0x08, 0x62, 0x08, 0x62, 0x08, 0x62, 0x08, 0x62, 0x08,
    0x62, 0x08, 0x62, 0x08, 0x62, 0x08, 0x62, 0x08, 0x62, 0x08, 0x62, 0x08, 0x62, 0x08, 0x62, 0x08,
    0x62, 0x08, 0x62, 0x08, 0x62, 0x08, 0x62, 0x08, 0x62, 0x08, 0x62, 0x08, 0x62, 0x08, 0x62, 0x08,
    0x62, 0x08, 0x62, 0x08, 0x62, 0x08, 0x62, 0x08, 0x62, 0x08, 0x62, 0x08, 0x62, 0x08, 0x62, 0x08,
    0x62, 0x08, 0x62, 0x08, 0x62, 0x08, 0x62, 0x08, 0x62, 0x08, 0x62, 0x08, 0x62, 0x08, 0x62, 0x08,
    0x62, 0x08, 0x62, 0x08, 0x62, 0x08, 0x46, 0x21, 0x52, 0x7c, 0x36, 0x9d, 0x36, 0x9d, 0x36, 0x9d,
    0x36, 0x9d, 0x36, 0x9d, 0x36, 0x9d, 0x36, 0x9d, 0x36, 0x9d, 0x36, 0x9d, 0x36, 0x9d, 0x36, 0x9d,
    0x36, 0x9d, 0x36, 0x9d, 0x36, 0x9d, 0x36, 0x9d, 0x36, 0x9d, 0x36, 0x9d, 0x36, 0x9d, 0x36, 0x9d,
    0x36, 0x9d, 0x36, 0x9d, 0x36, 0x9d, 0x36, 0x9d, 0x36, 0x9d, 0xf5, 0x94, 0xcc, 0x52, 0xa3, 0x10,
    0x62, 0x08, 0x62, 0x08, 0x62, 0x08, 0x62, 0x08, 0x62, 0x08, 0x62, 0x08, 0x62, 0x08, 0x62, 0x08,
    0x62, 0x08, 0x62, 0x08, 0x62, 0x08, 0x62, 0x08, 0x62, 0x08, 0x62, 0x08, 0x62, 0x08, 0x62, 0x08,
    0x62, 0x08, 0x62, 0x08, 0x62, 0x08, 0x62, 0x08, 0x62, 0x08, 0x62, 0x08, 0x62, 0x08, 0x62, 0x08,
    0x62, 0x08, 0x62, 0x08, 0x62, 0x08, 0x62, 0x08, 0x62, 0x08, 0x62, 0x08, 0x62, 0x08, 0x62, 0x08,
    0x62, 0x08, 0x62, 0x08, 0x62, 0x08, 0x62, 0x08, 0x62, 0x08, 0x62, 0x08, 0x62, 0x08, 0x62, 0x08,
    0x62, 0x08, 0x62, 0x08, 0x62, 0x08, 0x62, 0x08, 0x62, 0x08, 0x62, 0x08, 0x62, 0x08, 0x62, 0x08,
    0x62, 0x08, 0x62, 0x08, 0x62, 0x08, 0x62, 0x08, 0x62, 0x08, 0x62, 0x08, 0x62, 0x08, 0x62, 0x08,
    0x62, 0x08, 0x62, 0x08, 0x62, 0x08, 0x62, 0x08, 0x62, 0x08, 0x62, 0x08, 0x62, 0x08, 0xcc, 0x52,
    0x36, 0x9d, 0x36, 0x9d, 0x36, 0x9d, 0x36, 0x9d, 0x36, 0x9d, 0x36, 0x9d, 0x36, 0x9d, 0x36, 0x9d,
    0x36, 0x9d, 0x36, 0x9d, 0x36, 0x9d, 0x36, 0x9d, 0x36, 0x9d, 0x36, 0x9d, 0x36, 0x9d, 0x36, 0x9d,
    0x36, 0x9d, 0x36, 0x9d, 0x36, 0x9d, 0x36, 0x9d, 0x36, 0x9d, 0x36, 0x9d, 0x36, 0x9d, 0x36, 0x9d,
    0x36, 0x9d, 0x36, 0x9d, 0x36, 0x9d, 0x36, 0x9d, 0x94, 0x8c, 0x87, 0x29, 0x62, 0x08, 0x62, 0x08,
    0x62, 0x08, 0x62, 0x08, 0x62, 0x08, 0x62, 0x08, 0x62, 0x08, 0x62, 0x08, 0x62, 0x08, 0x62, 0x08,
    0x62, 0x08, 0x62, 0x08, 0x62, 0x08, 0x62, 0x08, 0x62, 0x08, 0x62, 0x08, 0x62, 0x08, 0x62, 0x08,
    0x62, 0x08, 0x62, 0x08, 0x62, 0x08, 0x62, 0x08, 0x62, 0x08, 0x62, 0x08, 0x62, 0x08, 0x62, 0x08,
    0x62, 0x08, 0x62, 0x08, 0x62, 0x08, 0x62, 0x08, 0x62, 0x08, 0x62, 0x08, 0x62, 0x08, 0x62, 0x08,
    0x62, 0x08, 0x62, 0x08, 0x62, 0x08, 0x62, 0x08, 0x62, 0x08, 0x62, 0x08, 0x62, 0x08, 0x62, 0x08,
    0x62, 0x08, 0x62, 0x08, 0x62, 0x08, 0x62, 0x08, 0x62, 0x08, 0x62, 0x08, 0x62, 0x08, 0x62, 0x08,
    0x62, 0x08, 0x62, 0x08, 0x62, 0x08, 0x62, 0x08, 0x62, 0x08, 0x62, 0x08, 0x62, 0x08, 0x62, 0x08,
    0x62, 0x08, 0x62, 0x08, 0x46, 0x21, 0x94, 0x8c, 0x36, 0x9d, 0x36, 0x9d, 0x36, 0x9d, 0x36, 0x9d,
    0x36, 0x9d, 0x36, 0x9d, 0x36, 0x9d, 0x36, 0x9d, 0x36, 0x9d, 0x36, 0x9d, 0x36, 0x9d, 0x36, 0x9d,
    0x36, 0x9d, 0x36, 0x9d, 0x36, 0x9d, 0x36, 0x9d, 0x36, 0x9d, 0x36, 0x9d, 0x36, 0x9d, 0x36, 0x9d,
    0x36, 0x9d, 0x36, 0x9d, 0x36, 0x9d, 0x36, 0x9d, 0x36, 0x9d, 0x36, 0x9d, 0x36, 0x9d, 0x36, 0x9d,
    0x36, 0x9d, 0x36, 0x9d, 0x36, 0x9d, 0xcc, 0x52, 0x62, 0x08, 0x62, 0x08, 0x62, 0x08, 0x62, 0x08,
    0x62, 0x08, 0x62, 0x08, 0x62, 0x08, 0x62, 0x08, 0x62, 0x08, 0x62, 0x08, 0x62, 0x08, 0x62, 0x08,
    0x62, 0x08, 0x62, 0x08, 0x62, 0x08, 0x62, 0x08, 0x62, 0x08, 0x62, 0x08, 0x62, 0x08, 0x62, 0x08,
    0x62, 0x08, 0x62, 0x08, 0x62, 0x08, 0x62, 0x08, 0x62, 0x08, 0x62, 0x08, 0x62, 0x08, 0x62, 0x08,
    0x62, 0x08, 0x62, 0x08, 0x62, 0x08, 0x62, 0x08, 0x62, 0x08, 0x62, 0x08, 0x62, 0x08, 0x62, 0x08,
    0x62, 0x08, 0x62, 0x08, 0x62, 0x08, 0x62, 0x08, 0x62, 0x08, 0x62, 0x08, 0x62, 0x08, 0x62, 0x08,
    0x62, 0x08, 0x62, 0x08, 0x62, 0x08, 0x62, 0x08, 0x62, 0x08, 0x62, 0x08, 0x62, 0x08, 0x62, 0x08,
    0x62, 0x08, 0x62, 0x08, 0x62, 0x08, 0x62, 0x08, 0x62, 0x08, 0x62, 0x08, 0x46, 0x21, 0xf5, 0x94,
    0x36, 0x9d, 0x36, 0x9d, 0x36, 0x9d, 0x36, 0x9d, 0x36, 0x9d, 0x36, 0x9d, 0x36, 0x9d, 0x36, 0x9d,
    0x36, 0x9d, 0x36, 0x9d, 0x36, 0x9d, 0x36, 0x9d, 0x36, 0x9d, 0x36, 0x9d, 0x36, 0x9d, 0x36, 0x9d,
    0x36, 0x9d, 0x36, 0x9d, 0x36, 0x9d, 0x36, 0x9d, 0x36, 0x9d, 0x36, 0x9d, 0x36, 0x9d, 0x36, 0x9d,
    0x36, 0x9d, 0x36, 0x9d, 0x36, 0x9d, 0x36, 0x9d, 0x36, 0x9d, 0x36, 0x9d, 0x36, 0x9d, 0x36, 0x9d,
    0x36, 0x9d, 0x11, 0x74, 0xa3, 0x10, 0x62, 0x08, 0x62, 0x08, 0x62, 0x08, 0x62, 0x08, 0x62, 0x08,
    0x62, 0x08, 0x62, 0x08, 0x62, 0x08, 0x62, 0x08, 0x62, 0x08, 0x62, 0x08, 0x62, 0x08, 0x62, 0x08,
    0x62, 0x08, 0x62, 0x08, 0x62, 0x08, 0x62, 0x08, 0x62, 0x08, 0x62, 0x08, 0x62, 0x08, 0x62, 0x08,
    0x62, 0x08, 0x62, 0x08, 0x62, 0x08, 0x62, 0x08, 0x62, 0x08, 0x62, 0x08, 0x62, 0x08, 0x62, 0x08,
    0x62, 0x08, 0x62, 0x08, 0x62, 0x08, 0x62, 0x08, 0x62, 0x08, 0x62, 0x08, 0x62, 0x08, 0x62, 0x08,
    0x62, 0x08, 0x62, 0x08, 0x62, 0x08, 0x62, 0x08, 0x62, 0x08, 0x62, 0x08, 0x62, 0x08, 0x62, 0x08,
    0x62, 0x08, 0x62, 0x08, 0x62, 0x08, 0x62, 0x08, 0x62, 0x08, 0x62, 0x08, 0x62, 0x08, 0x62, 0x08,
    0x62, 0x08, 0x62, 0x08, 0x87, 0x29, 0xf5, 0x94, 0x36, 0x9d, 0x36, 0x9d, 0x36, 0x9d, 0x36, 0x9d,
    0x36, 0x9d, 0x36, 0x9d, 0x36, 0x9d, 0x36, 0x9d, 0x36, 0x9d, 0x36, 0x9d, 0x36, 0x9d, 0x36, 0x9d,
    0x36, 0x9d, 0x36, 0x9d, 0x36, 0x9d, 0x36, 0x9d, 0x36, 0x9d, 0x36, 0x9d, 0x36, 0x9d, 0x36, 0x9d,
    0x36, 0x9d, 0x36, 0x9d, 0x36, 0x9d, 0x36, 0x9d, 0x36, 0x9d, 0x36, 0x9d, 0x36, 0x9d, 0x36, 0x9d,
    0x36, 0x9d, 0x36, 0x9d, 0x36, 0x9d, 0x36, 0x9d, 0x36, 0x9d, 0x36, 0x9d, 0x36, 0x9d, 0x52, 0x7c,
    0xa3, 0x10, 0x62, 0x08, 0x62, 0x08, 0x62, 0x08, 0x62, 0x08, 0x62, 0x08, 0x62, 0x08, 0x62, 0x08,
    0x62, 0x08, 0x62, 0x08, 0x62, 0x08, 0x62, 0x08, 0x62, 0x08, 0x62, 0x08, 0x62, 0x08, 0x62, 0x08,
    0x62, 0x08, 0x62, 0x08, 0x62, 0x08, 0x62, 0x08, 0x62, 0x08, 0x62, 0x08, 0x62, 0x08, 0x62, 0x08,
    0x62, 0x08, 0x62, 0x08, 0x62, 0x08, 0x62, 0x08, 0x62, 0x08, 0x62, 0x08, 0x62, 0x08, 0x62, 0x08,
    0x62, 0x08, 0x62, 0x08, 0x62, 0x08, 0x62, 0x08, 0x62, 0x08, 0x62, 0x08, 0x62, 0x08, 0x62, 0x08,
    0x62, 0x08, 0x62, 0x08, 0x62, 0x08, 0x62, 0x08, 0x62, 0x08, 0x62, 0x08, 0x62, 0x08, 0x62, 0x08,
    0x62, 0x08, 0x62, 0x08, 0x62, 0x08, 0x62, 0x08, 0x62, 0x08, 0x62, 0x08, 0x46, 0x21, 0x36, 0x9d,
    0x36, 0x9d, 0x36, 0x9d, 0x36, 0x9d, 0x36, 0x9d, 0x36, 0x9d, 0x36, 0x9d, 0x36, 0x9d, 0x36, 0x9d,
    0x36, 0x9d, 0x36, 0x9d, 0x36, 0x9d, 0x36, 0x9d, 0x36, 0x9d, 0x36, 0x9d, 0x36, 0x9d, 0x36, 0x9d,
    0x36, 0x9d, 0x36, 0x9d, 0x36, 0x9d, 0x36, 0x9d, 0x36, 0x9d, 0x36, 0x9d, 0x36, 0x9d, 0x36, 0x9d,
    0x36, 0x9d, 0x36, 0x9d, 0x36, 0x9d, 0x36, 0x9d, 0x36, 0x9d, 0x36, 0x9d, 0x36, 0x9d, 0x36, 0x9d,
    0x36, 0x9d, 0x36, 0x9d, 0x36, 0x9d, 0x36, 0x9d, 0x36, 0x9d, 0x52, 0x7c, 0x62, 0x08, 0x62, 0x08,
    0x62, 0x08, 0x62, 0x08, 0x62, 0x08, 0x62, 0x08, 0x62, 0x08, 0x62, 0x08, 0x62, 0x08, 0x62, 0x08,
    0x62, 0x08, 0x62, 0x08, 0x62, 0x08, 0x62, 0x08, 0x62, 0x08, 0x62, 0x08, 0x62, 0x08, 0x62, 0x08,
    0x62, 0x08, 0x62, 0x08, 0x62, 0x08, 0x62, 0x08, 0x62, 0x08, 0x62, 0x08, 0x62, 0x08, 0x62, 0x08,
    0x62, 0x08, 0x62, 0x08, 0x62, 0x08, 0x62, 0x08, 0x62, 0x08, 0x62, 0x08, 0x62, 0x08, 0x62, 0x08,
    0x62, 0x08, 0x62, 0x08, 0x62, 0x08, 0x62, 0x08, 0x62, 0x08, 0x62, 0x08, 0x62, 0x08, 0x62, 0x08,
    0x62, 0x08, 0x62, 0x08, 0x62, 0x08, 0x62, 0x08, 0x62, 0x08, 0x62, 0x08, 0x62, 0x08, 0x62, 0x08,
    0x62, 0x08, 0x62, 0x08, 0xa3, 0x10, 0xf5, 0x94, 0x36, 0x9d, 0x36, 0x9d, 0x36, 0x9d, 0x36, 0x9d,
    0x36, 0x9d, 0x36, 0x9d, 0x36, 0x9d, 0x36, 0x9d, 0x36, 0x9d, 0x36, 0x9d, 0x36, 0x9d, 0x36, 0x9d,
    0x36, 0x9d, 0x36, 0x9d, 0x36, 0x9d, 0x36, 0x9d, 0x36, 0x9d, 0x36, 0x9d, 0x36, 0x9d, 0x36, 0x9d,
    0x36, 0x9d, 0x36, 0x9d, 0x36, 0x9d, 0x36, 0x9d, 0x36, 0x9d, 0x36, 0x9d, 0x36, 0x9d, 0x36, 0x9d,
    0x36, 0x9d, 0x36, 0x9d, 0x36, 0x9d, 0x36, 0x9d, 0x36, 0x9d, 0x36, 0x9d, 0x36, 0x9d, 0x36, 0x9d,
    0x36, 0x9d, 0x36, 0x9d, 0x36, 0x9d, 0x2d, 0x5b, 0x62, 0x08, 0x62, 0x08, 0x62, 0x08, 0x62, 0x08,
    0x62, 0x08, 0x62, 0x08, 0x62, 0x08, 0x62, 0x08, 0x62, 0x08, 0x62, 0x08, 0x62, 0x08, 0x62, 0x08,
    0x62, 0x08, 0x62, 0x08, 0x62, 0x08, 0x62, 0x08, 0x62, 0x08, 0x62, 0x08, 0x62, 0x08, 0x62, 0x08,
    0x62, 0x08, 0x62, 0x08, 0x62, 0x08, 0x62, 0x08, 0x62, 0x08, 0x62, 0x08, 0x62, 0x08, 0x62, 0x08,
    0x62, 0x08, 0x62, 0x08, 0x62, 0x08, 0x62, 0x08, 0x62, 0x08, 0x62, 0x08, 0x62, 0x08, 0x62, 0x08,
    0x62, 0x08, 0x62, 0x08, 0x62, 0x08, 0x62, 0x08, 0x62, 0x08, 0x62, 0x08, 0x62, 0x08, 0x62, 0x08,
    0x62, 0x08, 0x62, 0x08, 0x62, 0x08, 0x62, 0x08, 0x62, 0x08, 0x62, 0x08, 0x62, 0x08, 0x52, 0x7c,
    0x36, 0x9d, 0x36, 0x9d, 0x36, 0x9d, 0x36, 0x9d, 0x36, 0x9d, 0x36, 0x9d, 0x36, 0x9d, 0x36, 0x9d,
    0x36, 0x9d, 0x36, 0x9d, 0x36, 0x9d, 0x36, 0x9d, 0x36, 0x9d, 0x36, 0x9d, 0x36, 0x9d, 0x36, 0x9d,
    0x36, 0x9d, 0x36, 0x9d, 0x36, 0x9d, 0x36, 0x9d, 0x36, 0x9d, 0x36, 0x9d, 0x36, 0x9d, 0x36, 0x9d,
    0x36, 0x9d, 0x36, 0x9d, 0x36, 0x9d, 0x36, 0x9d, 0x36, 0x9d, 0x36, 0x9d, 0x36, 0x9d, 0x36, 0x9d,
    0x36, 0x9d, 0x36, 0x9d, 0x36, 0x9d, 0x36, 0x9d, 0x36, 0x9d, 0x36, 0x9d, 0x36, 0x9d, 0x36, 0x9d,
    0x36, 0x9d, 0xe8, 0x31, 0x62, 0x08, 0x62, 0x08, 0x62, 0x08, 0x62, 0x08, 0x62, 0x08, 0x62, 0x08,
    0x62, 0x08, 0x62, 0x08, 0x62, 0x08, 0x62, 0x08, 0x62, 0x08, 0x62, 0x08, 0x62, 0x08, 0x62, 0x08,
    0x62, 0x08, 0x62, 0x08, 0x62, 0x08, 0x62, 0x08, 0x62, 0x08, 0x62, 0x08, 0x62, 0x08, 0x62, 0x08,
    0x62, 0x08, 0x62, 0x08, 0x62, 0x08, 0x62, 0x08, 0x62, 0x08, 0x62, 0x08, 0x62, 0x08, 0x62, 0x08,
    0x62, 0x08, 0x62, 0x08, 0x62, 0x08, 0x62, 0x08, 0x62, 0x08, 0x62, 0x08, 0x62, 0x08, 0x62, 0x08,
    0x62, 0x08, 0x62, 0x08, 0x62, 0x08, 0x62, 0x08, 0x62, 0x08, 0x62, 0x08, 0x62, 0x08, 0x62, 0x08,
    0x62, 0x08, 0x62, 0x08, 0x62, 0x08, 0x2d, 0x5b, 0x36, 0x9d, 0x36, 0x9d, 0x36, 0x9d, 0x36, 0x9d,
    0x36, 0x9d, 0x36, 0x9d, 0x36, 0x9d, 0x36, 0x9d, 0x36, 0x9d, 0x36, 0x9d, 0x36, 0x9d, 0x36, 0x9d,
    0x36, 0x9d, 0x36, 0x9d, 0x36, 0x9d, 0x36, 0x9d, 0x36, 0x9d, 0x36, 0x9d, 0x36, 0x9d, 0x36, 0x9d,
    0x36, 0x9d, 0x36, 0x9d, 0x36, 0x9d, 0x36, 0x9d, 0x36, 0x9d, 0x36, 0x9d, 0x36, 0x9d, 0x36, 0x9d,
    0x36, 0x9d, 0x36, 0x9d, 0x36, 0x9d, 0x36, 0x9d, 0x36, 0x9d, 0x36, 0x9d, 0x36, 0x9d, 0x36, 0x9d,
    0x36, 0x9d, 0x36, 0x9d, 0x36, 0x9d, 0x36, 0x9d, 0x36, 0x9d, 0x36, 0x9d, 0xf5, 0x94, 0x04, 0x19,
    0x62, 0x08, 0x62, 0x08, 0x62, 0x08, 0x62, 0x08, 0x62, 0x08, 0x62, 0x08, 0x62, 0x08, 0x62, 0x08,
    0x62, 0x08, 0x62, 0x08, 0x62, 0x08, 0x62, 0x08, 0x62, 0x08, 0x62, 0x08, 0x62, 0x08, 0x62, 0x08,
    0x62, 0x08, 0x62, 0x08, 0x62, 0x08, 0x62, 0x08, 0x62, 0x08, 0x62, 0x08, 0x62, 0x08, 0x62, 0x08,
    0x62, 0x08, 0x62, 0x08, 0x62, 0x08, 0x62, 0x08, 0x62, 0x08, 0x62, 0x08, 0x62, 0x08, 0x62, 0x08,
    0x62, 0x08, 0x62, 0x08, 0x62, 0x08, 0x62, 0x08, 0x62, 0x08, 0x62, 0x08, 0x62, 0x08, 0x62, 0x08,
    0x62, 0x08, 0x62, 0x08, 0x62, 0x08, 0x62, 0x08, 0x62, 0x08, 0x62, 0x08, 0x62, 0x08, 0x04, 0x19,
    0x36, 0x9d, 0x36, 0x9d, 0x36, 0x9d, 0x36, 0x9d, 0x36, 0x9d, 0x36, 0x9d, 0x36, 0x9d, 0x36, 0x9d,
    0x36, 0x9d, 0x36, 0x9d, 0x36, 0x9d, 0x36, 0x9d, 0x36, 0x9d, 0x36, 0x9d, 0x36, 0x9d, 0x36, 0x9d,
    0x36, 0x9d, 0x36, 0x9d, 0x36, 0x9d, 0x36, 0x9d, 0x36, 0x9d, 0x36, 0x9d, 0x36, 0x9d, 0x36, 0x9d,
    0x36, 0x9d, 0x36, 0x9d, 0x36, 0x9d, 0x36, 0x9d, 0x36, 0x9d, 0x36, 0x9d, 0x36, 0x9d, 0x36, 0x9d,
    0x36, 0x9d, 0x36, 0x9d, 0x36, 0x9d, 0x36, 0x9d, 0x36, 0x9d, 0x36, 0x9d, 0x36, 0x9d, 0x36, 0x9d,
    0x36, 0x9d, 0x36, 0x9d, 0x36, 0x9d, 0x36, 0x9d, 0x6f, 0x63, 0x62, 0x08, 0x62, 0x08, 0x62, 0x08,
    0x62, 0x08, 0x62, 0x08, 0x62, 0x08, 0x62, 0x08, 0x62, 0x08, 0x62, 0x08, 0x62, 0x08, 0x62, 0x08,
    0x62, 0x08, 0x62, 0x08, 0x62, 0x08, 0x62, 0x08, 0x62, 0x08, 0x62, 0x08, 0x62, 0x08, 0x62, 0x08,
    0x62, 0x08, 0x62, 0x08, 0x62, 0x08, 0x62, 0x08, 0x62, 0x08, 0x62, 0x08, 0x62, 0x08, 0x62, 0x08,
    0x62, 0x08, 0x62, 0x08, 0x62, 0x08, 0x62, 0x08, 0x62, 0x08, 0x62, 0x08, 0x62, 0x08, 0x62, 0x08,
    0x62, 0x08, 0x62, 0x08, 0x62, 0x08, 0x62, 0x08, 0x62, 0x08, 0x62, 0x08, 0x62, 0x08, 0x62, 0x08,
    0x62, 0x08, 0x62, 0x08, 0x62, 0x08, 0x62, 0x08, 0x11, 0x74, 0x36, 0x9d, 0x36, 0x9d, 0x36, 0x9d,
    0x36, 0x9d, 0x36, 0x9d, 0x36, 0x9d, 0x36, 0x9d, 0x36, 0x9d, 0x36, 0x9d, 0x36, 0x9d, 0x36, 0x9d,
    0x36, 0x9d, 0x36, 0x9d, 0x36, 0x9d, 0x36, 0x9d, 0x36, 0x9d, 0x36, 0x9d, 0x36, 0x9d, 0x36, 0x9d,
    0x36, 0x9d, 0x36, 0x9d, 0x36, 0x9d, 0x36, 0x9d, 0x36, 0x9d, 0x36, 0x9d, 0x36, 0x9d, 0x36, 0x9d,
    0x36, 0x9d, 0x36, 0x9d, 0x36, 0x9d, 0x36, 0x9d, 0x36, 0x9d, 0x36, 0x9d, 0x36, 0x9d, 0x36, 0x9d,
    0x36, 0x9d, 0x36, 0x9d, 0x36, 0x9d, 0x36, 0x9d, 0x36, 0x9d, 0x36, 0x9d, 0x36, 0x9d, 0x36, 0x9d,
    0x36, 0x9d, 0x36, 0x9d, 0x87, 0x29, 0x62, 0x08, 0x62, 0x08, 0x62, 0x08, 0x62, 0x08, 0x62, 0x08,
    0x62, 0x08, 0x62, 0x08, 0x62, 0x08, 0x62, 0x08, 0x62, 0x08, 0x62, 0x08, 0x62, 0x08, 0x62, 0x08,
    0x62, 0x08, 0x62, 0x08, 0x62, 0x08, 0x62, 0x08, 0x62, 0x08, 0x62, 0x08, 0x62, 0x08, 0x62, 0x08,
    0x62, 0x08, 0x62, 0x08, 0x62, 0x08, 0x62, 0x08, 0x62, 0x08, 0x62, 0x08, 0x62, 0x08, 0x62, 0x08,
    0x62, 0x08, 0x62, 0x08, 0x62, 0x08, 0x62, 0x08, 0x62, 0x08, 0x62, 0x08, 0x62, 0x08, 0x62, 0x08,
    0x62, 0x08, 0x62, 0x08, 0x62, 0x08, 0x62, 0x08, 0x62, 0x08, 0x62, 0x08, 0x62, 0x08, 0x62, 0x08,
    0x87, 0x29, 0x36, 0x9d, 0x36, 0x9d, 0x36, 0x9d, 0x36, 0x9d, 0x36, 0x9d, 0x36, 0x9d, 0x36, 0x9d,
    0x36, 0x9d, 0x36, 0x9d, 0x36, 0x9d, 0x36, 0x9d, 0x36, 0x9d, 0x36, 0x9d, 0x36, 0x9d, 0x36, 0x9d,
    0x36, 0x9d, 0x36, 0x9d, 0x36, 0x9d, 0x36, 0x9d, 0x36, 0x9d, 0x36, 0x9d, 0x36, 0x9d, 0x36, 0x9d,
    0x36, 0x9d, 0x36, 0x9d, 0x36, 0x9d, 0x36, 0x9d, 0x36, 0x9d, 0x36, 0x9d, 0x36, 0x9d, 0x36, 0x9d,
    0x36, 0x9d, 0x36, 0x9d, 0x36, 0x9d, 0x36, 0x9d, 0x36, 0x9d, 0x36, 0x9d, 0x36, 0x9d, 0x36, 0x9d,
    0x36, 0x9d, 0x36, 0x9d, 0x36, 0x9d, 0x36, 0x9d, 0x36, 0x9d, 0x36, 0x9d, 0x36, 0x9d, 0x11, 0x74,
    0x62, 0x08, 0x62, 0x08, 0x62, 0x08, 0x62, 0x08, 0x62, 0x08, 0x62, 0x08, 0x62, 0x08, 0x62, 0x08,
    0x62, 0x08, 0x62, 0x08, 0x62, 0x08, 0x62, 0x08, 0x62, 0x08, 0x62, 0x08, 0x62, 0x08, 0x62, 0x08,
    0x62, 0x08, 0x62, 0x08, 0x62, 0x08, 0x62, 0x08, 0x62, 0x08, 0x62, 0x08, 0x62, 0x08, 0x62, 0x08,
    0x62, 0x08, 0x62, 0x08, 0x62, 0x08, 0x62, 0x08, 0x62, 0x08, 0x62, 0x08, 0x62, 0x08, 0x62, 0x08,
    0x62, 0x08, 0x62, 0x08, 0x62, 0x08, 0x62, 0x08, 0x62, 0x08, 0x62, 0x08, 0x62, 0x08, 0x62, 0x08,
    0x62, 0x08, 0x62, 0x08, 0x62, 0x08, 0x62, 0x08, 0x62, 0x08, 0xb0, 0x6b, 0x36, 0x9d, 0x36, 0x9d,
    0x36, 0x9d, 0x36, 0x9d, 0x36, 0x9d, 0x36, 0x9d, 0x36, 0x9d, 0x36, 0x9d, 0x36, 0x9d, 0x36, 0x9d,
    0x36, 0x9d, 0x36, 0x9d, 0x36, 0x9d, 0x36, 0x9d, 0x36, 0x9d, 0x36, 0x9d, 0x36, 0x9d, 0x36, 0x9d,
    0x36, 0x9d, 0x36, 0x9d, 0x36, 0x9d, 0x36, 0x9d, 0x36, 0x9d, 0x36, 0x9d, 0x36, 0x9d, 0x36, 0x9d,
    0x36, 0x9d, 0x36, 0x9d, 0x36, 0x9d, 0x36, 0x9d, 0x36, 0x9d, 0x36, 0x9d, 0x36, 0x9d, 0x36, 0x9d,
    0x36, 0x9d, 0x36, 0x9d, 0x36, 0x9d, 0x36, 0x9d, 0x36, 0x9d, 0x36, 0x9d, 0x36, 0x9d, 0x36, 0x9d,
    0x36, 0x9d, 0x36, 0x9d, 0x36, 0x9d, 0x36, 0x9d, 0x36, 0x9d, 0x36, 0x9d, 0x94, 0x8c, 0x11, 0x74,
    0xb0, 0x6b, 0x8b, 0x4a, 0x46, 0x21, 0x62, 0x08, 0x62, 0x08, 0x62, 0x08, 0x62, 0x08, 0x62, 0x08,
    0x62, 0x08, 0x62, 0x08, 0x62, 0x08, 0x62, 0x08, 0x62, 0x08, 0x62, 0x08, 0x62, 0x08, 0x62, 0x08,
    0x62, 0x08, 0x62, 0x08, 0x62, 0x08, 0x62, 0x08, 0x62, 0x08, 0x62, 0x08, 0x62, 0x08, 0x62, 0x08,
    0x62, 0x08, 0x62, 0x08, 0x62, 0x08, 0x62, 0x08, 0x62, 0x08, 0x62, 0x08, 0x62, 0x08, 0x62, 0x08,
    0x62, 0x08, 0x62, 0x08, 0x62, 0x08, 0x62, 0x08, 0x62, 0x08, 0x62, 0x08, 0x62, 0x08, 0x62, 0x08,
    0x62, 0x08, 0x04, 0x19, 0x36, 0x9d, 0x36, 0x9d, 0x36, 0x9d, 0x36, 0x9d, 0x36, 0x9d, 0x36, 0x9d,
    0x36, 0x9d, 0x36, 0x9d, 0x36, 0x9d, 0x36, 0x9d, 0x36, 0x9d, 0x36, 0x9d, 0x36, 0x9d, 0x36, 0x9d,
    0x36, 0x9d, 0x36, 0x9d, 0x36, 0x9d, 0x36, 0x9d, 0x36, 0x9d, 0x36, 0x9d, 0x36, 0x9d, 0x36, 0x9d,
    0x36, 0x9d, 0x36, 0x9d, 0x36, 0x9d, 0x36, 0x9d, 0x36, 0x9d, 0x36, 0x9d, 0x36, 0x9d, 0x36, 0x9d,
    0x36, 0x9d, 0x36, 0x9d, 0x36, 0x9d, 0x36, 0x9d, 0x36, 0x9d, 0x36, 0x9d, 0x36, 0x9d, 0x36, 0x9d,
    0x36, 0x9d, 0x36, 0x9d, 0x36, 0x9d, 0x36, 0x9d, 0x36, 0x9d, 0x36, 0x9d, 0x36, 0x9d, 0x36, 0x9d,
    0x36, 0x9d, 0x36, 0x9d, 0x36, 0x9d, 0x36, 0x9d, 0x36, 0x9d, 0x36, 0x9d, 0x36, 0x9d, 0x36, 0x9d,
    0x94, 0x8c, 0xcc, 0x52, 0xa3, 0x10, 0x62, 0x08, 0x62, 0x08, 0x62, 0x08, 0x62, 0x08, 0x62, 0x08,
    0x62, 0x08, 0x62, 0x08, 0x62, 0x08, 0x62, 0x08, 0x62, 0x08, 0x62, 0x08, 0x62, 0x08, 0x62, 0x08,
    0x62, 0x08, 0x62, 0x08, 0x62, 0x08, 0x62, 0x08, 0x62, 0x08, 0x62, 0x08, 0x62, 0x08, 0x62, 0x08,
    0x62, 0x08, 0x62, 0x08, 0x62, 0x08, 0x62, 0x08, 0x62, 0x08, 0x62, 0x08, 0x62, 0x08, 0x62, 0x08,
    0x62, 0x08, 0x62, 0x08, 0x62, 0x08, 0x62, 0x08, 0x62, 0x08, 0x62, 0x08, 0x8b, 0x4a, 0x36, 0x9d,
    0x36, 0x9d, 0x36, 0x9d, 0x36, 0x9d, 0x36, 0x9d, 0x36, 0x9d, 0x36, 0x9d, 0x36, 0x9d, 0x36, 0x9d,
    0x36, 0x9d, 0x36, 0x9d, 0x36, 0x9d, 0x36, 0x9d, 0x36, 0x9d, 0x36, 0x9d, 0x36, 0x9d, 0x36, 0x9d,
    0x36, 0x9d, 0x36, 0x9d, 0x36, 0x9d, 0x36, 0x9d, 0x36, 0x9d, 0x36, 0x9d, 0x36, 0x9d, 0x36, 0x9d,
    0x36, 0x9d, 0x36, 0x9d, 0x36, 0x9d, 0x36, 0x9d, 0x36, 0x9d, 0x36, 0x9d, 0x36, 0x9d, 0x36, 0x9d,
    0x36, 0x9d, 0x36, 0x9d, 0x36, 0x9d, 0x36, 0x9d, 0x36, 0x9d, 0x36, 0x9d, 0x36, 0x9d, 0x36, 0x9d,
    0x36, 0x9d, 0x36, 0x9d, 0x36, 0x9d, 0x36, 0x9d, 0x36, 0x9d, 0x36, 0x9d, 0x36, 0x9d, 0x36, 0x9d,
    0x36, 0x9d, 0x36, 0x9d, 0x36, 0x9d, 0x36, 0x9d, 0x36, 0x9d, 0x36, 0x9d, 0x36, 0x9d, 0xf5, 0x94,
    0xcc, 0x52, 0x62, 0x08, 0x62, 0x08, 0x62, 0x08, 0x62, 0x08, 0x62, 0x08, 0x62, 0x08, 0x62, 0x08,
    0x62, 0x08, 0x62, 0x08, 0x62, 0x08, 0x62, 0x08, 0x62, 0x08, 0x62, 0x08, 0x62, 0x08, 0x62, 0x08,
    0x62, 0x08, 0x62, 0x08, 0x62, 0x08, 0x62, 0x08, 0x62, 0x08, 0x62, 0x08, 0x62, 0x08, 0x62, 0x08,
    0x62, 0x08, 0x62, 0x08, 0x62, 0x08, 0x62, 0x08, 0x62, 0x08, 0x62, 0x08, 0x62, 0x08, 0x62, 0x08,
    0x62, 0x08, 0x62, 0x08, 0x62, 0x08, 0x52, 0x7c, 0x36, 0x9d, 0x36, 0x9d, 0x36, 0x9d, 0x36, 0x9d,
    0x36, 0x9d, 0x36, 0x9d, 0x36, 0x9d, 0x36, 0x9d, 0x36, 0x9d, 0x36, 0x9d, 0x36, 0x9d, 0x36, 0x9d,
    0x36, 0x9d, 0x36, 0x9d, 0x36, 0x9d, 0x36, 0x9d, 0x36, 0x9d, 0x36, 0x9d, 0x36, 0x9d, 0x36, 0x9d,
    0x36, 0x9d, 0x36, 0x9d, 0x36, 0x9d, 0x36, 0x9d, 0x36, 0x9d, 0x36, 0x9d, 0x36, 0x9d, 0x36, 0x9d,
    0x36, 0x9d, 0x36, 0x9d, 0x36, 0x9d, 0x36, 0x9d, 0x36, 0x9d, 0x36, 0x9d, 0x36, 0x9d, 0x36, 0x9d,
    0x36, 0x9d, 0x36, 0x9d, 0x36, 0x9d, 0x36, 0x9d, 0x36, 0x9d, 0x36, 0x9d, 0x36, 0x9d, 0x36, 0x9d,
    0x36, 0x9d, 0x36, 0x9d, 0x36, 0x9d, 0x36, 0x9d, 0x36, 0x9d, 0x36, 0x9d, 0x36, 0x9d, 0x36, 0x9d,
    0x36, 0x9d, 0x36, 0x9d, 0x36, 0x9d, 0x36, 0x9d, 0x36, 0x9d, 0x36, 0x9d, 0x52, 0x7c, 0x04, 0x19,
    0x62, 0x08, 0x62, 0x08, 0x62, 0x08, 0x62, 0x08, 0x62, 0x08, 0x62, 0x08, 0x62, 0x08, 0x62, 0x08,
    0x62, 0x08, 0x62, 0x08, 0x62, 0x08, 0x62, 0x08, 0x62, 0x08, 0x62, 0x08, 0x62, 0x08, 0x62, 0x08,
    0x62, 0x08, 0x62, 0x08, 0x62, 0x08, 0x62, 0x08, 0x62, 0x08, 0x62, 0x08, 0x62, 0x08, 0x62, 0x08,
    0x62, 0x08, 0x62, 0x08, 0x62, 0x08, 0x62, 0x08, 0x04, 0x19, 0xcc, 0x52, 0xb0, 0x6b, 0x94, 0x8c,
    0x36, 0x9d, 0x36, 0x9d, 0x36, 0x9d, 0x36, 0x9d, 0x36, 0x9d, 0x36, 0x9d, 0x36, 0x9d, 0x36, 0x9d,
    0x36, 0x9d, 0x36, 0x9d, 0x36, 0x9d, 0x36, 0x9d, 0x36, 0x9d, 0x36, 0x9d, 0x36, 0x9d, 0x36, 0x9d,
    0x36, 0x9d, 0x36, 0x9d, 0x36, 0x9d, 0x36, 0x9d, 0x36, 0x9d, 0x36, 0x9d, 0x36, 0x9d, 0x36, 0x9d,
    0x36, 0x9d, 0x36, 0x9d, 0x36, 0x9d, 0x36, 0x9d, 0x36, 0x9d, 0x36, 0x9d, 0x36, 0x9d, 0x36, 0x9d,
    0x36, 0x9d, 0x36, 0x9d, 0x36, 0x9d, 0x36, 0x9d, 0x36, 0x9d, 0x36, 0x9d, 0x36, 0x9d, 0x36, 0x9d,
    0x36, 0x9d, 0x36, 0x9d, 0x36, 0x9d, 0x36, 0x9d, 0x36, 0x9d, 0x36, 0x9d, 0x36, 0x9d, 0x36, 0x9d,
    0x36, 0x9d, 0x36, 0x9d, 0x36, 0x9d, 0x36, 0x9d, 0x36, 0x9d, 0x36, 0x9d, 0x36, 0x9d, 0x36, 0x9d,
    0x36, 0x9d, 0x36, 0x9d, 0x36, 0x9d, 0x36, 0x9d, 0xf5, 0x94, 0x46, 0x21, 0x62, 0x08, 0x62, 0x08,
    0x62, 0x08, 0x62, 0x08, 0x62, 0x08, 0x62, 0x08, 0x62, 0x08, 0x62, 0x08, 0x62, 0x08, 0x62, 0x08,
    0x62, 0x08, 0x62, 0x08, 0x62, 0x08, 0x62, 0x08, 0x62, 0x08, 0x62, 0x08, 0x62, 0x08, 0x62, 0x08,
    0x62, 0x08, 0x62, 0x08, 0x62, 0x08, 0x62, 0x08, 0x62, 0x08, 0x62, 0x08, 0x62, 0x08, 0x29, 0x3a,
    0x52, 0x7c, 0x36, 0x9d, 0x36, 0x9d, 0x36, 0x9d, 0x36, 0x9d, 0x36, 0x9d, 0x36, 0x9d, 0x36, 0x9d,
    0x36, 0x9d, 0x36, 0x9d, 0x36, 0x9d, 0x36, 0x9d, 0x36, 0x9d, 0x36, 0x9d, 0x36, 0x9d, 0x36, 0x9d,
    0x36, 0x9d, 0x36, 0x9d, 0x36, 0x9d, 0x36, 0x9d, 0x36, 0x9d, 0x36, 0x9d, 0x36, 0x9d, 0x36, 0x9d,
    0x36, 0x9d, 0x36, 0x9d, 0x36, 0x9d, 0x36, 0x9d, 0x36, 0x9d, 0x36, 0x9d, 0x36, 0x9d, 0x36, 0x9d,
    0x36, 0x9d, 0x36, 0x9d, 0x36, 0x9d, 0x36, 0x9d, 0x36, 0x9d, 0x36, 0x9d, 0x36, 0x9d, 0x36, 0x9d,
    0x36, 0x9d, 0x36, 0x9d, 0x36, 0x9d, 0x36, 0x9d, 0x36, 0x9d, 0x36, 0x9d, 0x36, 0x9d, 0x36, 0x9d,
    0x36, 0x9d, 0x36, 0x9d, 0x36, 0x9d, 0x36, 0x9d, 0x36, 0x9d, 0x36, 0x9d, 0x36, 0x9d, 0x36, 0x9d,
    0x36, 0x9d, 0x36, 0x9d, 0x36, 0x9d, 0x36, 0x9d, 0x36, 0x9d, 0x36, 0x9d, 0x36, 0x9d, 0x36, 0x9d,
    0x36, 0x9d, 0x36, 0x9d, 0xf5, 0x94, 0x46, 0x21, 0x62, 0x08, 0x62, 0x08, 0x62, 0x08, 0x62, 0x08,
    0x62, 0x08, 0x62, 0x08, 0x62, 0x08, 0x62, 0x08, 0x62, 0x08, 0x62, 0x08, 0x62, 0x08, 0x62, 0x08,
    0x62, 0x08, 0x62, 0x08, 0x62, 0x08, 0x62, 0x08, 0x62, 0x08, 0x62, 0x08, 0x62, 0x08, 0x62, 0x08,
    0x62, 0x08, 0x62, 0x08, 0x87, 0x29, 0x52, 0x7c, 0x36, 0x9d, 0x36, 0x9d, 0x36, 0x9d, 0x36, 0x9d,
    0x36, 0x9d, 0x36, 0x9d, 0x36, 0x9d, 0x36, 0x9d, 0x36, 0x9d, 0x36, 0x9d, 0x36, 0x9d, 0x36, 0x9d,
    0x36, 0x9d, 0x36, 0x9d, 0x36, 0x9d, 0x36, 0x9d, 0x36, 0x9d, 0x36, 0x9d, 0x36, 0x9d, 0x36, 0x9d,
    0x36, 0x9d, 0x36, 0x9d, 0x36, 0x9d, 0x36, 0x9d, 0x36, 0x9d, 0x36, 0x9d, 0x36, 0x9d, 0x36, 0x9d,
    0x36, 0x9d, 0x36, 0x9d, 0x36, 0x9d, 0x36, 0x9d, 0x36, 0x9d, 0x36, 0x9d, 0x36, 0x9d, 0x36, 0x9d,
    0x36, 0x9d, 0x36, 0x9d, 0x36, 0x9d, 0x36, 0x9d, 0x36, 0x9d, 0x36, 0x9d, 0x36, 0x9d, 0x36, 0x9d,
    0x36, 0x9d, 0x36, 0x9d, 0x36, 0x9d, 0x36, 0x9d, 0x36, 0x9d, 0x36, 0x9d, 0x36, 0x9d, 0x36, 0x9d,
    0x36, 0x9d, 0x36, 0x9d, 0x36, 0x9d, 0x36, 0x9d, 0x36, 0x9d, 0x36, 0x9d, 0x36, 0x9d, 0x36, 0x9d,
    0x36, 0x9d, 0x36, 0x9d, 0x36, 0x9d, 0x36, 0x9d, 0x36, 0x9d, 0x36, 0x9d, 0x36, 0x9d, 0x36, 0x9d,
    0xf5, 0x94, 0x04, 0x19, 0x62, 0x08, 0x62, 0x08, 0x62, 0x08, 0x62, 0x08, 0x62, 0x08, 0x62, 0x08,
    0x62, 0x08, 0x62, 0x08, 0x62, 0x08, 0x62, 0x08, 0x62, 0x08, 0x62, 0x08, 0x62, 0x08, 0x62, 0x08,
    0x62, 0x08, 0x62, 0x08, 0x62, 0x08, 0x62, 0x08, 0x62, 0x08, 0x62, 0x08, 0xcc, 0x52, 0x36, 0x9d,
    0x36, 0x9d, 0x36, 0x9d, 0x36, 0x9d, 0x36, 0x9d, 0x36, 0x9d, 0x36, 0x9d, 0x36, 0x9d, 0x36, 0x9d,
    0x36, 0x9d, 0x36, 0x9d, 0x36, 0x9d, 0x36, 0x9d, 0x36, 0x9d, 0x36, 0x9d, 0x36, 0x9d, 0x36, 0x9d,
    0x36, 0x9d, 0x36, 0x9d, 0x36, 0x9d, 0x36, 0x9d, 0x36, 0x9d, 0x36, 0x9d, 0x36, 0x9d, 0x36, 0x9d,
    0x36, 0x9d, 0x36, 0x9d, 0x36, 0x9d, 0x36, 0x9d, 0x36, 0x9d, 0x36, 0x9d, 0x36, 0x9d, 0x36, 0x9d,
    0x36, 0x9d, 0x36, 0x9d, 0x36, 0x9d, 0x36, 0x9d, 0x36, 0x9d, 0x36, 0x9d, 0x36, 0x9d, 0x36, 0x9d,
    0x36, 0x9d, 0x36, 0x9d, 0x36, 0x9d, 0x36, 0x9d, 0x36, 0x9d, 0x36, 0x9d, 0x36, 0x9d, 0x36, 0x9d,
    0x36, 0x9d, 0x36, 0x9d, 0x36, 0x9d, 0x36, 0x9d, 0x36, 0x9d, 0x36, 0x9d, 0x36, 0x9d, 0x36, 0x9d,
    0x36, 0x9d, 0x36, 0x9d, 0x36, 0x9d, 0x36, 0x9d, 0x36, 0x9d, 0x36, 0x9d, 0x36, 0x9d, 0x36, 0x9d,
    0x36, 0x9d, 0x36, 0x9d, 0x36, 0x9d, 0x36, 0x9d, 0x36, 0x9d, 0x36, 0x9d, 0x11, 0x74, 0x62, 0x08,
    0x62, 0x08, 0x62, 0x08, 0x62, 0x08, 0x62, 0x08, 0x62, 0x08, 0x62, 0x08, 0x62, 0x08, 0x62, 0x08,
    0x62, 0x08, 0x62, 0x08, 0x62, 0x08, 0x62, 0x08, 0x62, 0x08, 0x62, 0x08, 0x62, 0x08, 0x62, 0x08,
    0x62, 0x08, 0x62, 0x08, 0x6f, 0x63, 0x36, 0x9d, 0x36, 0x9d, 0x36, 0x9d, 0x36, 0x9d, 0x36, 0x9d,
    0x36, 0x9d, 0x36, 0x9d, 0x36, 0x9d, 0x36, 0x9d, 0x36, 0x9d, 0x36, 0x9d, 0x36, 0x9d, 0x36, 0x9d,
    0x36, 0x9d, 0x36, 0x9d, 0x36, 0x9d, 0x36, 0x9d, 0x36, 0x9d, 0x36, 0x9d, 0x36, 0x9d, 0x36, 0x9d,
    0x36, 0x9d, 0x36, 0x9d, 0x36, 0x9d, 0x36, 0x9d, 0x36, 0x9d, 0x36, 0x9d, 0x36, 0x9d, 0x36, 0x9d,
    0x36, 0x9d, 0x36, 0x9d, 0x36, 0x9d, 0x36, 0x9d, 0x36, 0x9d, 0x36, 0x9d, 0x36, 0x9d, 0x36, 0x9d,
    0x36, 0x9d, 0x36, 0x9d, 0x36, 0x9d, 0x36, 0x9d, 0x36, 0x9d, 0x36, 0x9d, 0x36, 0x9d, 0x36, 0x9d,
    0x36, 0x9d, 0x36, 0x9d, 0x36, 0x9d, 0x36, 0x9d, 0x36, 0x9d, 0x36, 0x9d, 0x36, 0x9d, 0x36, 0x9d,
    0x36, 0x9d, 0x36, 0x9d, 0x36, 0x9d, 0x36, 0x9d, 0x36, 0x9d, 0x36, 0x9d, 0x36, 0x9d, 0x36, 0x9d,
    0x36, 0x9d, 0x36, 0x9d, 0x36, 0x9d, 0x36, 0x9d, 0x36, 0x9d, 0x36, 0x9d, 0x36, 0x9d, 0x36, 0x9d,
    0x36, 0x9d, 0x36, 0x9d, 0x36, 0x9d, 0x36, 0x9d, 0x87, 0x29, 0x62, 0x08, 0x62, 0x08, 0x62, 0x08,
    0x62, 0x08, 0x62, 0x08, 0x62, 0x08, 0x62, 0x08, 0x62, 0x08, 0x62, 0x08, 0x62, 0x08, 0x62, 0x08,
    0x62, 0x08, 0x62, 0x08, 0x62, 0x08, 0x62, 0x08, 0x62, 0x08, 0x62, 0x08, 0x6f, 0x63, 0x36, 0x9d,
    0x36, 0x9d, 0x36, 0x9d, 0x36, 0x9d, 0x36, 0x9d, 0x36, 0x9d, 0x36, 0x9d, 0x36, 0x9d, 0x36, 0x9d,
    0x36, 0x9d, 0x36, 0x9d, 0x36, 0x9d, 0x36, 0x9d, 0x36, 0x9d, 0x36, 0x9d, 0x36, 0x9d, 0x36, 0x9d,
    0x36, 0x9d, 0x36, 0x9d, 0x36, 0x9d, 0x36, 0x9d, 0x36, 0x9d, 0x36, 0x9d, 0x36, 0x9d, 0x36, 0x9d,
    0x36, 0x9d, 0x36, 0x9d, 0x36, 0x9d, 0x36, 0x9d, 0x36, 0x9d, 0x36, 0x9d, 0x36, 0x9d, 0x36, 0x9d,
    0x36, 0x9d, 0x36, 0x9d, 0x36, 0x9d, 0x36, 0x9d, 0x36, 0x9d, 0x36, 0x9d, 0x36, 0x9d, 0x36, 0x9d,
    0x36, 0x9d, 0x36, 0x9d, 0x36, 0x9d, 0x36, 0x9d, 0x36, 0x9d, 0x36, 0x9d, 0x36, 0x9d, 0x36, 0x9d,
    0x36, 0x9d, 0x36, 0x9d, 0x36, 0x9d, 0x36, 0x9d, 0x36, 0x9d, 0x36, 0x9d, 0x36, 0x9d, 0x36, 0x9d,
    0x36, 0x9d, 0x36, 0x9d, 0x36, 0x9d, 0x36, 0x9d, 0x36, 0x9d, 0x36, 0x9d, 0x36, 0x9d, 0x36, 0x9d,
    0x36, 0x9d, 0x36, 0x9d, 0x36, 0x9d, 0x36, 0x9d, 0x36, 0x9d, 0x36, 0x9d, 0x36, 0x9d, 0x36, 0x9d,
    0x36, 0x9d, 0x52, 0x7c, 0x62, 0x08, 0x62, 0x08, 0x62, 0x08, 0x62, 0x08, 0x62, 0x08, 0x62, 0x08,
    0x62, 0x08, 0x62, 0x08, 0x62, 0x08, 0x62, 0x08, 0x62, 0x08, 0x62, 0x08, 0x62, 0x08, 0x62, 0x08,
    0x62, 0x08, 0x62, 0x08, 0x8b, 0x4a, 0x36, 0x9d, 0x36, 0x9d, 0x36, 0x9d, 0x36, 0x9d, 0x36, 0x9d,
    0x36, 0x9d, 0x36, 0x9d, 0x36, 0x9d, 0x36, 0x9d, 0x36, 0x9d, 0x36, 0x9d, 0x36, 0x9d, 0x36, 0x9d,
    0x36, 0x9d, 0x36, 0x9d, 0x36, 0x9d, 0x36, 0x9d, 0x36, 0x9d, 0x36, 0x9d, 0x36, 0x9d, 0x36, 0x9d,
    0x36, 0x9d, 0x36, 0x9d, 0x36, 0x9d, 0x36, 0x9d, 0x36, 0x9d, 0x36, 0x9d, 0x36, 0x9d, 0x36, 0x9d,
    0x36, 0x9d, 0x36, 0x9d, 0x36, 0x9d, 0x36, 0x9d, 0x36, 0x9d, 0x36, 0x9d, 0x36, 0x9d, 0x36, 0x9d,
    0x36, 0x9d, 0x36, 0x9d, 0x36, 0x9d, 0x36, 0x9d, 0x36, 0x9d, 0x36, 0x9d, 0x36, 0x9d, 0x36, 0x9d,
    0x36, 0x9d, 0x36, 0x9d, 0x36, 0x9d, 0x36, 0x9d, 0x36, 0x9d, 0x36, 0x9d, 0x36, 0x9d, 0x36, 0x9d,
    0x36, 0x9d, 0x36, 0x9d, 0x36, 0x9d, 0x36, 0x9d, 0x36, 0x9d, 0x36, 0x9d, 0x36, 0x9d, 0x36, 0x9d,
    0x36, 0x9d, 0x36, 0x9d, 0x36, 0x9d, 0x36, 0x9d, 0x36, 0x9d, 0x36, 0x9d, 0x36, 0x9d, 0x36, 0x9d,
    0x36, 0x9d, 0x36, 0x9d, 0x36, 0x9d, 0x36, 0x9d, 0x36, 0x9d, 0x36, 0x9d, 0x36, 0x9d, 0x04, 0x19,
    0x62, 0x08, 0x62, 0x08, 0x62, 0x08, 0x62, 0x08, 0x62, 0x08, 0x62, 0x08, 0x62, 0x08, 0x62, 0x08,
    0x62, 0x08, 0x62, 0x08, 0x62, 0x08, 0x62, 0x08, 0x62, 0x08, 0x62, 0x08, 0x04, 0x19, 0x36, 0x9d,
    0x36, 0x9d, 0x36, 0x9d, 0x36, 0x9d, 0x36, 0x9d, 0x36, 0x9d, 0x36, 0x9d, 0x36, 0x9d, 0x36, 0x9d,
    0x36, 0x9d, 0x36, 0x9d, 0x36, 0x9d, 0x36, 0x9d, 0x36, 0x9d, 0x36, 0x9d, 0x36, 0x9d, 0x36, 0x9d,
    0x36, 0x9d, 0x36, 0x9d, 0x36, 0x9d, 0x36, 0x9d, 0x36, 0x9d, 0x36, 0x9d, 0x36, 0x9d, 0x36, 0x9d,
    0x36, 0x9d, 0x36, 0x9d, 0x36, 0x9d, 0x36, 0x9d, 0x36, 0x9d, 0x36, 0x9d, 0x36, 0x9d, 0x36, 0x9d,
    0x36, 0x9d, 0x36, 0x9d, 0x36, 0x9d, 0x36, 0x9d, 0x36, 0x9d, 0x36, 0x9d, 0x36, 0x9d, 0x36, 0x9d,
    0x36, 0x9d, 0x36, 0x9d, 0x36, 0x9d, 0x36, 0x9d, 0x36, 0x9d, 0x36, 0x9d, 0x36, 0x9d, 0x36, 0x9d,
    0x36, 0x9d, 0x36, 0x9d, 0x36, 0x9d, 0x36, 0x9d, 0x36, 0x9d, 0x36, 0x9d, 0x36, 0x9d, 0x36, 0x9d,
    0x36, 0x9d, 0x36, 0x9d, 0x36, 0x9d, 0x36, 0x9d, 0x36, 0x9d, 0x36, 0x9d, 0x36, 0x9d, 0x36, 0x9d,
    0x36, 0x9d, 0x36, 0x9d, 0x36, 0x9d, 0x36, 0x9d, 0x36, 0x9d, 0x36, 0x9d, 0x36, 0x9d, 0x36, 0x9d,
    0x36, 0x9d, 0x36, 0x9d, 0x36, 0x9d, 0x36, 0x9d, 0x8b, 0x4a, 0x62, 0x08, 0x62, 0x08, 0x62, 0x08,
    0x62, 0x08, 0x62, 0x08, 0x62, 0x08, 0x62, 0x08, 0x62, 0x08, 0x62, 0x08, 0x62, 0x08, 0x62, 0x08,
    0x62, 0x08, 0x62, 0x08, 0x62, 0x08, 0x6f, 0x63, 0x36, 0x9d, 0x36, 0x9d, 0x36, 0x9d, 0x36, 0x9d,
    0x36, 0x9d, 0x36, 0x9d, 0x36, 0x9d, 0x36, 0x9d, 0x36, 0x9d, 0x36, 0x9d, 0x36, 0x9d, 0x36, 0x9d,
    0x36, 0x9d, 0x36, 0x9d, 0x36, 0x9d, 0x36, 0x9d, 0x36, 0x9d, 0x36, 0x9d, 0x36, 0x9d, 0x36, 0x9d,
    0x36, 0x9d, 0x36, 0x9d, 0x36, 0x9d, 0x36, 0x9d, 0x36, 0x9d, 0x36, 0x9d, 0x36, 0x9d, 0x36, 0x9d,
    0x36, 0x9d, 0x36, 0x9d, 0x36, 0x9d, 0x36, 0x9d, 0x36, 0x9d, 0x36, 0x9d, 0x36, 0x9d, 0x36, 0x9d,
    0x36, 0x9d, 0x36, 0x9d, 0x36, 0x9d, 0x36, 0x9d, 0x36, 0x9d, 0x36, 0x9d, 0x36, 0x9d, 0x36, 0x9d,
    0x36, 0x9d, 0x36, 0x9d, 0x36, 0x9d, 0x36, 0x9d, 0x36, 0x9d, 0x36, 0x9d, 0x36, 0x9d, 0x36, 0x9d,
    0x36, 0x9d, 0x36, 0x9d, 0x36, 0x9d, 0x36, 0x9d, 0x36, 0x9d, 0x36, 0x9d, 0x36, 0x9d, 0x36, 0x9d,
    0x36, 0x9d, 0x36, 0x9d, 0x36, 0x9d, 0x36, 0x9d, 0x36, 0x9d, 0x36, 0x9d, 0x36, 0x9d, 0x36, 0x9d,
    0x36, 0x9d, 0x36, 0x9d, 0x36, 0x9d, 0x36, 0x9d, 0x36, 0x9d, 0x36, 0x9d, 0x36, 0x9d, 0x36, 0x9d,
    0x36, 0x9d, 0x11, 0x74, 0x62, 0x08, 0x62, 0x08, 0x62, 0x08, 0x62, 0x08, 0x62, 0x08, 0x62, 0x08,
    0x62, 0x08, 0x62, 0x08, 0x62, 0x08, 0x62, 0x08, 0x62, 0x08, 0x62, 0x08, 0x62, 0x08, 0x04, 0x19,
    0x36, 0x9d, 0x36, 0x9d, 0x36, 0x9d, 0x36, 0x9d, 0x36, 0x9d, 0x36, 0x9d, 0x36, 0x9d, 0x36, 0x9d,
    0x36, 0x9d, 0x36, 0x9d, 0x36, 0x9d, 0x36, 0x9d, 0x36, 0x9d, 0x36, 0x9d, 0x36, 0x9d, 0x36, 0x9d,
    0x36, 0x9d, 0x36, 0x9d, 0x36, 0x9d, 0x36, 0x9d, 0x36, 0x9d, 0x36, 0x9d, 0x36, 0x9d, 0x36, 0x9d,
    0x36, 0x9d, 0x36, 0x9d, 0x36, 0x9d, 0x36, 0x9d, 0x36, 0x9d, 0x36, 0x9d, 0x36, 0x9d, 0x36, 0x9d,
    0x36, 0x9d, 0x36, 0x9d, 0x36, 0x9d, 0x36, 0x9d, 0x36, 0x9d, 0x36, 0x9d, 0x36, 0x9d, 0x36, 0x9d,
    0x36, 0x9d, 0x36, 0x9d, 0x36, 0x9d, 0x36, 0x9d, 0x36, 0x9d, 0x36, 0x9d, 0x36, 0x9d, 0x36, 0x9d,
    0x36, 0x9d, 0x36, 0x9d, 0x36, 0x9d, 0x36, 0x9d, 0x36, 0x9d, 0x36, 0x9d, 0x36, 0x9d, 0x36, 0x9d,
    0x36, 0x9d, 0x36, 0x9d, 0x36, 0x9d, 0x36, 0x9d, 0x36, 0x9d, 0x36, 0x9d, 0x36, 0x9d, 0x36, 0x9d,
    0x36, 0x9d, 0x36, 0x9d, 0x36, 0x9d, 0x36, 0x9d, 0x36, 0x9d, 0x36, 0x9d, 0x36, 0x9d, 0x36, 0x9d,
    0x36, 0x9d, 0x36, 0x9d, 0x36, 0x9d, 0x36, 0x9d, 0x36, 0x9d, 0x36, 0x9d, 0x11, 0x74, 0x62, 0x08,
    0x62, 0x08, 0x62, 0x08, 0x62, 0x08, 0x62, 0x08, 0x62, 0x08, 0x62, 0x08, 0x62, 0x08, 0x62, 0x08,
    0x62, 0x08, 0x62, 0x08, 0x62, 0x08, 0x62, 0x08, 0x8b, 0x4a, 0x36, 0x9d, 0x36, 0x9d, 0x36, 0x9d,
    0x36, 0x9d, 0x36, 0x9d, 0x36, 0x9d, 0x36, 0x9d, 0x36, 0x9d, 0x36, 0x9d, 0x36, 0x9d, 0x36, 0x9d,
    0x36, 0x9d, 0x36, 0x9d, 0x36, 0x9d, 0x36, 0x9d, 0x36, 0x9d, 0x36, 0x9d, 0x36, 0x9d, 0x36, 0x9d,
    0x36, 0x9d, 0x36, 0x9d, 0x36, 0x9d, 0x36, 0x9d, 0x36, 0x9d, 0x36, 0x9d, 0x36, 0x9d, 0x36, 0x9d,
    0x36, 0x9d, 0x36, 0x9d, 0x36, 0x9d, 0x36, 0x9d, 0x36, 0x9d, 0x36, 0x9d, 0x36, 0x9d, 0x36, 0x9d,
    0x36, 0x9d, 0x36, 0x9d, 0x36, 0x9d, 0x36, 0x9d, 0x36, 0x9d, 0x36, 0x9d, 0x36, 0x9d, 0x36, 0x9d,
    0x36, 0x9d, 0x36, 0x9d, 0x36, 0x9d, 0x36, 0x9d, 0x36, 0x9d, 0x36, 0x9d, 0x36, 0x9d, 0x36, 0x9d,
    0x36, 0x9d, 0x36, 0x9d, 0x36, 0x9d, 0x36, 0x9d, 0x36, 0x9d, 0x36, 0x9d, 0x36, 0x9d, 0x36, 0x9d,
    0x36, 0x9d, 0x36, 0x9d, 0x36, 0x9d, 0x36, 0x9d, 0x36, 0x9d, 0x36, 0x9d, 0x36, 0x9d, 0x36, 0x9d,
    0x36, 0x9d, 0x36, 0x9d, 0x36, 0x9d, 0x36, 0x9d, 0x36, 0x9d, 0x36, 0x9d, 0x36, 0x9d, 0x36, 0x9d,
    0x36, 0x9d, 0x36, 0x9d, 0x36, 0x9d, 0x36, 0x9d, 0x62, 0x08, 0x62, 0x08, 0x62, 0x08, 0x62, 0x08,
    0x62, 0x08, 0x62, 0x08, 0x62, 0x08, 0x62, 0x08, 0x62, 0x08, 0x62, 0x08, 0x62, 0x08, 0x62, 0x08,
    0x62, 0x08, 0x11, 0x74, 0x36, 0x9d, 0x36, 0x9d, 0x36, 0x9d, 0x36, 0x9d, 0x36, 0x9d, 0x36, 0x9d,
    0x36, 0x9d, 0x36, 0x9d, 0x36, 0x9d, 0x36, 0x9d, 0x36, 0x9d, 0x36, 0x9d, 0x36, 0x9d, 0x36, 0x9d,
    0x36, 0x9d, 0x36, 0x9d, 0x36, 0x9d, 0x36, 0x9d, 0x36, 0x9d, 0x36, 0x9d, 0x36, 0x9d, 0x36, 0x9d,
    0x36, 0x9d, 0x36, 0x9d, 0x36, 0x9d, 0x36, 0x9d, 0x36, 0x9d, 0x36, 0x9d, 0x36, 0x9d, 0x36, 0x9d,
    0x36, 0x9d, 0x36, 0x9d, 0x36, 0x9d, 0x36, 0x9d, 0x36, 0x9d, 0x36, 0x9d, 0x36, 0x9d, 0x36, 0x9d,
    0x36, 0x9d, 0x36, 0x9d, 0x36, 0x9d, 0x36, 0x9d, 0x36, 0x9d, 0x36, 0x9d, 0x36, 0x9d, 0x36, 0x9d,
    0x36, 0x9d, 0x36, 0x9d, 0x36, 0x9d, 0x36, 0x9d, 0x36, 0x9d, 0x36, 0x9d, 0x36, 0x9d, 0x36, 0x9d,
    0x36, 0x9d, 0x36, 0x9d, 0x36, 0x9d, 0x36, 0x9d, 0x36, 0x9d, 0x36, 0x9d, 0x36, 0x9d, 0x36, 0x9d,
    0x36, 0x9d, 0x36, 0x9d, 0x36, 0x9d, 0x36, 0x9d, 0x36, 0x9d, 0x36, 0x9d, 0x36, 0x9d, 0x36, 0x9d,
    0x36, 0x9d, 0x36, 0x9d, 0x36, 0x9d, 0x36, 0x9d, 0x36, 0x9d, 0x36, 0x9d, 0x36, 0x9d, 0x36, 0x9d,
    0x36, 0x9d, 0x62, 0x08, 0x62, 0x08, 0x62, 0x08, 0x62, 0x08, 0x62, 0x08, 0x62, 0x08, 0x62, 0x08,
    0x62, 0x08, 0x62, 0x08, 0x62, 0x08, 0x62, 0x08, 0x62, 0x08, 0x62, 0x08, 0x52, 0x7c, 0x36, 0x9d,
    0x36, 0x9d, 0x36, 0x9d, 0x36, 0x9d, 0x36, 0x9d, 0x36, 0x9d, 0x36, 0x9d, 0x36, 0x9d, 0x36, 0x9d,
    0x36, 0x9d, 0x36, 0x9d, 0x36, 0x9d, 0x36, 0x9d, 0x36, 0x9d, 0x36, 0x9d, 0x36, 0x9d, 0x36, 0x9d,
    0x36, 0x9d, 0x36, 0x9d, 0x36, 0x9d, 0x36, 0x9d, 0x36, 0x9d, 0x36, 0x9d, 0x36, 0x9d, 0x36, 0x9d,
    0x36, 0x9d, 0x36, 0x9d, 0x36, 0x9d, 0x36, 0x9d, 0x36, 0x9d, 0x36, 0x9d, 0x36, 0x9d, 0x36, 0x9d,
    0x36, 0x9d, 0x36, 0x9d, 0x36, 0x9d, 0x36, 0x9d, 0x36, 0x9d, 0x36, 0x9d, 0x36, 0x9d, 0x36, 0x9d,
    0x36, 0x9d, 0x36, 0x9d, 0x36, 0x9d, 0x36, 0x9d, 0x36, 0x9d, 0x36, 0x9d, 0x36, 0x9d, 0x36, 0x9d,
    0x36, 0x9d, 0x36, 0x9d, 0x36, 0x9d, 0x36, 0x9d, 0x36, 0x9d, 0x36, 0x9d, 0x36, 0x9d, 0x36, 0x9d,
    0x36, 0x9d, 0x36, 0x9d, 0x36, 0x9d, 0x36, 0x9d, 0x36, 0x9d, 0x36, 0x9d, 0x36, 0x9d, 0x36, 0x9d,
    0x36, 0x9d, 0x36, 0x9d, 0x36, 0x9d, 0x36, 0x9d, 0x36, 0x9d, 0x36, 0x9d, 0x36, 0x9d, 0x36, 0x9d,
    0x36, 0x9d, 0x36, 0x9d, 0x36, 0x9d, 0x36, 0x9d, 0x36, 0x9d, 0x11, 0x74, 0x62, 0x08, 0x62, 0x08,
    0x62, 0x08, 0x62, 0x08, 0x62, 0x08, 0x62, 0x08, 0x62, 0x08, 0x62, 0x08, 0x62, 0x08, 0x62, 0x08,
    0x62, 0x08, 0x62, 0x08, 0x62, 0x08, 0x36, 0x9d, 0x36, 0x9d, 0x36, 0x9d, 0x36, 0x9d, 0x36, 0x9d,
    0x36, 0x9d, 0x36, 0x9d, 0x36, 0x9d, 0x36, 0x9d, 0x36, 0x9d, 0x36, 0x9d, 0x36, 0x9d, 0x36, 0x9d,
    0x36, 0x9d, 0x36, 0x9d, 0x36, 0x9d, 0x36, 0x9d, 0x36, 0x9d, 0x36, 0x9d, 0x36, 0x9d, 0x36, 0x9d,
    0x36, 0x9d, 0x36, 0x9d, 0x36, 0x9d, 0x36, 0x9d, 0x36, 0x9d, 0x36, 0x9d, 0x36, 0x9d, 0x36, 0x9d,
    0x36, 0x9d, 0x36, 0x9d, 0x36, 0x9d, 0x36, 0x9d, 0x36, 0x9d, 0x36, 0x9d, 0x36, 0x9d, 0x36, 0x9d,
    0x36, 0x9d, 0x36, 0x9d, 0x36, 0x9d, 0x36, 0x9d, 0x36, 0x9d, 0x36, 0x9d, 0x36, 0x9d, 0x36, 0x9d,
    0x36, 0x9d, 0x36, 0x9d, 0x36, 0x9d, 0x36, 0x9d, 0x36, 0x9d, 0x36, 0x9d, 0x36, 0x9d, 0x36, 0x9d,
    0x36, 0x9d, 0x36, 0x9d, 0x36, 0x9d, 0x36, 0x9d, 0x36, 0x9d, 0x36, 0x9d, 0x36, 0x9d, 0x36, 0x9d,
    0x36, 0x9d, 0x36, 0x9d, 0x36, 0x9d, 0x36, 0x9d, 0x36, 0x9d, 0x36, 0x9d, 0x36, 0x9d, 0x36, 0x9d,
    0x36, 0x9d, 0x36, 0x9d, 0x36, 0x9d, 0x36, 0x9d, 0x36, 0x9d, 0x36, 0x9d, 0x36, 0x9d, 0x36, 0x9d,
    0x36, 0x9d, 0x36, 0x9d, 0x11, 0x74, 0x62, 0x08, 0x62, 0x08, 0x62, 0x08, 0x62, 0x08, 0x62, 0x08,
    0x62, 0x08, 0x62, 0x08, 0x62, 0x08, 0x62, 0x08, 0x62, 0x08, 0x62, 0x08, 0x62, 0x08, 0x62, 0x08,
    0x36, 0x9d, 0x36, 0x9d, 0x36, 0x9d, 0x36, 0x9d, 0x36, 0x9d, 0x36, 0x9d, 0x36, 0x9d, 0x36, 0x9d,
    0x36, 0x9d, 0x36, 0x9d, 0x36, 0x9d, 0x36, 0x9d, 0x36, 0x9d, 0x36, 0x9d, 0x36, 0x9d, 0x36, 0x9d,
    0x36, 0x9d, 0x36, 0x9d, 0x36, 0x9d, 0x36, 0x9d, 0x36, 0x9d, 0x36, 0x9d, 0x36, 0x9d, 0x36, 0x9d,
    0x36, 0x9d, 0x36, 0x9d, 0x36, 0x9d, 0x36, 0x9d, 0x36, 0x9d, 0x36, 0x9d, 0x36, 0x9d, 0x36, 0x9d,
    0x36, 0x9d, 0x36, 0x9d, 0x36, 0x9d, 0x36, 0x9d, 0x36, 0x9d, 0x36, 0x9d, 0x36, 0x9d, 0x36, 0x9d,
    0x36, 0x9d, 0x36, 0x9d, 0x36, 0x9d, 0x36, 0x9d, 0x36, 0x9d, 0x36, 0x9d, 0x36, 0x9d, 0x36, 0x9d,
    0x36, 0x9d, 0x36, 0x9d, 0x36, 0x9d, 0x36, 0x9d, 0x36, 0x9d, 0x36, 0x9d, 0x36, 0x9d, 0x36, 0x9d,
    0x36, 0x9d, 0x36, 0x9d, 0x36, 0x9d, 0x36, 0x9d, 0x36, 0x9d, 0x36, 0x9d, 0x36, 0x9d, 0x36, 0x9d,
    0x36, 0x9d, 0x36, 0x9d, 0x36, 0x9d, 0x36, 0x9d, 0x36, 0x9d, 0x36, 0x9d, 0x36, 0x9d, 0x36, 0x9d,
    0x36, 0x9d, 0x36, 0x9d, 0x36, 0x9d, 0x36, 0x9d, 0x36, 0x9d, 0x36, 0x9d, 0x36, 0x9d, 0x2d, 0x5b,
    0x62, 0x08, 0x62, 0x08, 0x62, 0x08, 0x62, 0x08, 0x62, 0x08, 0x62, 0x08, 0x62, 0x08, 0x62, 0x08,
    0x62, 0x08, 0x62, 0x08, 0x62, 0x08, 0x62, 0x08, 0x62, 0x08, 0x53, 0x7c, 0x36, 0x9d, 0x36, 0x9d,
    0x36, 0x9d, 0x36, 0x9d, 0x36, 0x9d, 0x36, 0x9d, 0x36, 0x9d, 0x36, 0x9d, 0x36, 0x9d, 0x36, 0x9d,
    0x36, 0x9d, 0x36, 0x9d, 0x36, 0x9d, 0x36, 0x9d, 0x36, 0x9d, 0x36, 0x9d, 0x36, 0x9d, 0x36, 0x9d,
    0x36, 0x9d, 0x36, 0x9d, 0x36, 0x9d, 0x36, 0x9d, 0x36, 0x9d, 0x36, 0x9d, 0x36, 0x9d, 0x36, 0x9d,
    0x36, 0x9d, 0x36, 0x9d, 0x36, 0x9d, 0x36, 0x9d, 0x36, 0x9d, 0x36, 0x9d, 0x36, 0x9d, 0x36, 0x9d,
    0x36, 0x9d, 0x36, 0x9d, 0x36, 0x9d, 0x36, 0x9d, 0x36, 0x9d, 0x36, 0x9d, 0x36, 0x9d, 0x36, 0x9d,
    0x36, 0x9d, 0x36, 0x9d, 0x36, 0x9d, 0x36, 0x9d, 0x36, 0x9d, 0x36, 0x9d, 0x36, 0x9d, 0x36, 0x9d,
    0x36, 0x9d, 0x36, 0x9d, 0x36, 0x9d, 0x36, 0x9d, 0x36, 0x9d, 0x36, 0x9d, 0x36, 0x9d, 0x36, 0x9d,
    0x36, 0x9d, 0x36, 0x9d, 0x36, 0x9d, 0x36, 0x9d, 0x36, 0x9d, 0x36, 0x9d, 0x36, 0x9d, 0x36, 0x9d,
    0x36, 0x9d, 0x36, 0x9d, 0x36, 0x9d, 0x36, 0x9d, 0x36, 0x9d, 0x36, 0x9d, 0x36, 0x9d, 0x36, 0x9d,
    0x36, 0x9d, 0x36, 0x9d, 0x36, 0x9d, 0x36, 0x9d, 0x46, 0x21, 0x62, 0x08, 0x62, 0x08, 0x62, 0x08,
    0x62, 0x08, 0x62, 0x08, 0x62, 0x08, 0x62, 0x08, 0x62, 0x08, 0x62, 0x08, 0x62, 0x08, 0x62, 0x08,
    0x62, 0x08, 0x62, 0x08, 0x11, 0x74, 0x36, 0x9d, 0x36, 0x9d, 0x36, 0x9d, 0x36, 0x9d, 0x36, 0x9d,
    0x36, 0x9d, 0x36, 0x9d, 0x36, 0x9d, 0x36, 0x9d, 0x36, 0x9d, 0x36, 0x9d, 0x36, 0x9d, 0x36, 0x9d,
    0x36, 0x9d, 0x36, 0x9d, 0x36, 0x9d, 0x36, 0x9d, 0x36, 0x9d, 0x36, 0x9d, 0x36, 0x9d, 0x36, 0x9d,
    0x36, 0x9d, 0x36, 0x9d, 0x36, 0x9d, 0x36, 0x9d, 0x36, 0x9d, 0x36, 0x9d, 0x36, 0x9d, 0x36, 0x9d,
    0x36, 0x9d, 0x36, 0x9d, 0x36, 0x9d, 0x36, 0x9d, 0x36, 0x9d, 0x36, 0x9d, 0x36, 0x9d, 0x36, 0x9d,
    0x36, 0x9d, 0x36, 0x9d, 0x36, 0x9d, 0x36, 0x9d, 0x36, 0x9d, 0x36, 0x9d, 0x36, 0x9d, 0x36, 0x9d,
    0x36, 0x9d, 0x36, 0x9d, 0x36, 0x9d, 0x36, 0x9d, 0x36, 0x9d, 0x36, 0x9d, 0x36, 0x9d, 0x36, 0x9d,
    0x36, 0x9d, 0x36, 0x9d, 0x36, 0x9d, 0x36, 0x9d, 0x36, 0x9d, 0x36, 0x9d, 0x36, 0x9d, 0x36, 0x9d,
    0x36, 0x9d, 0x36, 0x9d, 0x36, 0x9d, 0x36, 0x9d, 0x36, 0x9d, 0x36, 0x9d, 0x36, 0x9d, 0x36, 0x9d,
    0x36, 0x9d, 0x36, 0x9d, 0x36, 0x9d, 0x36, 0x9d, 0x36, 0x9d, 0x36, 0x9d, 0x36, 0x9d, 0x36, 0x9d,
    0xb4, 0x8c, 0x62, 0x08, 0x62, 0x08, 0x62, 0x08, 0x62, 0x08, 0x62, 0x08, 0x62, 0x08, 0x62, 0x08,
    0x62, 0x08, 0x62, 0x08, 0x62, 0x08, 0x62, 0x08, 0x62, 0x08, 0x62, 0x08, 0x62, 0x08, 0x8b, 0x4a,
    0x36, 0x9d, 0x36, 0x9d, 0x36, 0x9d, 0x36, 0x9d, 0x36, 0x9d, 0x36, 0x9d, 0x36, 0x9d, 0x36, 0x9d,
    0x36, 0x9d, 0x36, 0x9d, 0x36, 0x9d, 0x36, 0x9d, 0x36, 0x9d, 0x36, 0x9d, 0x36, 0x9d, 0x36, 0x9d,
    0x36, 0x9d, 0x36, 0x9d, 0x36, 0x9d, 0x36, 0x9d, 0x36, 0x9d, 0x36, 0x9d, 0x36, 0x9d, 0x36, 0x9d,
    0x36, 0x9d, 0x36, 0x9d, 0x36, 0x9d, 0x36, 0x9d, 0x36, 0x9d, 0x36, 0x9d, 0x36, 0x9d, 0x36, 0x9d,
    0x36, 0x9d, 0x36, 0x9d, 0x36, 0x9d, 0x36, 0x9d, 0x36, 0x9d, 0x36, 0x9d, 0x36, 0x9d, 0x36, 0x9d,
    0x36, 0x9d, 0x36, 0x9d, 0x36, 0x9d, 0x36, 0x9d, 0x36, 0x9d, 0x36, 0x9d, 0x36, 0x9d, 0x36, 0x9d,
    0x36, 0x9d, 0x36, 0x9d, 0x36, 0x9d, 0x36, 0x9d, 0x36, 0x9d, 0x36, 0x9d, 0x36, 0x9d, 0x36, 0x9d,
    0x36, 0x9d, 0x36, 0x9d, 0x36, 0x9d, 0x36, 0x9d, 0x36, 0x9d, 0x36, 0x9d, 0x36, 0x9d, 0x36, 0x9d,
    0x36, 0x9d, 0x36, 0x9d, 0x36, 0x9d, 0x36, 0x9d, 0x36, 0x9d, 0x36, 0x9d, 0x36, 0x9d, 0x36, 0x9d,
    0x36, 0x9d, 0x36, 0x9d, 0x36, 0x9d, 0x36, 0x9d, 0x36, 0x9d, 0xcc, 0x52, 0x62, 0x08, 0x62, 0x08,
    0x62, 0x08, 0x62, 0x08, 0x62, 0x08, 0x62, 0x08, 0x62, 0x08, 0x62, 0x08, 0x62, 0x08, 0x62, 0x08,
    0x62, 0x08, 0x62, 0x08, 0x62, 0x08, 0x62, 0x08, 0x04, 0x19, 0x36, 0x9d, 0x36, 0x9d, 0x36, 0x9d,
    0x36, 0x9d, 0x36, 0x9d, 0x36, 0x9d, 0x36, 0x9d, 0x36, 0x9d, 0x36, 0x9d, 0x36, 0x9d, 0x36, 0x9d,
    0x36, 0x9d, 0x36, 0x9d, 0x36, 0x9d, 0x36, 0x9d, 0x36, 0x9d, 0x36, 0x9d, 0x36, 0x9d, 0x36, 0x9d,
    0x36, 0x9d, 0x36, 0x9d, 0x36, 0x9d, 0x36, 0x9d, 0x36, 0x9d, 0x36, 0x9d, 0x36, 0x9d, 0x36, 0x9d,
    0x36, 0x9d, 0x36, 0x9d, 0x36, 0x9d, 0x36, 0x9d, 0x36, 0x9d, 0x36, 0x9d, 0x36, 0x9d, 0x36, 0x9d,
    0x36, 0x9d, 0x36, 0x9d, 0x36, 0x9d, 0x36, 0x9d, 0x36, 0x9d, 0x36, 0x9d, 0x36, 0x9d, 0x36, 0x9d,
    0x36, 0x9d, 0x36, 0x9d, 0x36, 0x9d, 0x36, 0x9d, 0x36, 0x9d, 0x36, 0x9d, 0x36, 0x9d, 0x36, 0x9d,
    0x36, 0x9d, 0x36, 0x9d, 0x36, 0x9d, 0x36, 0x9d, 0x36, 0x9d, 0x36, 0x9d, 0x36, 0x9d, 0x36, 0x9d,
    0x36, 0x9d, 0x36, 0x9d, 0x36, 0x9d, 0x36, 0x9d, 0x36, 0x9d, 0x36, 0x9d, 0x36, 0x9d, 0x36, 0x9d,
    0x36, 0x9d, 0x36, 0x9d, 0x36, 0x9d, 0x36, 0x9d, 0x36, 0x9d, 0x36, 0x9d, 0x36, 0x9d, 0x36, 0x9d,
    0x36, 0x9d, 0xb4, 0x8c, 0x62, 0x08, 0x62, 0x08, 0x62, 0x08, 0x62, 0x08, 0x62, 0x08, 0x62, 0x08,
    0x62, 0x08, 0x62, 0x08, 0x62, 0x08, 0x62, 0x08, 0x62, 0x08, 0x62, 0x08, 0x62, 0x08, 0x62, 0x08,
    0x62, 0x08, 0x62, 0x08, 0x6f, 0x63, 0x36, 0x9d, 0x36, 0x9d, 0x36, 0x9d, 0x36, 0x9d, 0x36, 0x9d,
    0x36, 0x9d, 0x36, 0x9d, 0x36, 0x9d, 0x36, 0x9d, 0x36, 0x9d, 0x36, 0x9d, 0x36, 0x9d, 0x36, 0x9d,
    0x36, 0x9d, 0x36, 0x9d, 0x36, 0x9d, 0x36, 0x9d, 0x36, 0x9d, 0x36, 0x9d, 0x36, 0x9d, 0x36, 0x9d,
    0x36, 0x9d, 0x36, 0x9d, 0x36, 0x9d, 0x36, 0x9d, 0x36, 0x9d, 0x36, 0x9d, 0x36, 0x9d, 0x36, 0x9d,
    0x36, 0x9d, 0x36, 0x9d, 0x36, 0x9d, 0x36, 0x9d, 0x36, 0x9d, 0x36, 0x9d, 0x36, 0x9d, 0x36, 0x9d,
    0x36, 0x9d, 0x36, 0x9d, 0x36, 0x9d, 0x36, 0x9d, 0x36, 0x9d, 0x36, 0x9d, 0x36, 0x9d, 0x36, 0x9d,
    0x36, 0x9d, 0x36, 0x9d, 0x36, 0x9d, 0x36, 0x9d, 0x36, 0x9d, 0x36, 0x9d, 0x36, 0x9d, 0x36, 0x9d,
    0x36, 0x9d, 0x36, 0x9d, 0x36, 0x9d, 0x36, 0x9d, 0x36, 0x9d, 0x36, 0x9d, 0x36, 0x9d, 0x36, 0x9d,
    0x36, 0x9d, 0x36, 0x9d, 0x36, 0x9d, 0x36, 0x9d, 0x36, 0x9d, 0x36, 0x9d, 0x36, 0x9d, 0x36, 0x9d,
    0x36, 0x9d, 0x36, 0x9d, 0x36, 0x9d, 0x36, 0x9d, 0x36, 0x9d, 0x36, 0x9d, 0x87, 0x29, 0x62, 0x08,
    0x62, 0x08, 0x62, 0x08, 0x62, 0x08, 0x62, 0x08, 0x62, 0x08, 0x62, 0x08, 0x62, 0x08, 0x62, 0x08,
    0x62, 0x08, 0x62, 0x08, 0x62, 0x08, 0x62, 0x08, 0x62, 0x08, 0x62, 0x08, 0x62, 0x08, 0x04, 0x19,
    0xf5, 0x94, 0x36, 0x9d, 0x36, 0x9d, 0x36, 0x9d, 0x36, 0x9d, 0x36, 0x9d, 0x36, 0x9d, 0x36, 0x9d,
    0x36, 0x9d, 0x36, 0x9d, 0x36, 0x9d, 0x36, 0x9d, 0x36, 0x9d, 0x36, 0x9d, 0x36, 0x9d, 0x36, 0x9d,
    0x36, 0x9d, 0x36, 0x9d, 0x36, 0x9d, 0x36, 0x9d, 0x36, 0x9d, 0x36, 0x9d, 0x36, 0x9d, 0x36, 0x9d,
    0x36, 0x9d, 0x36, 0x9d, 0x36, 0x9d, 0x36, 0x9d, 0x36, 0x9d, 0x36, 0x9d, 0x36, 0x9d, 0x36, 0x9d,
    0x36, 0x9d, 0x36, 0x9d, 0x36, 0x9d, 0x36, 0x9d, 0x36, 0x9d, 0x36, 0x9d, 0x36, 0x9d, 0x36, 0x9d,
    0x51, 0xb5, 0xa0, 0xfd, 0xa0, 0xfd, 0xa0, 0xfd, 0xa0, 0xfd, 0xa0, 0xfd, 0xa0, 0xfd, 0xa0, 0xfd,
    0xa0, 0xfd, 0xa0, 0xfd, 0xa0, 0xfd, 0xa0, 0xfd, 0xa0, 0xfd, 0xa0, 0xfd, 0xa0, 0xfd, 0xa0, 0xfd,
    0xa0, 0xfd, 0x87, 0xdd, 0x36, 0x9d, 0x36, 0x9d, 0x36, 0x9d, 0x36, 0x9d, 0x36, 0x9d, 0x36, 0x9d,
    0x36, 0x9d, 0x36, 0x9d, 0x36, 0x9d, 0x36, 0x9d, 0x36, 0x9d, 0x36, 0x9d, 0x36, 0x9d, 0x36, 0x9d,
    0x36, 0x9d, 0x36, 0x9d, 0x8b, 0x4a, 0x62, 0x08, 0x62, 0x08, 0x62, 0x08, 0x62, 0x08, 0x62, 0x08,
    0x62, 0x08, 0x62, 0x08, 0x62, 0x08, 0x62, 0x08, 0x62, 0x08, 0x62, 0x08, 0x62, 0x08, 0x62, 0x08,
    0x62, 0x08, 0x62, 0x08, 0x62, 0x08, 0x62, 0x08, 0x62, 0x08, 0x29, 0x3a, 0x36, 0x9d, 0x36, 0x9d,
    0x36, 0x9d, 0x36, 0x9d, 0x36, 0x9d, 0x36, 0x9d, 0x36, 0x9d, 0x36, 0x9d, 0x36, 0x9d, 0x36, 0x9d,
    0x36, 0x9d, 0x36, 0x9d, 0x36, 0x9d, 0x36, 0x9d, 0x36, 0x9d, 0x36, 0x9d, 0x36, 0x9d, 0x36, 0x9d,
    0x36, 0x9d, 0x36, 0x9d, 0x36, 0x9d, 0x36, 0x9d, 0x36, 0x9d, 0x36, 0x9d, 0x36, 0x9d, 0x36, 0x9d,
    0x36, 0x9d, 0x36, 0x9d, 0x36, 0x9d, 0x36, 0x9d, 0x36, 0x9d, 0x36, 0x9d, 0x36, 0x9d, 0x36, 0x9d,
    0x36, 0x9d, 0x36, 0x9d, 0x36, 0x9d, 0x36, 0x9d, 0x36, 0x9d, 0xa3, 0xf5, 0xa0, 0xfd, 0xa0, 0xfd,
    0xa0, 0xfd, 0xa0, 0xfd, 0xa0, 0xfd, 0xa0, 0xfd, 0xa0, 0xfd, 0xa0, 0xfd, 0xa0, 0xfd, 0xa0, 0xfd,
    0xa0, 0xfd, 0xa0, 0xfd, 0xa0, 0xfd, 0xa0, 0xfd, 0xa0, 0xfd, 0xa1, 0xfd, 0x55, 0xa5, 0x36, 0x9d,
    0x36, 0x9d, 0x36, 0x9d, 0x36, 0x9d, 0x36, 0x9d, 0x36, 0x9d, 0x36, 0x9d, 0x36, 0x9d, 0x36, 0x9d,
    0x36, 0x9d, 0x36, 0x9d, 0x36, 0x9d, 0x36, 0x9d, 0x36, 0x9d, 0x36, 0x9d, 0x6f, 0x63, 0x62, 0x08,
    0x62, 0x08, 0x62, 0x08, 0x62, 0x08, 0x62, 0x08, 0x62, 0x08, 0x62, 0x08, 0x62, 0x08, 0x62, 0x08,
    0x62, 0x08, 0x62, 0x08, 0x62, 0x08, 0x62, 0x08, 0x62, 0x08, 0x62, 0x08, 0x62, 0x08, 0x62, 0x08,
    0x62, 0x08, 0x62, 0x08, 0x62, 0x08, 0x2d, 0x5b, 0x36, 0x9d, 0x36, 0x9d, 0x36, 0x9d, 0x36, 0x9d,
    0x36, 0x9d, 0x36, 0x9d, 0x36, 0x9d, 0x36, 0x9d, 0x36, 0x9d, 0x36, 0x9d, 0x36, 0x9d, 0x36, 0x9d,
    0x36, 0x9d, 0x36, 0x9d, 0x36, 0x9d, 0x36, 0x9d, 0x36, 0x9d, 0x36, 0x9d, 0x36, 0x9d, 0x36, 0x9d,
    0x36, 0x9d, 0x36, 0x9d, 0x36, 0x9d, 0x36, 0x9d, 0x36, 0x9d, 0x36, 0x9d, 0x36, 0x9d, 0x36, 0x9d,
    0x36, 0x9d, 0x36, 0x9d, 0x36, 0x9d, 0x36, 0x9d, 0x36, 0x9d, 0x36, 0x9d, 0x36, 0x9d, 0x36, 0x9d,
    0x36, 0x9d, 0x6b, 0xcd, 0xa0, 0xfd, 0xa0, 0xfd, 0xa0, 0xfd, 0xa0, 0xfd, 0xa0, 0xfd, 0xa0, 0xfd,
    0xa0, 0xfd, 0xa0, 0xfd, 0xa0, 0xfd, 0xa0, 0xfd, 0xa0, 0xfd, 0xa0, 0xfd, 0xa0, 0xfd, 0xa0, 0xfd,
    0xa0, 0xfd, 0xa0, 0xfd, 0x6e, 0xc5, 0x36, 0x9d, 0x36, 0x9d, 0x36, 0x9d, 0x36, 0x9d, 0x36, 0x9d,
    0x36, 0x9d, 0x36, 0x9d, 0x36, 0x9d, 0x36, 0x9d, 0x36, 0x9d, 0x36, 0x9d, 0x36, 0x9d, 0x36, 0x9d,
    0x36, 0x9d, 0x36, 0x9d, 0x2d, 0x5b, 0x62, 0x08, 0x62, 0x08, 0x62, 0x08, 0x62, 0x08, 0x62, 0x08,
    0x62, 0x08, 0x62, 0x08, 0x62, 0x08, 0x62, 0x08, 0x62, 0x08, 0x62, 0x08, 0x62, 0x08, 0x62, 0x08,
    0x62, 0x08, 0x62, 0x08, 0x62, 0x08, 0x62, 0x08, 0x62, 0x08, 0x62, 0x08, 0x62, 0x08, 0x62, 0x08,
    0x62, 0x08, 0xcc, 0x52, 0x36, 0x9d, 0x36, 0x9d, 0x36, 0x9d, 0x36, 0x9d, 0x36, 0x9d, 0x36, 0x9d,
    0x36, 0x9d, 0x36, 0x9d, 0x36, 0x9d, 0x36, 0x9d, 0x36, 0x9d, 0x36, 0x9d, 0x36, 0x9d, 0x36, 0x9d,
    0x36, 0x9d, 0x36, 0x9d, 0x36, 0x9d, 0x36, 0x9d, 0x36, 0x9d, 0x36, 0x9d, 0x36, 0x9d, 0x36, 0x9d,
    0x36, 0x9d, 0x36, 0x9d, 0x36, 0x9d, 0x36, 0x9d, 0x36, 0x9d, 0x36, 0x9d, 0x36, 0x9d, 0x36, 0x9d,
    0x36, 0x9d, 0x36, 0x9d, 0x36, 0x9d, 0x36, 0x9d, 0x36, 0x9d, 0x54, 0xa5, 0xa1, 0xfd, 0xa0, 0xfd,
    0xa0, 0xfd, 0xa0, 0xfd, 0xa0, 0xfd, 0xa0, 0xfd, 0xa0, 0xfd, 0xa0, 0xfd, 0xa0, 0xfd, 0xa0, 0xfd,
    0xa0, 0xfd, 0xa0, 0xfd, 0xa0, 0xfd, 0xa0, 0xfd, 0xa0, 0xfd, 0xa0, 0xfd, 0x86, 0xe5, 0x36, 0x9d,
    0x36, 0x9d, 0x36, 0x9d, 0x36, 0x9d, 0x36, 0x9d, 0x36, 0x9d, 0x36, 0x9d, 0x36, 0x9d, 0x36, 0x9d,
    0x36, 0x9d, 0x36, 0x9d, 0x36, 0x9d, 0x36, 0x9d, 0x36, 0x9d, 0xf5, 0x94, 0x87, 0x29, 0x62, 0x08,
    0x62, 0x08, 0x62, 0x08, 0x62, 0x08, 0x62, 0x08, 0x62, 0x08, 0x62, 0x08, 0x62, 0x08, 0x62, 0x08,
    0x62, 0x08, 0x62, 0x08, 0x62, 0x08, 0x62, 0x08, 0x62, 0x08, 0x62, 0x08, 0x62, 0x08, 0x62, 0x08,
    0x62, 0x08, 0x62, 0x08, 0x62, 0x08, 0x62, 0x08, 0x62, 0x08, 0x62, 0x08, 0x62, 0x08, 0xe8, 0x31,
    0xf5, 0x94, 0x36, 0x9d, 0x36, 0x9d, 0x36, 0x9d, 0x36, 0x9d, 0x36, 0x9d, 0x36, 0x9d, 0x36, 0x9d,
    0x36, 0x9d, 0x36, 0x9d, 0x36, 0x9d, 0x36, 0x9d, 0x36, 0x9d, 0x36, 0x9d, 0x36, 0x9d, 0x36, 0x9d,
    0x36, 0x9d, 0x36, 0x9d, 0x36, 0x9d, 0x36, 0x9d, 0x36, 0x9d, 0x36, 0x9d, 0x36, 0x9d, 0x36, 0x9d,
    0x36, 0x9d, 0x36, 0x9d, 0x36, 0x9d, 0x36, 0x9d, 0x36, 0x9d, 0x36, 0x9d, 0x36, 0x9d, 0x36, 0x9d,
    0x36, 0x9d, 0x36, 0x9d, 0x88, 0xdd, 0xa0, 0xfd, 0xa0, 0xfd, 0xa0, 0xfd, 0xa0, 0xfd, 0xa0, 0xfd,
    0xa0, 0xfd, 0xa0, 0xfd, 0xa0, 0xfd, 0xa0, 0xfd, 0xa0, 0xfd, 0xa0, 0xfd, 0xa0, 0xfd, 0xa0, 0xfd,
    0xa0, 0xfd, 0xa0, 0xfd, 0xa1, 0xfd, 0x54, 0xa5, 0x36, 0x9d, 0x36, 0x9d, 0x36, 0x9d, 0x36, 0x9d,
    0x36, 0x9d, 0x36, 0x9d, 0x36, 0x9d, 0x36, 0x9d, 0x36, 0x9d, 0x36, 0x9d, 0x36, 0x9d, 0x36, 0x9d,
    0x36, 0x9d, 0x6f, 0x63, 0xa3, 0x10, 0x62, 0x08, 0x62, 0x08, 0x62, 0x08, 0x62, 0x08, 0x62, 0x08,
    0x62, 0x08, 0x62, 0x08, 0x62, 0x08, 0x62, 0x08, 0x62, 0x08, 0x62, 0x08, 0x62, 0x08, 0x62, 0x08,
    0x62, 0x08, 0x62, 0x08, 0x62, 0x08, 0x62, 0x08, 0x62, 0x08, 0x62, 0x08, 0x62, 0x08, 0x62, 0x08,
    0x62, 0x08, 0x62, 0x08, 0x62, 0x08, 0x62, 0x08, 0x62, 0x08, 0xa3, 0x10, 0xcc, 0x52, 0xf5, 0x94,
    0x36, 0x9d, 0x36, 0x9d, 0x36, 0x9d, 0x36, 0x9d, 0x36, 0x9d, 0x36, 0x9d, 0x36, 0x9d, 0x36, 0x9d,
    0x36, 0x9d, 0x36, 0x9d, 0x36, 0x9d, 0x36, 0x9d, 0x36, 0x9d, 0x36, 0x9d, 0x36, 0x9d, 0x36, 0x9d,
    0x36, 0x9d, 0x36, 0x9d, 0x36, 0x9d, 0x36, 0x9d, 0x36, 0x9d, 0x36, 0x9d, 0x36, 0x9d, 0x36, 0x9d,
    0x36, 0x9d, 0x36, 0x9d, 0x36, 0x9d, 0x36, 0x9d, 0x36, 0x9d, 0x36, 0x9d, 0x51, 0xb5, 0xa0, 0xfd,
    0xa0, 0xfd, 0xa0, 0xfd, 0xa0, 0xfd, 0xa0, 0xfd, 0xa0, 0xfd, 0xa0, 0xfd, 0xa0, 0xfd, 0xa0, 0xfd,
    0xa0, 0xfd, 0xa0, 0xfd, 0xa0, 0xfd, 0xa0, 0xfd, 0xa0, 0xfd, 0xa0, 0xfd, 0xa0, 0xfd, 0x6d, 0xc5,
    0x36, 0x9d, 0x36, 0x9d, 0x36, 0x9d, 0x36, 0x9d, 0x36, 0x9d, 0x36, 0x9d, 0x36, 0x9d, 0x36, 0x9d,
    0x36, 0x9d, 0x36, 0x9d, 0x36, 0x9d, 0xf5, 0x94, 0xcc, 0x52, 0xa3, 0x10, 0x62, 0x08, 0x62, 0x08,
    0x62, 0x08, 0x62, 0x08, 0x62, 0x08, 0x62, 0x08, 0x62, 0x08, 0x62, 0x08, 0x62, 0x08, 0x62, 0x08,
    0x62, 0x08, 0x62, 0x08, 0x62, 0x08, 0x62, 0x08, 0x62, 0x08, 0x62, 0x08, 0x62, 0x08, 0x62, 0x08,
    0x62, 0x08, 0x62, 0x08, 0x62, 0x08, 0x62, 0x08, 0x62, 0x08, 0x62, 0x08, 0x62, 0x08, 0x62, 0x08,
    0x62, 0x08, 0x62, 0x08, 0x62, 0x08, 0x62, 0x08, 0x62, 0x08, 0x87, 0x29, 0x2d, 0x5b, 0x11, 0x74,
    0x53, 0x7c, 0x36, 0x9d, 0x36, 0x9d, 0x36, 0x9d, 0x36, 0x9d, 0x36, 0x9d, 0x36, 0x9d, 0x36, 0x9d,
    0x36, 0x9d, 0x36, 0x9d, 0x36, 0x9d, 0x36, 0x9d, 0x36, 0x9d, 0x36, 0x9d, 0x36, 0x9d, 0x36, 0x9d,
    0x36, 0x9d, 0x36, 0x9d, 0x36, 0x9d, 0x36, 0x9d, 0x36, 0x9d, 0x36, 0x9d, 0x36, 0x9d, 0x36, 0x9d,
    0x36, 0x9d, 0x36, 0x9d, 0x36, 0x9d, 0xa4, 0xed, 0xa0, 0xfd, 0xa0, 0xfd, 0xa0, 0xfd, 0xa0, 0xfd,
    0xa0, 0xfd, 0xa0, 0xfd, 0xa0, 0xfd, 0xa0, 0xfd, 0xa0, 0xfd, 0xa0, 0xfd, 0xa0, 0xfd, 0xa0, 0xfd,
    0xa0, 0xfd, 0xa0, 0xfd, 0xa0, 0xfd, 0x86, 0xe5, 0x36, 0x9d, 0x36, 0x9d, 0x36, 0x9d, 0x36, 0x9d,
    0x36, 0x9d, 0x36, 0x9d, 0x36, 0x9d, 0xb4, 0x8c, 0x11, 0x74, 0xb0, 0x6b, 0x8b, 0x4a, 0x46, 0x21,
    0x62, 0x08, 0x62, 0x08, 0x62, 0x08, 0x62, 0x08, 0x62, 0x08, 0x62, 0x08, 0x62, 0x08, 0x62, 0x08,
    0x62, 0x08, 0x62, 0x08, 0x62, 0x08, 0x62, 0x08, 0x62, 0x08, 0x62, 0x08, 0x62, 0x08, 0x62, 0x08,
    0x62, 0x08, 0x62, 0x08, 0x62, 0x08, 0x62, 0x08, 0x62, 0x08, 0x62, 0x08, 0x62, 0x08, 0x62, 0x08,
    0x62, 0x08, 0x62, 0x08, 0x62, 0x08, 0x62, 0x08, 0x62, 0x08, 0x62, 0x08, 0x62, 0x08, 0x62, 0x08,
    0x62, 0x08, 0x62, 0x08, 0x62, 0x08, 0x62, 0x08, 0x62, 0x08, 0x62, 0x08, 0x62, 0x08, 0x62, 0x08,
    0x62, 0x08, 0x62, 0x08, 0x62, 0x08, 0x62, 0x08, 0x62, 0x08, 0x62, 0x08, 0x62, 0x08, 0x62, 0x08,
    0x62, 0x08, 0x62, 0x08, 0x62, 0x08, 0x62, 0x08, 0x62, 0x08, 0x62, 0x08, 0x62, 0x08, 0x62, 0x08,
    0x62, 0x08, 0x62, 0x08, 0x62, 0x08, 0x62, 0x08, 0x62, 0x08, 0x62, 0x08, 0x62, 0x08, 0xa1, 0x72,
    0xa0, 0xfd, 0xa0, 0xfd, 0xa0, 0xfd, 0xa0, 0xfd, 0xa0, 0xfd, 0xa0, 0xfd, 0xa0, 0xfd, 0xa0, 0xfd,
    0xa0, 0xfd, 0xa0, 0xfd, 0xa0, 0xfd, 0xa0, 0xfd, 0xa0, 0xfd, 0xa0, 0xfd, 0xa0, 0xfd, 0xa0, 0xfd,
    0x61, 0x31, 0x62, 0x08, 0x62, 0x08, 0x62, 0x08, 0x62, 0x08, 0x62, 0x08, 0x62, 0x08, 0x62, 0x08,
    0x62, 0x08, 0x62, 0x08, 0x62, 0x08, 0x62, 0x08, 0x62, 0x08, 0x62, 0x08, 0x62, 0x08, 0x62, 0x08,
    0x62, 0x08, 0x62, 0x08, 0x62, 0x08, 0x62, 0x08, 0x62, 0x08, 0x62, 0x08, 0x62, 0x08, 0x62, 0x08,
    0x62, 0x08, 0x62, 0x08, 0x62, 0x08, 0x62, 0x08, 0x62, 0x08, 0x62, 0x08, 0x62, 0x08, 0x62, 0x08,
    0x62, 0x08, 0x62, 0x08, 0x62, 0x08, 0x62, 0x08, 0x62, 0x08, 0x62, 0x08, 0x62, 0x08, 0x62, 0x08,
    0x62, 0x08, 0x62, 0x08, 0x62, 0x08, 0x62, 0x08, 0x62, 0x08, 0x62, 0x08, 0x62, 0x08, 0x62, 0x08,
    0x62, 0x08, 0x62, 0x08, 0x62, 0x08, 0x62, 0x08, 0x62, 0x08, 0x62, 0x08, 0x62, 0x08, 0x62, 0x08,
    0x62, 0x08, 0x62, 0x08, 0x62, 0x08, 0x62, 0x08, 0x62, 0x08, 0x62, 0x08, 0x62, 0x08, 0x62, 0x08,
    0x62, 0x08, 0x62, 0x08, 0x62, 0x08, 0x62, 0x08, 0x62, 0x08, 0x62, 0x08, 0x62, 0x08, 0x62, 0x08,
    0x62, 0x08, 0x62, 0x08, 0x62, 0x08, 0xa2, 0x18, 0x60, 0xed, 0xa0, 0xfd, 0xa0, 0xfd, 0xa0, 0xfd,
    0xa0, 0xfd, 0xa0, 0xfd, 0xa0, 0xfd, 0xa0, 0xfd, 0xa0, 0xfd, 0xa0, 0xfd, 0xa0, 0xfd, 0xa0, 0xfd,
    0xa0, 0xfd, 0xa0, 0xfd, 0xa0, 0xfd, 0xa0, 0xfd, 0x01, 0x83, 0x62, 0x08, 0x62, 0x08, 0x62, 0x08,
    0x62, 0x08, 0x62, 0x08, 0x62, 0x08, 0x62, 0x08, 0x62, 0x08, 0x62, 0x08, 0x62, 0x08, 0x62, 0x08,
    0x62, 0x08, 0x62, 0x08, 0x62, 0x08, 0x62, 0x08, 0x62, 0x08, 0x62, 0x08, 0x62, 0x08, 0x62, 0x08,
    0x62, 0x08, 0x62, 0x08, 0x62, 0x08, 0x62, 0x08, 0x62, 0x08, 0x62, 0x08, 0x62, 0x08, 0x62, 0x08,
    0x62, 0x08, 0x62, 0x08, 0x62, 0x08, 0x62, 0x08, 0x62, 0x08, 0x62, 0x08, 0x62, 0x08, 0x62, 0x08,
    0x62, 0x08, 0x62, 0x08, 0x62, 0x08, 0x62, 0x08, 0x62, 0x08, 0x62, 0x08, 0x62, 0x08, 0x62, 0x08,
    0x62, 0x08, 0x62, 0x08, 0x62, 0x08, 0x62, 0x08, 0x62, 0x08, 0x62, 0x08, 0x62, 0x08, 0x62, 0x08,
    0x62, 0x08, 0x62, 0x08, 0x62, 0x08, 0x62, 0x08, 0x62, 0x08, 0x62, 0x08, 0x62, 0x08, 0x62, 0x08,
    0x62, 0x08, 0x62, 0x08, 0x62, 0x08, 0x62, 0x08, 0x62, 0x08, 0x62, 0x08, 0x62, 0x08, 0x62, 0x08,
    0x62, 0x08, 0x62, 0x08, 0x62, 0x08, 0x62, 0x08, 0x62, 0x08, 0x62, 0x08, 0x62, 0x08, 0x62, 0x08,
    0x61, 0x93, 0xa0, 0xfd, 0xa0, 0xfd, 0xa0, 0xfd, 0xa0, 0xfd, 0xa0, 0xfd, 0xa0, 0xfd, 0xa0, 0xfd,
    0xa0, 0xfd, 0xa0, 0xfd, 0xa0, 0xfd, 0xa0, 0xfd, 0xa0, 0xfd, 0xa0, 0xfd, 0xa0, 0xfd, 0xa0, 0xfd,
    0xa0, 0xd4, 0x62, 0x08, 0x62, 0x08, 0x62, 0x08, 0x62, 0x08, 0x62, 0x08, 0x62, 0x08, 0x62, 0x08,
    0x62, 0x08, 0x62, 0x08, 0x62, 0x08, 0x62, 0x08, 0x62, 0x08, 0x62, 0x08, 0x62, 0x08, 0x62, 0x08,
    0x62, 0x08, 0x62, 0x08, 0x62, 0x08, 0x62, 0x08, 0x62, 0x08, 0x62, 0x08, 0x62, 0x08, 0x62, 0x08,
    0x62, 0x08, 0x62, 0x08, 0x62, 0x08, 0x62, 0x08, 0x62, 0x08, 0x62, 0x08, 0x62, 0x08, 0x62, 0x08,
    0x62, 0x08, 0x62, 0x08, 0x62, 0x08, 0x62, 0x08, 0x62, 0x08, 0x62, 0x08, 0x62, 0x08, 0x62, 0x08,
    0x62, 0x08, 0x62, 0x08, 0x62, 0x08, 0x62, 0x08, 0x62, 0x08, 0x62, 0x08, 0x62, 0x08, 0x62, 0x08,
    0x62, 0x08, 0x62, 0x08, 0x62, 0x08, 0x62, 0x08, 0x62, 0x08, 0x62, 0x08, 0x62, 0x08, 0x62, 0x08,
    0x62, 0x08, 0x62, 0x08, 0x62, 0x08, 0x62, 0x08, 0x62, 0x08, 0x62, 0x08, 0x62, 0x08, 0x62, 0x08,
    0x62, 0x08, 0x62, 0x08, 0x62, 0x08, 0x62, 0x08, 0x62, 0x08, 0x62, 0x08, 0x62, 0x08, 0x62, 0x08,
    0x62, 0x08, 0x62, 0x08, 0x62, 0x08, 0x62, 0x08, 0x61, 0x31, 0xa0, 0xfd, 0xa0, 0xfd, 0xa0, 0xfd,
    0xa0, 0xfd, 0xa0, 0xfd, 0xa0, 0xfd, 0xa0, 0xfd, 0xa0, 0xfd, 0xa0, 0xfd, 0xa0, 0xfd, 0xa0, 0xfd,
    0xa0, 0xfd, 0xa0, 0xfd, 0xa0, 0xfd, 0xa0, 0xfd, 0xa0, 0xfd, 0x61, 0x31, 0x62, 0x08, 0x62, 0x08,
    0x62, 0x08, 0x62, 0x08, 0x62, 0x08, 0x62, 0x08, 0x62, 0x08, 0x62, 0x08, 0x62, 0x08, 0x62, 0x08,
    0x62, 0x08, 0x62, 0x08, 0x62, 0x08, 0x62, 0x08, 0x62, 0x08, 0x62, 0x08, 0x62, 0x08, 0x62, 0x08,
    0x62, 0x08, 0x62, 0x08, 0x62, 0x08, 0x62, 0x08, 0x62, 0x08, 0x62, 0x08, 0x62, 0x08, 0x62, 0x08,
    0x62, 0x08, 0x62, 0x08, 0x62, 0x08, 0x62, 0x08, 0x62, 0x08, 0x62, 0x08, 0x62, 0x08, 0x62, 0x08,
    0x62, 0x08, 0x62, 0x08, 0x62, 0x08, 0x62, 0x08, 0x62, 0x08, 0x62, 0x08, 0x62, 0x08, 0x62, 0x08,
    0x62, 0x08, 0x62, 0x08, 0x62, 0x08, 0x62, 0x08, 0x62, 0x08, 0x62, 0x08, 0x62, 0x08, 0x62, 0x08,
    0x62, 0x08, 0x62, 0x08, 0x62, 0x08, 0x62, 0x08, 0x62, 0x08, 0x62, 0x08, 0x62, 0x08, 0x62, 0x08,
    0x62, 0x08, 0x62, 0x08, 0x62, 0x08, 0x62, 0x08, 0x62, 0x08, 0x62, 0x08, 0x62, 0x08, 0x62, 0x08,
    0x62, 0x08, 0x62, 0x08, 0x62, 0x08, 0x62, 0x08, 0x62, 0x08, 0x62, 0x08, 0x62, 0x08, 0x62, 0x08,
    0x62, 0x08, 0x60, 0xc4, 0xa0, 0xfd, 0xa0, 0xfd, 0xa0, 0xfd, 0xa0, 0xfd, 0xa0, 0xfd, 0xa0, 0xfd,
    0xa0, 0xfd, 0xa0, 0xfd, 0xa0, 0xfd, 0xa0, 0xfd, 0xa0, 0xfd, 0xa0, 0xfd, 0xa0, 0xfd, 0xa0, 0xfd,
    0xa0, 0xfd, 0x61, 0x93, 0x62, 0x08, 0x62, 0x08, 0x62, 0x08, 0x62, 0x08, 0x62, 0x08, 0x62, 0x08,
    0x62, 0x08, 0x62, 0x08, 0x62, 0x08, 0x62, 0x08, 0x62, 0x08, 0x62, 0x08, 0x62, 0x08, 0x62, 0x08,
    0x62, 0x08, 0x62, 0x08, 0x62, 0x08, 0x62, 0x08, 0x62, 0x08, 0x62, 0x08, 0x62, 0x08, 0x62, 0x08,
    0x62, 0x08, 0x62, 0x08, 0x62, 0x08, 0x62, 0x08, 0x62, 0x08, 0x62, 0x08, 0x62, 0x08, 0x62, 0x08,
    0x62, 0x08, 0x62, 0x08, 0x62, 0x08, 0x62, 0x08, 0x62, 0x08, 0x62, 0x08, 0x62, 0x08, 0x62, 0x08,
    0x62, 0x08, 0x62, 0x08, 0x62, 0x08, 0x62, 0x08, 0x62, 0x08, 0x62, 0x08, 0x62, 0x08, 0x62, 0x08,
    0x62, 0x08, 0x62, 0x08, 0x62, 0x08, 0x62, 0x08, 0x62, 0x08, 0x62, 0x08, 0x62, 0x08, 0x62, 0x08,
    0x62, 0x08, 0x62, 0x08, 0x62, 0x08, 0x62, 0x08, 0x62, 0x08, 0x62, 0x08, 0x62, 0x08, 0x62, 0x08,
    0x62, 0x08, 0x62, 0x08, 0x62, 0x08, 0x62, 0x08, 0x62, 0x08, 0x62, 0x08, 0x62, 0x08, 0x62, 0x08,
    0x62, 0x08, 0x62, 0x08, 0x62, 0x08, 0x62, 0x08, 0x62, 0x08, 0x61, 0x62, 0xa0, 0xfd, 0xa0, 0xfd,
    0xa0, 0xfd, 0xa0, 0xfd, 0xa0, 0xfd, 0xa0, 0xfd, 0xa0, 0xfd, 0xa0, 0xfd, 0xa0, 0xfd, 0xa0, 0xfd,
    0xa0, 0xfd, 0xa0, 0xfd, 0xa0, 0xfd, 0xa0, 0xfd, 0xa0, 0xfd, 0x00, 0xe5, 0xa2, 0x18, 0x62, 0x08,
    0x62, 0x08, 0x62, 0x08, 0x62, 0x08, 0x62, 0x08, 0x62, 0x08, 0x62, 0x08, 0x62, 0x08, 0x62, 0x08,
    0x62, 0x08, 0x62, 0x08, 0x62, 0x08, 0x62, 0x08, 0x62, 0x08, 0x62, 0x08, 0x62, 0x08, 0x62, 0x08,
    0x62, 0x08, 0x62, 0x08, 0x62, 0x08, 0x62, 0x08, 0x62, 0x08, 0x62, 0x08, 0x62, 0x08, 0x62, 0x08,
    0x62, 0x08, 0x62, 0x08, 0x62, 0x08, 0x62, 0x08, 0x62, 0x08, 0x62, 0x08, 0x62, 0x08, 0x62, 0x08,
    0x62, 0x08, 0x62, 0x08, 0x62, 0x08, 0x62, 0x08, 0x62, 0x08, 0x62, 0x08, 0x62, 0x08, 0x62, 0x08,
    0x62, 0x08, 0x62, 0x08, 0x62, 0x08, 0x62, 0x08, 0x62, 0x08, 0x62, 0x08, 0x62, 0x08, 0x62, 0x08,
    0x62, 0x08, 0x62, 0x08, 0x62, 0x08, 0x62, 0x08, 0x62, 0x08, 0x62, 0x08, 0x62, 0x08, 0x62, 0x08,
    0x62, 0x08, 0x62, 0x08, 0x62, 0x08, 0x62, 0x08, 0x62, 0x08, 0x62, 0x08, 0x62, 0x08, 0x62, 0x08,
    0x62, 0x08, 0x62, 0x08, 0x62, 0x08, 0x62, 0x08, 0x62, 0x08, 0x62, 0x08, 0x62, 0x08, 0x62, 0x08,
    0x62, 0x08, 0xa2, 0x18, 0x00, 0xe5, 0xa0, 0xfd, 0xa0, 0xfd, 0xa0, 0xfd, 0xa0, 0xfd, 0xa0, 0xfd,
    0xa0, 0xfd, 0xa0, 0xfd, 0xa0, 0xfd, 0xa0, 0xfd, 0xa0, 0xfd, 0xa0, 0xfd, 0xa0, 0xfd, 0xa0, 0xfd,
    0xa0, 0xfd, 0xa0, 0xfd, 0xa1, 0x41, 0x62, 0x08, 0x62, 0x08, 0x62, 0x08, 0x62, 0x08, 0x62, 0x08,
    0x62, 0x08, 0x62, 0x08, 0x62, 0x08, 0x62, 0x08, 0x62, 0x08, 0x62, 0x08, 0x62, 0x08, 0x62, 0x08,
    0x62, 0x08, 0x62, 0x08, 0x62, 0x08, 0x62, 0x08, 0x62, 0x08, 0x62, 0x08, 0x62, 0x08, 0x62, 0x08,
    0x62, 0x08, 0x62, 0x08, 0x62, 0x08, 0x62, 0x08, 0x62, 0x08, 0x62, 0x08, 0x62, 0x08, 0x62, 0x08,
    0x62, 0x08, 0x62, 0x08, 0x62, 0x08, 0x62, 0x08, 0x62, 0x08, 0x62, 0x08, 0x62, 0x08, 0x62, 0x08,
    0x62, 0x08, 0x62, 0x08, 0x62, 0x08, 0x62, 0x08, 0x62, 0x08, 0x62, 0x08, 0x62, 0x08, 0x62, 0x08,
    0x62, 0x08, 0x62, 0x08, 0x62, 0x08, 0x62, 0x08, 0x62, 0x08, 0x62, 0x08, 0x62, 0x08, 0x62, 0x08,
    0x62, 0x08, 0x62, 0x08, 0x62, 0x08, 0x62, 0x08, 0x62, 0x08, 0x62, 0x08, 0x62, 0x08, 0x62, 0x08,
    0x62, 0x08, 0x62, 0x08, 0x62, 0x08, 0x62, 0x08, 0x62, 0x08, 0x62, 0x08, 0x62, 0x08, 0x62, 0x08,
    0x62, 0x08, 0x62, 0x08, 0x62, 0x08, 0x62, 0x08, 0x62, 0x08, 0x62, 0x08, 0x01, 0x83, 0xa0, 0xfd,
    0xa0, 0xfd, 0xa0, 0xfd, 0xa0, 0xfd, 0xa0, 0xfd, 0xa0, 0xfd, 0xa0, 0xfd, 0xa0, 0xfd, 0xa0, 0xfd,
    0xa0, 0xfd, 0xa0, 0xfd, 0xa0, 0xfd, 0xa0, 0xfd, 0xa0, 0xfd, 0xa0, 0xfd, 0x61, 0x93, 0x62, 0x08,
    0x62, 0x08, 0x62, 0x08, 0x62, 0x08, 0x62, 0x08, 0x62, 0x08, 0x62, 0x08, 0x62, 0x08, 0x62, 0x08,
    0x62, 0x08, 0x62, 0x08, 0x62, 0x08, 0x62, 0x08, 0x62, 0x08, 0x62, 0x08, 0x62, 0x08, 0x62, 0x08,
    0x62, 0x08, 0x62, 0x08, 0x62, 0x08, 0x62, 0x08, 0x62, 0x08, 0x62, 0x08, 0x62, 0x08, 0x62, 0x08,
    0x62, 0x08, 0x62, 0x08, 0x62, 0x08, 0x62, 0x08, 0x62, 0x08, 0x62, 0x08, 0x62, 0x08, 0x62, 0x08,
    0x62, 0x08, 0x62, 0x08, 0x62, 0x08, 0x62, 0x08, 0x62, 0x08, 0x62, 0x08, 0x62, 0x08, 0x62, 0x08,
    0x62, 0x08, 0x62, 0x08, 0x62, 0x08, 0x62, 0x08, 0x62, 0x08, 0x62, 0x08, 0x62, 0x08, 0x62, 0x08,
    0x62, 0x08, 0x62, 0x08, 0x62, 0x08, 0x62, 0x08, 0x62, 0x08, 0x62, 0x08, 0x62, 0x08, 0x62, 0x08,
    0x62, 0x08, 0x62, 0x08, 0x62, 0x08, 0x62, 0x08, 0x62, 0x08, 0x62, 0x08, 0x62, 0x08, 0x62, 0x08,
    0x62, 0x08, 0x62, 0x08, 0x62, 0x08, 0x62, 0x08, 0x62, 0x08, 0x62, 0x08, 0x62, 0x08, 0x62, 0x08,
    0x62, 0x08, 0x62, 0x08, 0x01, 0x21, 0xa0, 0xfd, 0xa0, 0xfd, 0xa0, 0xfd, 0xa0, 0xfd, 0xa0, 0xfd,
    0xa0, 0xfd, 0xa0, 0xfd, 0xa0, 0xfd, 0xa0, 0xfd, 0xa0, 0xfd, 0xa0, 0xfd, 0xa0, 0xfd, 0xa0, 0xfd,
    0xa0, 0xfd, 0xa0, 0xfd, 0x60, 0xf5, 0xa2, 0x18, 0x62, 0x08, 0x62, 0x08, 0x62, 0x08, 0x62, 0x08,
    0x62, 0x08, 0x62, 0x08, 0x62, 0x08, 0x62, 0x08, 0x62, 0x08, 0x62, 0x08, 0x62, 0x08, 0x62, 0x08,
    0x62, 0x08, 0x62, 0x08, 0x62, 0x08, 0x62, 0x08, 0x62, 0x08, 0x62, 0x08, 0x62, 0x08, 0x62, 0x08,
    0x62, 0x08, 0x62, 0x08, 0x62, 0x08, 0x62, 0x08, 0x62, 0x08, 0x62, 0x08, 0x62, 0x08, 0x62, 0x08,
    0x62, 0x08, 0x62, 0x08, 0x62, 0x08, 0x62, 0x08, 0x62, 0x08, 0x62, 0x08, 0x62, 0x08, 0x62, 0x08,
    0x62, 0x08, 0x62, 0x08, 0x62, 0x08, 0x62, 0x08, 0x62, 0x08, 0x62, 0x08, 0x62, 0x08, 0x62, 0x08,
    0x62, 0x08, 0x62, 0x08, 0x62, 0x08, 0x62, 0x08, 0x62, 0x08, 0x62, 0x08, 0x62, 0x08, 0x62, 0x08,
    0x62, 0x08, 0x62, 0x08, 0x62, 0x08, 0x62, 0x08, 0x62, 0x08, 0x62, 0x08, 0x62, 0x08, 0x62, 0x08,
    0x62, 0x08, 0x62, 0x08, 0x62, 0x08, 0x62, 0x08, 0x62, 0x08, 0x62, 0x08, 0x62, 0x08, 0x62, 0x08,
    0x62, 0x08, 0x62, 0x08, 0x62, 0x08, 0x62, 0x08, 0x62, 0x08, 0x62, 0x08, 0x62, 0x08, 0x60, 0xc4,
    0xa0, 0xfd, 0xa0, 0xfd, 0xa0, 0xfd, 0xa0, 0xfd, 0xa0, 0xfd, 0xa0, 0xfd, 0xa0, 0xfd, 0xa0, 0xfd,
    0xa0, 0xfd, 0xa0, 0xfd, 0xa0, 0xfd, 0xa0, 0xfd, 0xa0, 0xfd, 0xa0, 0xfd, 0xa0, 0xfd, 0x01, 0x52,
    0x62, 0x08, 0x62, 0x08, 0x62, 0x08, 0x62, 0x08, 0x62, 0x08, 0x62, 0x08, 0x62, 0x08, 0x62, 0x08,
    0x62, 0x08, 0x62, 0x08, 0x62, 0x08, 0x62, 0x08, 0x62, 0x08, 0x62, 0x08, 0x62, 0x08, 0x62, 0x08,
    0x62, 0x08, 0x62, 0x08, 0x62, 0x08, 0x62, 0x08, 0x62, 0x08, 0x62, 0x08, 0x62, 0x08, 0x62, 0x08,
    0x62, 0x08, 0x62, 0x08, 0x62, 0x08, 0x62, 0x08, 0x62, 0x08, 0x62, 0x08, 0x62, 0x08, 0x62, 0x08,
    0x62, 0x08, 0x62, 0x08, 0x62, 0x08, 0x62, 0x08, 0x62, 0x08, 0x62, 0x08, 0x62, 0x08, 0x62, 0x08,
    0x62, 0x08, 0x62, 0x08, 0x62, 0x08, 0x62, 0x08, 0x62, 0x08, 0x62, 0x08, 0x62, 0x08, 0x62, 0x08,
    0x62, 0x08, 0x62, 0x08, 0x62, 0x08, 0x62, 0x08, 0x62, 0x08, 0x62, 0x08, 0x62, 0x08, 0x62, 0x08,
    0x62, 0x08, 0x62, 0x08, 0x62, 0x08, 0x62, 0x08, 0x62, 0x08, 0x62, 0x08, 0x62, 0x08, 0x62, 0x08,
    0x62, 0x08, 0x62, 0x08, 0x62, 0x08, 0x62, 0x08, 0x62, 0x08, 0x62, 0x08, 0x62, 0x08, 0x62, 0x08,
    0x62, 0x08, 0x62, 0x08, 0x62, 0x08, 0x62, 0x08, 0x62, 0x08, 0x62, 0x08, 0x62, 0x08, 0x62, 0x08,
    0x62, 0x08, 0x62, 0x08, 0x62, 0x08, 0x62, 0x08, 0x62, 0x08, 0x62, 0x08, 0x62, 0x08, 0x62, 0x08,
    0x61, 0x31, 0xa0, 0xfd, 0xa0, 0xfd, 0xa0, 0xfd, 0xa0, 0xfd, 0xa0, 0xfd, 0xa0, 0xfd, 0xa0, 0xfd,
    0xa0, 0xfd, 0xa0, 0xfd, 0xa0, 0xfd, 0xa0, 0xfd, 0xa0, 0xfd, 0xa0, 0xfd, 0xa0, 0xfd, 0xa0, 0xfd,
    0x61, 0x62, 0x62, 0x08, 0x62, 0x08, 0x62, 0x08, 0x62, 0x08, 0x62, 0x08, 0x62, 0x08, 0x62, 0x08,
    0x62, 0x08, 0x62, 0x08, 0x62, 0x08, 0x62, 0x08, 0x62, 0x08, 0x62, 0x08, 0x62, 0x08, 0x62, 0x08,
    0x62, 0x08, 0x62, 0x08, 0x62, 0x08, 0x62, 0x08, 0x62, 0x08, 0x62, 0x08, 0x62, 0x08, 0x62, 0x08,
    0x62, 0x08, 0x62, 0x08, 0x62, 0x08, 0x62, 0x08, 0x62, 0x08, 0x62, 0x08, 0x62, 0x08, 0x62, 0x08,
    0x62, 0x08, 0x62, 0x08, 0x62, 0x08, 0x62, 0x08, 0x62, 0x08, 0x62, 0x08, 0x62, 0x08, 0x62, 0x08,
    0x62, 0x08, 0x62, 0x08, 0x62, 0x08, 0x62, 0x08, 0x62, 0x08, 0x62, 0x08, 0x62, 0x08, 0x62, 0x08,
    0x62, 0x08, 0x62, 0x08, 0x62, 0x08, 0x62, 0x08, 0x62, 0x08, 0x62, 0x08, 0x62, 0x08, 0x62, 0x08,
    0x62, 0x08, 0x62, 0x08, 0x62, 0x08, 0x62, 0x08, 0x62, 0x08, 0x62, 0x08, 0x62, 0x08, 0x62, 0x08,
    0x62, 0x08, 0x62, 0x08, 0x62, 0x08, 0x62, 0x08, 0x62, 0x08, 0x62, 0x08, 0x62, 0x08, 0x62, 0x08,
    0x62, 0x08, 0x62, 0x08, 0x62, 0x08, 0x62, 0x08, 0x62, 0x08, 0xa1, 0xa3, 0xa0, 0xfd, 0xa0, 0xfd,
    0xa0, 0xfd, 0xa0, 0xfd, 0xa0, 0xfd, 0xa0, 0xfd, 0xa0, 0xfd, 0xa0, 0xfd, 0xa0, 0xfd, 0xa0, 0xfd,
    0xa0, 0xfd, 0xa0, 0xfd, 0xa0, 0xfd, 0x60, 0xf5, 0x61, 0x31, 0x62, 0x08, 0x62, 0x08, 0x62, 0x08,
    0x62, 0x08, 0x62, 0x08, 0x62, 0x08, 0x62, 0x08, 0x62, 0x08, 0x62, 0x08, 0x62, 0x08, 0x62, 0x08,
    0x62, 0x08, 0x62, 0x08, 0x62, 0x08, 0x62, 0x08, 0x62, 0x08, 0x62, 0x08, 0x62, 0x08, 0x62, 0x08,
    0x62, 0x08, 0x62, 0x08, 0x62, 0x08, 0x62, 0x08, 0x62, 0x08, 0x62, 0x08, 0x62, 0x08, 0x62, 0x08,
    0x62, 0x08, 0x62, 0x08, 0x62, 0x08, 0x62, 0x08, 0x62, 0x08, 0x62, 0x08, 0x62, 0x08, 0x62, 0x08,
    0x62, 0x08, 0x62, 0x08, 0x62, 0x08, 0x62, 0x08, 0x62, 0x08, 0x62, 0x08, 0x62, 0x08, 0x62, 0x08,
    0x62, 0x08, 0x62, 0x08, 0x62, 0x08, 0x62, 0x08, 0x62, 0x08, 0x62, 0x08, 0x62, 0x08, 0x62, 0x08,
    0x62, 0x08, 0x62, 0x08, 0x62, 0x08, 0x62, 0x08, 0x62, 0x08, 0x62, 0x08, 0x62, 0x08, 0x62, 0x08,
    0x62, 0x08, 0x62, 0x08, 0x62, 0x08, 0x62, 0x08, 0x62, 0x08, 0x62, 0x08, 0x62, 0x08, 0x62, 0x08,
    0x62, 0x08, 0x62, 0x08, 0x62, 0x08, 0x62, 0x08, 0x62, 0x08, 0x62, 0x08, 0x62, 0x08, 0x62, 0x08,
    0x62, 0x08, 0xa2, 0x18, 0xa0, 0xfd, 0xa0, 0xfd, 0xa0, 0xfd, 0xa0, 0xfd, 0xa0, 0xfd, 0xa0, 0xfd,
    0xa0, 0xfd, 0xa0, 0xfd, 0xa0, 0xfd, 0xa0, 0xfd, 0xa0, 0xfd, 0xa0, 0xfd, 0xa0, 0xfd, 0x60, 0xc4,
    0xa2, 0x18, 0x62, 0x08, 0x62, 0x08, 0x62, 0x08, 0x62, 0x08, 0x62, 0x08, 0x62, 0x08, 0x62, 0x08,
    0x62, 0x08, 0x62, 0x08, 0x62, 0x08, 0x62, 0x08, 0x62, 0x08, 0x62, 0x08, 0x62, 0x08, 0x62, 0x08,
    0x62, 0x08, 0x62, 0x08, 0x62, 0x08, 0x62, 0x08, 0x62, 0x08, 0x62, 0x08, 0x62, 0x08, 0x62, 0x08,
    0x62, 0x08, 0x62, 0x08, 0x62, 0x08, 0x62, 0x08, 0x62, 0x08, 0x62, 0x08, 0x62, 0x08, 0x62, 0x08,
    0x62, 0x08, 0x62, 0x08, 0x62, 0x08, 0x62, 0x08, 0x62, 0x08, 0x62, 0x08, 0x62, 0x08, 0x62, 0x08,
    0x62, 0x08, 0x62, 0x08, 0x62, 0x08, 0x62, 0x08, 0x62, 0x08, 0x62, 0x08, 0x62, 0x08, 0x62, 0x08,
    0x62, 0x08, 0x62, 0x08, 0x62, 0x08, 0x62, 0x08, 0x62, 0x08, 0x62, 0x08, 0x62, 0x08, 0x62, 0x08,
    0x62, 0x08, 0x62, 0x08, 0x62, 0x08, 0x62, 0x08, 0x62, 0x08, 0x62, 0x08, 0x62, 0x08, 0x62, 0x08,
    0x62, 0x08, 0x62, 0x08, 0x62, 0x08, 0x62, 0x08, 0x62, 0x08, 0x62, 0x08, 0x62, 0x08, 0x62, 0x08,
    0x62, 0x08, 0x62, 0x08, 0x62, 0x08, 0x62, 0x08, 0x62, 0x08, 0x62, 0x08, 0x01, 0x83, 0xa0, 0xfd,
    0xa0, 0xfd, 0xa0, 0xfd, 0xa0, 0xfd, 0xa0, 0xfd, 0xa0, 0xfd, 0xa0, 0xfd, 0xa0, 0xfd, 0xa0, 0xfd,
    0xa0, 0xfd, 0xa0, 0xfd, 0xa0, 0xfd, 0x61, 0x93, 0x62, 0x08, 0x62, 0x08, 0x62, 0x08, 0x62, 0x08,
    0x62, 0x08, 0x62, 0x08, 0x62, 0x08, 0x62, 0x08, 0x62, 0x08, 0x62, 0x08, 0x62, 0x08, 0x62, 0x08,
    0x62, 0x08, 0x62, 0x08, 0x62, 0x08, 0x62, 0x08, 0x62, 0x08, 0x62, 0x08, 0x62, 0x08, 0x62, 0x08,
    0x62, 0x08, 0x62, 0x08, 0x62, 0x08, 0x62, 0x08, 0x62, 0x08, 0x62, 0x08, 0x62, 0x08, 0x62, 0x08,
    0x62, 0x08, 0x62, 0x08, 0x62, 0x08, 0x62, 0x08, 0x62, 0x08, 0x62, 0x08, 0x62, 0x08, 0x62, 0x08,
    0x62, 0x08, 0x62, 0x08, 0x62, 0x08, 0x62, 0x08, 0x62, 0x08, 0x62, 0x08, 0x62, 0x08, 0x62, 0x08,
    0x62, 0x08, 0x62, 0x08, 0x62, 0x08, 0x62, 0x08, 0x62, 0x08, 0x62, 0x08, 0x62, 0x08, 0x62, 0x08,
    0x62, 0x08, 0x62, 0x08, 0x62, 0x08, 0x62, 0x08, 0x62, 0x08, 0x62, 0x08, 0x62, 0x08, 0x62, 0x08,
    0x62, 0x08, 0x62, 0x08, 0x62, 0x08, 0x62, 0x08, 0x62, 0x08, 0x62, 0x08, 0x62, 0x08, 0x62, 0x08,
    0x62, 0x08, 0x62, 0x08, 0x62, 0x08, 0x62, 0x08, 0x62, 0x08, 0x62, 0x08, 0x62, 0x08, 0x62, 0x08,
    0x62, 0x08, 0x62, 0x08, 0x62, 0x08, 0x00, 0xe5, 0xa0, 0xfd, 0xa0, 0xfd, 0xa0, 0xfd, 0xa0, 0xfd,
    0xa0, 0xfd, 0xa0, 0xfd, 0xa0, 0xfd, 0xa0, 0xfd, 0xa0, 0xfd, 0xa0, 0xfd, 0x60, 0xf5, 0x61, 0x62,
    0x62, 0x08, 0x62, 0x08, 0x62, 0x08, 0x62, 0x08, 0x62, 0x08, 0x62, 0x08, 0x62, 0x08, 0x62, 0x08,
    0x62, 0x08, 0x62, 0x08, 0x62, 0x08, 0x62, 0x08, 0x62, 0x08, 0x62, 0x08, 0x62, 0x08, 0x62, 0x08,
    0x62, 0x08, 0x62, 0x08, 0x62, 0x08, 0x62, 0x08, 0x62, 0x08, 0x62, 0x08, 0x62, 0x08, 0x62, 0x08,
    0x62, 0x08, 0x62, 0x08, 0x62, 0x08, 0x62, 0x08, 0x62, 0x08, 0x62, 0x08, 0x62, 0x08, 0x62, 0x08,
    0x62, 0x08, 0x62, 0x08, 0x62, 0x08, 0x62, 0x08, 0x62, 0x08, 0x62, 0x08, 0x62, 0x08, 0x62, 0x08,
    0x62, 0x08, 0x62, 0x08, 0x62, 0x08, 0x62, 0x08, 0x62, 0x08, 0x62, 0x08, 0x62, 0x08, 0x62, 0x08,
    0x62, 0x08, 0x62, 0x08, 0x62, 0x08, 0x62, 0x08, 0x62, 0x08, 0x62, 0x08, 0x62, 0x08, 0x62, 0x08,
    0x62, 0x08, 0x62, 0x08, 0x62, 0x08, 0x62, 0x08, 0x62, 0x08, 0x62, 0x08, 0x62, 0x08, 0x62, 0x08,
    0x62, 0x08, 0x62, 0x08, 0x62, 0x08, 0x62, 0x08, 0x62, 0x08, 0x62, 0x08, 0x62, 0x08, 0x62, 0x08,
    0x62, 0x08, 0x62, 0x08, 0x62, 0x08, 0x62, 0x08, 0x62, 0x08, 0x62, 0x08, 0x62, 0x08, 0x01, 0x52,
    0xa0, 0xfd, 0xa0, 0xfd, 0xa0, 0xfd, 0xa0, 0xfd, 0xa0, 0xfd, 0xa0, 0xfd, 0xa0, 0xfd, 0xa0, 0xfd,
    0xa0, 0xfd, 0xa0, 0xfd, 0x00, 0xe5, 0x61, 0x31, 0x62, 0x08, 0x62, 0x08, 0x62, 0x08, 0x62, 0x08,
    0x62, 0x08, 0x62, 0x08, 0x62, 0x08, 0x62, 0x08, 0x62, 0x08, 0x62, 0x08, 0x62, 0x08, 0x62, 0x08,
    0x62, 0x08, 0x62, 0x08, 0x62, 0x08, 0x62, 0x08, 0x62, 0x08, 0x62, 0x08, 0x62, 0x08, 0x62, 0x08,
    0x62, 0x08, 0x62, 0x08, 0x62, 0x08, 0x62, 0x08, 0x62, 0x08, 0x62, 0x08, 0x62, 0x08, 0x62, 0x08,
    0x62, 0x08, 0x62, 0x08, 0x62, 0x08, 0x62, 0x08, 0x62, 0x08, 0x62, 0x08, 0x62, 0x08, 0x62, 0x08,
    0x62, 0x08, 0x62, 0x08, 0x62, 0x08, 0x62, 0x08, 0x62, 0x08, 0x62, 0x08, 0x62, 0x08, 0x62, 0x08,
    0x62, 0x08, 0x62, 0x08, 0x62, 0x08, 0x62, 0x08, 0x62, 0x08, 0x62, 0x08, 0x62, 0x08, 0x62, 0x08,
    0x62, 0x08, 0x62, 0x08, 0x62, 0x08, 0x62, 0x08, 0x62, 0x08, 0x62, 0x08, 0x62, 0x08, 0x62, 0x08,
    0x62, 0x08, 0x62, 0x08, 0x62, 0x08, 0x62, 0x08, 0x62, 0x08, 0x62, 0x08, 0x62, 0x08, 0x62, 0x08,
    0x62, 0x08, 0x62, 0x08, 0x62, 0x08, 0x62, 0x08, 0x62, 0x08, 0x62, 0x08, 0x62, 0x08, 0x62, 0x08,
    0x62, 0x08, 0x62, 0x08, 0x62, 0x08, 0x62, 0x08, 0x60, 0xc4, 0xa0, 0xfd, 0xa0, 0xfd, 0xa0, 0xfd,
    0xa0, 0xfd, 0xa0, 0xfd, 0xa0, 0xfd, 0xa0, 0xfd, 0xa0, 0xfd, 0xa0, 0xfd, 0x60, 0xc4, 0xa2, 0x18,
    0x62, 0x08, 0x62, 0x08, 0x62, 0x08, 0x62, 0x08, 0x62, 0x08, 0x62, 0x08, 0x62, 0x08, 0x62, 0x08,
    0x62, 0x08, 0x62, 0x08, 0x62, 0x08, 0x62, 0x08, 0x62, 0x08, 0x62, 0x08, 0x62, 0x08, 0x62, 0x08,
    0x62, 0x08, 0x62, 0x08, 0x62, 0x08, 0x62, 0x08, 0x62, 0x08, 0x62, 0x08, 0x62, 0x08, 0x62, 0x08,
    0x62, 0x08, 0x62, 0x08, 0x62, 0x08, 0x62, 0x08, 0x62, 0x08, 0x62, 0x08, 0x62, 0x08, 0x62, 0x08,
    0x62, 0x08, 0x62, 0x08, 0x62, 0x08, 0x62, 0x08, 0x62, 0x08, 0x62, 0x08, 0x62, 0x08, 0x62, 0x08,
    0x62, 0x08, 0x62, 0x08, 0x62, 0x08, 0x62, 0x08, 0x62, 0x08, 0x62, 0x08, 0x62, 0x08, 0x62, 0x08,
    0x62, 0x08, 0x62, 0x08, 0x62, 0x08, 0x62, 0x08, 0x62, 0x08, 0x62, 0x08, 0x62, 0x08, 0x62, 0x08,
    0x62, 0x08, 0x62, 0x08, 0x62, 0x08, 0x62, 0x08, 0x62, 0x08, 0x62, 0x08, 0x62, 0x08, 0x62, 0x08,
    0x62, 0x08, 0x62, 0x08, 0x62, 0x08, 0x62, 0x08, 0x62, 0x08, 0x62, 0x08, 0x62, 0x08, 0x62, 0x08,
    0x62, 0x08, 0x62, 0x08, 0x62, 0x08, 0x62, 0x08, 0x62, 0x08, 0x62, 0x08, 0x62, 0x08, 0x62, 0x08,
    0x01, 0x21, 0xa0, 0xfd, 0xa0, 0xfd, 0xa0, 0xfd, 0xa0, 0xfd, 0xa0, 0xfd, 0xa0, 0xfd, 0xa0, 0xfd,
    0xa0, 0xfd, 0xa0, 0xfd, 0x01, 0x83, 0x62, 0x08, 0x62, 0x08, 0x62, 0x08, 0x62, 0x08, 0x62, 0x08,
    0x62, 0x08, 0x62, 0x08, 0x62, 0x08, 0x62, 0x08, 0x62, 0x08, 0x62, 0x08, 0x62, 0x08, 0x62, 0x08,
    0x62, 0x08, 0x62, 0x08, 0x62, 0x08, 0x62, 0x08, 0x62, 0x08, 0x62, 0x08, 0x62, 0x08, 0x62, 0x08,
    0x62, 0x08, 0x62, 0x08, 0x62, 0x08, 0x62, 0x08, 0x62, 0x08, 0x62, 0x08, 0x62, 0x08, 0x62, 0x08,
    0x62, 0x08, 0x62, 0x08, 0x62, 0x08, 0x62, 0x08, 0x62, 0x08, 0x62, 0x08, 0x62, 0x08, 0x62, 0x08,
    0x62, 0x08, 0x62, 0x08, 0x62, 0x08, 0x62, 0x08, 0x62, 0x08, 0x62, 0x08, 0x62, 0x08, 0x62, 0x08,
    0x62, 0x08, 0x62, 0x08, 0x62, 0x08, 0x62, 0x08, 0x62, 0x08, 0x62, 0x08, 0x62, 0x08, 0x62, 0x08,
    0x62, 0x08, 0x62, 0x08, 0x62, 0x08, 0x62, 0x08, 0x62, 0x08, 0x62, 0x08, 0x62, 0x08, 0x62, 0x08,
    0x62, 0x08, 0x62, 0x08, 0x62, 0x08, 0x62, 0x08, 0x62, 0x08, 0x62, 0x08, 0x62, 0x08, 0x62, 0x08,
    0x62, 0x08, 0x62, 0x08, 0x62, 0x08, 0x62, 0x08, 0x62, 0x08, 0x62, 0x08, 0x62, 0x08, 0x62, 0x08,
    0x62, 0x08, 0x62, 0x08, 0x62, 0x08, 0x62, 0x08, 0x62, 0x08, 0xa1, 0xa3, 0xa0, 0xfd, 0xa0, 0xfd,
    0xa0, 0xfd, 0xa0, 0xfd, 0xa0, 0xfd, 0xa0, 0xfd, 0xa0, 0xfd, 0x60, 0xf5, 0x01, 0x52, 0x62, 0x08,
    0x62, 0x08, 0x62, 0x08, 0x62, 0x08, 0x62, 0x08, 0x62, 0x08, 0x62, 0x08, 0x62, 0x08, 0x62, 0x08,
    0x62, 0x08, 0x62, 0x08, 0x62, 0x08, 0x62, 0x08, 0x62, 0x08, 0x62, 0x08, 0x62, 0x08, 0x62, 0x08,
    0x62, 0x08, 0x62, 0x08, 0x62, 0x08, 0x62, 0x08, 0x62, 0x08, 0x62, 0x08, 0x62, 0x08, 0x62, 0x08,
    0x62, 0x08, 0x62, 0x08, 0x62, 0x08, 0x62, 0x08, 0x62, 0x08, 0x62, 0x08, 0x62, 0x08, 0x62, 0x08,
    0x62, 0x08, 0x62, 0x08, 0x62, 0x08, 0x62, 0x08, 0x62, 0x08, 0x62, 0x08, 0x62, 0x08, 0x62, 0x08,
    0x62, 0x08, 0x62, 0x08, 0x62, 0x08, 0x62, 0x08, 0x62, 0x08, 0x62, 0x08, 0x62, 0x08, 0x62, 0x08,
    0x62, 0x08, 0x62, 0x08, 0x62, 0x08, 0x62, 0x08, 0x62, 0x08, 0x62, 0x08, 0x62, 0x08, 0x62, 0x08,
    0x62, 0x08, 0x62, 0x08, 0x62, 0x08, 0x62, 0x08, 0x62, 0x08, 0x62, 0x08, 0x62, 0x08, 0x62, 0x08,
    0x62, 0x08, 0x62, 0x08, 0x62, 0x08, 0x62, 0x08, 0x62, 0x08, 0x62, 0x08, 0x62, 0x08, 0x62, 0x08,
    0x62, 0x08, 0x62, 0x08, 0x62, 0x08, 0x62, 0x08, 0x62, 0x08, 0x62, 0x08, 0x62, 0x08, 0x62, 0x08,
    0x62, 0x08, 0xa2, 0x18, 0x60, 0xed, 0xa0, 0xfd, 0xa0, 0xfd, 0xa0, 0xfd, 0xa0, 0xfd, 0xa0, 0xfd,
    0xa0, 0xfd, 0xa0, 0xd4, 0x61, 0x31, 0x62, 0x08, 0x62, 0x08, 0x62, 0x08, 0x62, 0x08, 0x62, 0x08,
    0x62, 0x08, 0x62, 0x08, 0x62, 0x08, 0x62, 0x08, 0x62, 0x08, 0x62, 0x08, 0x62, 0x08, 0x62, 0x08,
    0x62, 0x08, 0x62, 0x08, 0x62, 0x08, 0x62, 0x08, 0x62, 0x08, 0x62, 0x08, 0x62, 0x08, 0x62, 0x08,
    0x62, 0x08, 0x62, 0x08, 0x62, 0x08, 0x62, 0x08, 0x62, 0x08, 0x62, 0x08, 0x62, 0x08, 0x62, 0x08,
    0x62, 0x08, 0x62, 0x08, 0x62, 0x08, 0x62, 0x08, 0x62, 0x08, 0x62, 0x08, 0x62, 0x08, 0x62, 0x08,
    0x62, 0x08, 0x62, 0x08, 0x62, 0x08, 0x62, 0x08, 0x62, 0x08, 0x62, 0x08, 0x62, 0x08, 0x62, 0x08,
    0x62, 0x08, 0x62, 0x08, 0x62, 0x08, 0x62, 0x08, 0x62, 0x08, 0x62, 0x08, 0x62, 0x08, 0x62, 0x08,
    0x62, 0x08, 0x62, 0x08, 0x62, 0x08, 0x62, 0x08, 0x62, 0x08, 0x62, 0x08, 0x62, 0x08, 0x62, 0x08,
    0x62, 0x08, 0x62, 0x08, 0x62, 0x08, 0x62, 0x08, 0x62, 0x08, 0x62, 0x08, 0x62, 0x08, 0x62, 0x08,
    0x62, 0x08, 0x62, 0x08, 0x62, 0x08, 0x62, 0x08, 0x62, 0x08, 0x62, 0x08, 0x62, 0x08, 0x62, 0x08,
    0x62, 0x08, 0x62, 0x08, 0x62, 0x08, 0x62, 0x08, 0x62, 0x08, 0x62, 0x08, 0x61, 0x62, 0xa0, 0xfd,
    0xa0, 0xfd, 0xa0, 0xfd, 0xa0, 0xfd, 0xa0, 0xfd, 0xa0, 0xfd, 0x00, 0xb4, 0xa2, 0x18, 0x62, 0x08,
    0x62, 0x08, 0x62, 0x08, 0x62, 0x08, 0x62, 0x08, 0x62, 0x08, 0x62, 0x08, 0x62, 0x08, 0x62, 0x08,
    0x62, 0x08, 0x62, 0x08, 0x62, 0x08, 0x62, 0x08, 0x62, 0x08, 0x62, 0x08, 0x62, 0x08, 0x62, 0x08,
    0x62, 0x08, 0x62, 0x08, 0x62, 0x08, 0x62, 0x08, 0x62, 0x08, 0x62, 0x08, 0x62, 0x08, 0x62, 0x08,
    0x62, 0x08, 0x62, 0x08, 0x62, 0x08, 0x62, 0x08, 0x62, 0x08, 0x62, 0x08, 0x62, 0x08, 0x62, 0x08,
    0x62, 0x08, 0x62, 0x08, 0x62, 0x08, 0x62, 0x08, 0x62, 0x08, 0x62, 0x08, 0x62, 0x08, 0x62, 0x08,
    0x62, 0x08, 0x62, 0x08, 0x62, 0x08, 0x62, 0x08, 0x62, 0x08, 0x62, 0x08, 0x62, 0x08, 0x62, 0x08,
    0x62, 0x08, 0x62, 0x08, 0x62, 0x08, 0x62, 0x08, 0x62, 0x08, 0x62, 0x08, 0x62, 0x08, 0x62, 0x08,
    0x62, 0x08, 0x62, 0x08, 0x62, 0x08, 0x62, 0x08, 0x62, 0x08, 0x62, 0x08, 0x62, 0x08, 0x62, 0x08,
    0x62, 0x08, 0x62, 0x08, 0x62, 0x08, 0x62, 0x08, 0x62, 0x08, 0x62, 0x08, 0x62, 0x08, 0x62, 0x08,
    0x62, 0x08, 0x62, 0x08, 0x62, 0x08, 0x62, 0x08, 0x62, 0x08, 0x62, 0x08, 0x62, 0x08, 0x62, 0x08,
    0x62, 0x08, 0x62, 0x08, 0x62, 0x08, 0x00, 0xe5, 0xa0, 0xfd, 0xa0, 0xfd, 0xa0, 0xfd, 0xa0, 0xfd,
    0xa0, 0xfd, 0x01, 0x83, 0x62, 0x08, 0x62, 0x08, 0x62, 0x08, 0x62, 0x08, 0x62, 0x08, 0x62, 0x08,
    0x62, 0x08, 0x62, 0x08, 0x62, 0x08, 0x62, 0x08, 0x62, 0x08, 0x62, 0x08, 0x62, 0x08, 0x62, 0x08,
    0x62, 0x08, 0x62, 0x08, 0x62, 0x08, 0x62, 0x08, 0x62, 0x08, 0x62, 0x08, 0x62, 0x08, 0x62, 0x08,
    0x62, 0x08, 0x62, 0x08, 0x62, 0x08, 0x62, 0x08, 0x62, 0x08, 0x62, 0x08, 0x62, 0x08, 0x62, 0x08,
    0x62, 0x08, 0x62, 0x08, 0x62, 0x08, 0x62, 0x08, 0x62, 0x08, 0x62, 0x08, 0x62, 0x08, 0x62, 0x08,
    0x62, 0x08, 0x62, 0x08, 0x62, 0x08, 0x62, 0x08, 0x62, 0x08, 0x62, 0x08, 0x62, 0x08, 0x62, 0x08,
    0x62, 0x08, 0x62, 0x08, 0x62, 0x08, 0x62, 0x08, 0x62, 0x08, 0x62, 0x08, 0x62, 0x08, 0x62, 0x08,
    0x62, 0x08, 0x62, 0x08, 0x62, 0x08, 0x62, 0x08, 0x62, 0x08, 0x62, 0x08, 0x62, 0x08, 0x62, 0x08,
    0x62, 0x08, 0x62, 0x08, 0x62, 0x08, 0x62, 0x08, 0x62, 0x08, 0x62, 0x08, 0x62, 0x08, 0x62, 0x08,
    0x62, 0x08, 0x62, 0x08, 0x62, 0x08, 0x62, 0x08, 0x62, 0x08, 0x62, 0x08, 0x62, 0x08, 0x62, 0x08,
    0x62, 0x08, 0x62, 0x08, 0x62, 0x08, 0x62, 0x08, 0x62, 0x08, 0x62, 0x08, 0x62, 0x08, 0xa1, 0x41,
    0xa0, 0xfd, 0xa0, 0xfd, 0xa0, 0xfd, 0xa0, 0xfd, 0x60, 0xf5, 0xa1, 0x41, 0x62, 0x08, 0x62, 0x08,
    0x62, 0x08, 0x62, 0x08, 0x62, 0x08, 0x62, 0x08, 0x62, 0x08, 0x62, 0x08, 0x62, 0x08, 0x62, 0x08,
    0x62, 0x08, 0x62, 0x08, 0x62, 0x08, 0x62, 0x08, 0x62, 0x08, 0x62, 0x08, 0x62, 0x08, 0x62, 0x08,
    0x62, 0x08, 0x62, 0x08, 0x62, 0x08, 0x62, 0x08, 0x62, 0x08, 0x62, 0x08, 0x62, 0x08, 0x62, 0x08,
    0x62, 0x08, 0x62, 0x08, 0x62, 0x08, 0x62, 0x08, 0x62, 0x08, 0x62, 0x08, 0x62, 0x08, 0x62, 0x08,
    0x62, 0x08, 0x62, 0x08, 0x62, 0x08, 0x62, 0x08, 0x62, 0x08, 0x62, 0x08, 0x62, 0x08, 0x62, 0x08,
    0x62, 0x08, 0x62, 0x08, 0x62, 0x08, 0x62, 0x08, 0x62, 0x08, 0x62, 0x08, 0x62, 0x08, 0x62, 0x08,
    0x62, 0x08, 0x62, 0x08, 0x62, 0x08, 0x62, 0x08, 0x62, 0x08, 0x62, 0x08, 0x62, 0x08, 0x62, 0x08,
    0x62, 0x08, 0x62, 0x08, 0x62, 0x08, 0x62, 0x08, 0x62, 0x08, 0x62, 0x08, 0x62, 0x08, 0x62, 0x08,
    0x62, 0x08, 0x62, 0x08, 0x62, 0x08, 0x62, 0x08, 0x62, 0x08, 0x62, 0x08, 0x62, 0x08, 0x62, 0x08,
    0x62, 0x08, 0x62, 0x08, 0x62, 0x08, 0x62, 0x08, 0x62, 0x08, 0x62, 0x08, 0x62, 0x08, 0x62, 0x08,
    0x62, 0x08, 0x62, 0x08, 0x62, 0x08, 0x62, 0x08, 0x00, 0xb4, 0xa0, 0xfd, 0xa0, 0xfd, 0xa0, 0xfd,
    0xa0, 0xd4, 0x01, 0x21, 0x62, 0x08, 0x62, 0x08, 0x62, 0x08, 0x62, 0x08, 0x62, 0x08, 0x62, 0x08,
    0x62, 0x08, 0x62, 0x08, 0x62, 0x08, 0x62, 0x08, 0x62, 0x08, 0x62, 0x08, 0x62, 0x08, 0x62, 0x08,
    0x62, 0x08, 0x62, 0x08, 0x62, 0x08, 0x62, 0x08, 0x62, 0x08, 0x62, 0x08, 0x62, 0x08, 0x62, 0x08,
    0x62, 0x08, 0x62, 0x08, 0x62, 0x08, 0x62, 0x08, 0x62, 0x08, 0x62, 0x08, 0x62, 0x08, 0x62, 0x08,
    0x62, 0x08, 0x62, 0x08, 0x62, 0x08, 0x62, 0x08, 0x62, 0x08, 0x62, 0x08, 0x62, 0x08, 0x62, 0x08,
    0x62, 0x08, 0x62, 0x08, 0x62, 0x08, 0x62, 0x08, 0x62, 0x08, 0x62, 0x08, 0x62, 0x08, 0x62, 0x08,
    0x62, 0x08, 0x62, 0x08, 0x62, 0x08, 0x62, 0x08, 0x62, 0x08, 0x62, 0x08, 0x62, 0x08, 0x62, 0x08,
    0x62, 0x08, 0x62, 0x08, 0x62, 0x08, 0x62, 0x08, 0x62, 0x08, 0x62, 0x08, 0x62, 0x08, 0x62, 0x08,
    0x62, 0x08, 0x62, 0x08, 0x62, 0x08, 0x62, 0x08, 0x62, 0x08, 0x62, 0x08, 0x62, 0x08, 0x62, 0x08,
    0x62, 0x08, 0x62, 0x08, 0x62, 0x08, 0x62, 0x08, 0x62, 0x08, 0x62, 0x08, 0x62, 0x08, 0x62, 0x08,
    0x62, 0x08, 0x62, 0x08, 0x62, 0x08, 0x62, 0x08, 0x62, 0x08, 0x62, 0x08, 0x62, 0x08, 0x62, 0x08,
    0x01, 0x21, 0xa0, 0xfd, 0xa0, 0xfd, 0xa0, 0xfd, 0xa1, 0xa3, 0xa2, 0x18, 0x62, 0x08, 0x62, 0x08,
    0x62, 0x08, 0x62, 0x08, 0x62, 0x08, 0x62, 0x08, 0x62, 0x08, 0x62, 0x08, 0x62, 0x08, 0x62, 0x08,
    0x62, 0x08, 0x62, 0x08, 0x62, 0x08, 0x62, 0x08, 0x62, 0x08, 0x62, 0x08, 0x62, 0x08, 0x62, 0x08,
    0x62, 0x08, 0x62, 0x08, 0x62, 0x08, 0x62, 0x08, 0x62, 0x08, 0x62, 0x08, 0x62, 0x08, 0x62, 0x08,
    0x62, 0x08, 0x62, 0x08, 0x62, 0x08, 0x62, 0x08, 0x62, 0x08, 0x62, 0x08, 0x62, 0x08, 0x62, 0x08,
    0x62, 0x08, 0x62, 0x08, 0x62, 0x08, 0x62, 0x08, 0x62, 0x08, 0x62, 0x08, 0x62, 0x08, 0x62, 0x08,
    0x62, 0x08, 0x62, 0x08, 0x62, 0x08, 0x62, 0x08, 0x62, 0x08, 0x62, 0x08, 0x62, 0x08, 0x62, 0x08,
    0x62, 0x08, 0x62, 0x08, 0x62, 0x08, 0x62, 0x08, 0x62, 0x08, 0x62, 0x08, 0x62, 0x08, 0x62, 0x08,
    0x62, 0x08, 0x62, 0x08, 0x62, 0x08, 0x62, 0x08, 0x62, 0x08, 0x62, 0x08, 0x62, 0x08, 0x62, 0x08,
    0x62, 0x08, 0x62, 0x08, 0x62, 0x08, 0x62, 0x08, 0x62, 0x08, 0x62, 0x08, 0x62, 0x08, 0x62, 0x08,
    0x62, 0x08, 0x62, 0x08, 0x62, 0x08, 0x62, 0x08, 0x62, 0x08, 0x62, 0x08, 0x62, 0x08, 0x62, 0x08,
    0x62, 0x08, 0x62, 0x08, 0x62, 0x08, 0x62, 0x08, 0x62, 0x08, 0x01, 0x83, 0xa0, 0xfd, 0xa0, 0xfd,
    0xa1, 0x72, 0x62, 0x08, 0x62, 0x08, 0x62, 0x08, 0x62, 0x08, 0x62, 0x08, 0x62, 0x08, 0x62, 0x08,
    0x62, 0x08, 0x62, 0x08, 0x62, 0x08, 0x62, 0x08, 0x62, 0x08, 0x62, 0x08, 0x62, 0x08, 0x62, 0x08,
    0x62, 0x08, 0x62, 0x08, 0x62, 0x08, 0x62, 0x08, 0x62, 0x08, 0x62, 0x08, 0x62, 0x08, 0x62, 0x08,
    0x62, 0x08, 0x62, 0x08, 0x62, 0x08, 0x62, 0x08, 0x62, 0x08, 0x62, 0x08, 0x62, 0x08, 0x62, 0x08,
    0x62, 0x08, 0x62, 0x08, 0x62, 0x08, 0x62, 0x08, 0x62, 0x08, 0x62, 0x08, 0x62, 0x08, 0x62, 0x08,
    0x62, 0x08, 0x62, 0x08, 0x62, 0x08, 0x62, 0x08, 0x62, 0x08, 0x62, 0x08, 0x62, 0x08, 0x62, 0x08,
    0x62, 0x08, 0x62, 0x08, 0x62, 0x08, 0x62, 0x08, 0x62, 0x08, 0x62, 0x08, 0x62, 0x08, 0x62, 0x08,
    0x62, 0x08, 0x62, 0x08, 0x62, 0x08, 0x62, 0x08, 0x62, 0x08, 0x62, 0x08, 0x62, 0x08, 0x62, 0x08,
    0x62, 0x08, 0x62, 0x08, 0x62, 0x08, 0x62, 0x08, 0x62, 0x08, 0x62, 0x08, 0x62, 0x08, 0x62, 0x08,
    0x62, 0x08, 0x62, 0x08, 0x62, 0x08, 0x62, 0x08, 0x62, 0x08, 0x62, 0x08, 0x62, 0x08, 0x62, 0x08,
    0x62, 0x08, 0x62, 0x08, 0x62, 0x08, 0x62, 0x08, 0x62, 0x08, 0x62, 0x08, 0x62, 0x08, 0x62, 0x08,
    0x62, 0x08, 0x62, 0x08, 0x60, 0xed, 0x60, 0xf5, 0xa1, 0x41, 0x62, 0x08, 0x62, 0x08, 0x62, 0x08,
    0x62, 0x08, 0x62, 0x08, 0x62, 0x08, 0x62, 0x08, 0x62, 0x08, 0x62, 0x08, 0x62, 0x08, 0x62, 0x08,
    0x62, 0x08, 0x62, 0x08, 0x62, 0x08, 0x62, 0x08, 0x62, 0x08, 0x62, 0x08, 0x62, 0x08, 0x62, 0x08,
    0x62, 0x08, 0x62, 0x08, 0x62, 0x08, 0x62, 0x08, 0x62, 0x08, 0x62, 0x08, 0x62, 0x08, 0x62, 0x08,
    0x62, 0x08, 0x62, 0x08, 0x62, 0x08, 0x62, 0x08, 0x62, 0x08, 0x62, 0x08, 0x62, 0x08, 0x62, 0x08,
    0x62, 0x08, 0x62, 0x08, 0x62, 0x08, 0x62, 0x08, 0x62, 0x08, 0x62, 0x08, 0x62, 0x08, 0x62, 0x08,
    0x62, 0x08, 0x62, 0x08, 0x62, 0x08, 0x62, 0x08, 0x62, 0x08, 0x62, 0x08, 0x62, 0x08, 0x62, 0x08,
    0x62, 0x08, 0x62, 0x08, 0x62, 0x08, 0x62, 0x08, 0x62, 0x08, 0x62, 0x08, 0x62, 0x08, 0x62, 0x08,
    0x62, 0x08, 0x62, 0x08, 0x62, 0x08, 0x62, 0x08, 0x62, 0x08, 0x62, 0x08, 0x62, 0x08, 0x62, 0x08,
    0x62, 0x08, 0x62, 0x08, 0x62, 0x08, 0x62, 0x08, 0x62, 0x08, 0x62, 0x08, 0x62, 0x08, 0x62, 0x08,
    0x62, 0x08, 0x62, 0x08, 0x62, 0x08, 0x62, 0x08, 0x62, 0x08, 0x62, 0x08, 0x62, 0x08, 0x62, 0x08,
    0x62, 0x08, 0x62, 0x08, 0x62, 0x08, 0x62, 0x08, 0x62, 0x08, 0x62, 0x08, 0x61, 0x62, 0xa0, 0xd4,
    0xa2, 0x18, 0x62, 0x08, 0x62, 0x08, 0x62, 0x08, 0x62, 0x08, 0x62, 0x08, 0x62, 0x08, 0x62, 0x08,
    0x62, 0x08, 0x62, 0x08, 0x62, 0x08, 0x62, 0x08, 0x62, 0x08, 0x62, 0x08, 0x62, 0x08, 0x62, 0x08,
    0x62, 0x08, 0x62, 0x08, 0x62, 0x08, 0x62, 0x08, 0x62, 0x08, 0x62, 0x08, 0x62, 0x08, 0x62, 0x08,
    0x62, 0x08, 0x62, 0x08, 0x62, 0x08, 0x62, 0x08, 0x62, 0x08, 0x62, 0x08, 0x62, 0x08, 0x62, 0x08,
    0x62, 0x08, 0x62, 0x08, 0x62, 0x08, 0x62, 0x08, 0x62, 0x08, 0x62, 0x08, 0x62, 0x08, 0x62, 0x08,
    0x62, 0x08, 0x62, 0x08, 0x62, 0x08, 0x62, 0x08, 0x62, 0x08, 0x62, 0x08, 0x62, 0x08, 0x62, 0x08,
    0x62, 0x08, 0x62, 0x08, 0x62, 0x08, 0x62, 0x08, 0x62, 0x08, 0x62, 0x08, 0x62, 0x08, 0x62, 0x08,
    0x62, 0x08, 0x62, 0x08, 0x62, 0x08, 0x62, 0x08, 0x62, 0x08, 0x62, 0x08, 0x62, 0x08, 0x62, 0x08,
    0x62, 0x08, 0x62, 0x08, 0x62, 0x08, 0x62, 0x08, 0x62, 0x08, 0x62, 0x08, 0x62, 0x08, 0x62, 0x08,
    0x62, 0x08, 0x62, 0x08, 0x62, 0x08, 0x62, 0x08, 0x62, 0x08, 0x62, 0x08, 0x62, 0x08, 0x62, 0x08,
    0x62, 0x08, 0x62, 0x08, 0x62, 0x08, 0x62, 0x08, 0x62, 0x08, 0x62, 0x08, 0x62, 0x08, 0x62, 0x08,
    0x62, 0x08, 0x62, 0x08, 0x62, 0x08, 0xa1, 0x72, 0x62, 0x08, 0x62, 0x08, 0x62, 0x08, 0x62, 0x08,
    0x62, 0x08, 0x62, 0x08, 0x62, 0x08, 0x62, 0x08, 0x62, 0x08, 0x62, 0x08, 0x62, 0x08, 0x62, 0x08,
    0x62, 0x08, 0x62, 0x08, 0x62, 0x08, 0x62, 0x08, 0x62, 0x08, 0x62, 0x08, 0x62, 0x08, 0x62, 0x08,
    0x62, 0x08, 0x62, 0x08, 0x62, 0x08, 0x62, 0x08, 0x62, 0x08, 0x62, 0x08, 0x62, 0x08, 0x62, 0x08,
    0x62, 0x08, 0x62, 0x08, 0x62, 0x08, 0x62, 0x08, 0x62, 0x08, 0x62, 0x08, 0x62, 0x08, 0x62, 0x08,
    0x62, 0x08, 0x62, 0x08, 0x62, 0x08, 0x62, 0x08, 0x62, 0x08, 0x62, 0x08, 0x62, 0x08, 0x62, 0x08,
    0x62, 0x08, 0x62, 0x08, 0x62, 0x08, 0x62, 0x08, 0x62, 0x08, 0x62, 0x08, 0x62, 0x08, 0x62, 0x08,
    0x62, 0x08, 0x62, 0x08, 0x62, 0x08, 0x62, 0x08, 0x62, 0x08, 0x62, 0x08, 0x62, 0x08, 0x62, 0x08,
    0x62, 0x08, 0x62, 0x08, 0x62, 0x08, 0x62, 0x08, 0x62, 0x08, 0x62, 0x08, 0x62, 0x08, 0x62, 0x08,
    0x62, 0x08, 0x62, 0x08, 0x62, 0x08, 0x62, 0x08, 0x62, 0x08, 0x62, 0x08, 0x62, 0x08, 0x62, 0x08,
    0x62, 0x08, 0x62, 0x08, 0x62, 0x08, 0x62, 0x08, 0x62, 0x08, 0x62, 0x08, 0x62, 0x08, 0x62, 0x08,
    0x62, 0x08, 0x62, 0x08, 0x62, 0x08, 0x62, 0x08, 0x62, 0x08, 0x62, 0x08, 0x62, 0x08, 0x62, 0x08,
    0x62, 0x08, 0x62, 0x08, 0x62, 0x08, 0x62, 0x08, 0x62, 0x08, 0x62, 0x08, 0x62, 0x08, 0x62, 0x08,
    0x62, 0x08, 0x62, 0x08, 0x62, 0x08, 0x62, 0x08, 0x62, 0x08, 0x62, 0x08, 0x62, 0x08, 0x62, 0x08,
    0x62, 0x08, 0x62, 0x08, 0x62, 0x08, 0x62, 0x08, 0x62, 0x08, 0x62, 0x08, 0x62, 0x08, 0x62, 0x08,
    0x62, 0x08, 0x62, 0x08, 0x62, 0x08, 0x62, 0x08, 0x62, 0x08, 0x62, 0x08, 0x62, 0x08, 0x62, 0x08,
    0x62, 0x08, 0x62, 0x08, 0x62, 0x08, 0x62, 0x08, 0x62, 0x08, 0x62, 0x08, 0x62, 0x08, 0x62, 0x08,
    0x62, 0x08, 0x62, 0x08, 0x62, 0x08, 0x62, 0x08, 0x62, 0x08, 0x62, 0x08, 0x62, 0x08, 0x62, 0x08,
    0x62, 0x08, 0x62, 0x08, 0x62, 0x08, 0x62, 0x08, 0x62, 0x08, 0x62, 0x08, 0x62, 0x08, 0x62, 0x08,
    0x62, 0x08, 0x62, 0x08, 0x62, 0x08, 0x62, 0x08, 0x62, 0x08, 0x62, 0x08, 0x62, 0x08, 0x62, 0x08,
    0x62, 0x08, 0x62, 0x08, 0x62, 0x08, 0x62, 0x08, 0x62, 0x08, 0x62, 0x08, 0x62, 0x08, 0x62, 0x08,
    0x62, 0x08, 0x62, 0x08, 0x62, 0x08, 0x62, 0x08, 0x62, 0x08, 0x62, 0x08, 0x62, 0x08, 0x62, 0x08,
    0x62, 0x08, 0x62, 0x08, 0x62, 0x08, 0x62, 0x08, 0x62, 0x08, 0x62, 0x08, 0x62, 0x08, 0x62, 0x08,
    0x62, 0x08, 0x62, 0x08, 0x62, 0x08, 0x62, 0x08, 0x62, 0x08, 0x62, 0x08, 0x62, 0x08, 0x62, 0x08,
    0x62, 0x08, 0x62, 0x08, 0x62, 0x08, 0x62, 0x08, 0x62, 0x08, 0x62, 0x08, 0x62, 0x08, 0x62, 0x08,
    0x62, 0x08, 0x62, 0x08, 0x62, 0x08, 0x62, 0x08, 0x62, 0x08, 0x62, 0x08, 0x62, 0x08, 0x62, 0x08,
    0x62, 0x08, 0x62, 0x08, 0x62, 0x08, 0x62, 0x08, 0x62, 0x08, 0x62, 0x08, 0x62, 0x08, 0x62, 0x08,
    0x62, 0x08, 0x62, 0x08, 0x62, 0x08, 0x62, 0x08, 0x62, 0x08, 0x62, 0x08, 0x62, 0x08, 0x62, 0x08,
    0x62, 0x08, 0x62, 0x08, 0x62, 0x08, 0x62, 0x08, 0x62, 0x08, 0x62, 0x08, 0x62, 0x08, 0x62, 0x08,
    0x62, 0x08, 0x62, 0x08, 0x62, 0x08, 0x62, 0x08, 0x62, 0x08, 0x62, 0x08, 0x62, 0x08, 0x62, 0x08,
    0xff, 0xff, 0xff, 0xff, 0xff, 0xff, 0xff, 0xff, 0xff, 0xff, 0xff, 0xff, 0xff, 0xff, 0xff, 0xff,
    0xff, 0xff, 0xff, 0xff, 0xff, 0xff, 0xff, 0xff, 0xff, 0xff, 0xff, 0xff, 0xff, 0xff, 0xff, 0xff,
    0xff, 0xff, 0xff, 0xff, 0xff, 0xff, 0xff, 0xff, 0xff, 0xff, 0xff, 0xff, 0xff, 0xff, 0xff, 0xff,
    0xff, 0xff, 0xff, 0xff, 0xff, 0xff, 0xff, 0xff, 0xff, 0xff, 0xff, 0xff, 0xff, 0xff, 0xff, 0xff,
    0xff, 0xff, 0xff, 0xff, 0xff, 0xff, 0xff, 0xff, 0xff, 0xff, 0xff, 0xff, 0xff, 0xff, 0xff, 0xff,
    0xff, 0xff, 0xff, 0xff, 0xff, 0xff, 0xff, 0xff, 0xff, 0xff, 0xff, 0xff, 0xff, 0xff, 0xff, 0xff,
    0xff, 0xff, 0xff, 0xff, 0xff, 0xff, 0xff, 0xff, 0xff, 0xff, 0xff, 0xff, 0xff, 0xff, 0xff, 0xff,
    0xff, 0xff, 0xff, 0xff, 0xff, 0xff, 0xff, 0xff, 0xff, 0xff, 0xff, 0xff, 0xff, 0xff, 0xff, 0xff,
    0xff, 0xff, 0xff, 0xff, 0xff, 0xff, 0xff, 0xff, 0xff, 0xff, 0xff, 0xff, 0xff, 0xff, 0xff, 0xff,
    0xff, 0xff, 0xff, 0xff, 0xff, 0xff, 0xff, 0xff, 0xff, 0xff, 0xff, 0xff, 0xff, 0xff, 0xff, 0xff,
    0xff, 0xff, 0xff, 0xff, 0xff, 0xff, 0xff, 0xff, 0xff, 0xff, 0xff, 0xff, 0xff, 0xff, 0xff, 0xff,
    0xff, 0xff, 0xff, 0xff, 0xff, 0xff, 0xff, 0xff, 0xff, 0xff, 0xff, 0xff, 0xff, 0xff, 0xff, 0xff,
    0xff, 0xff, 0xff, 0xff, 0xff, 0xff, 0xff, 0xff, 0xff, 0xff, 0xff, 0xff, 0xff, 0xff, 0xff, 0xff,
    0xff, 0xff, 0xff, 0xff, 0xff, 0xff, 0xff, 0xff, 0xff, 0xff, 0xff, 0xff, 0xff, 0xff, 0xff, 0xff,
    0xff, 0xff, 0xff, 0xff, 0xff, 0xff, 0xff, 0xff, 0xff, 0xff, 0xff, 0xff, 0xff, 0xff, 0xff, 0xff,
    0xff, 0xff, 0xff, 0xff, 0xff, 0xff, 0xff, 0xff, 0xff, 0xff, 0xff, 0xff, 0xff, 0xff, 0xff, 0xff,
    0xff, 0xff, 0xff, 0xff, 0xff, 0xff, 0xff, 0xff, 0xff, 0xff, 0xff, 0xff, 0xff, 0xff, 0xff, 0xff,
    0xff, 0xff, 0xff, 0xff, 0xff, 0xff, 0xff, 0xff, 0xff, 0xff, 0xff, 0xff, 0xff, 0xff, 0xff, 0xff,
    0xff, 0xff, 0xff, 0xff, 0xff, 0xff, 0xff, 0xff, 0xff, 0xff, 0xff, 0xff, 0xff, 0xff, 0xff, 0xff,
    0xff, 0xff, 0xff, 0xff, 0xff, 0xff, 0xff, 0xff, 0xff, 0xff, 0xff, 0xff, 0xff, 0xff, 0xff, 0xff,
    0xff, 0xff, 0xff, 0xff, 0xff, 0xff, 0xff, 0xff, 0xff, 0xff, 0xff, 0xff, 0xff, 0xff, 0xff, 0xff,
    0xff, 0xff, 0xff, 0xff, 0xff, 0xff, 0xff, 0xff, 0xff, 0xff, 0xff, 0xff, 0xff, 0xff, 0xff, 0xff,
    0xff, 0xff, 0xff, 0xff, 0xff, 0xff, 0xff, 0xff, 0xff, 0xff, 0xff, 0xff, 0xff, 0xff, 0xff, 0xff,
    0xff, 0xff, 0xff, 0xff, 0xff, 0xff, 0xff, 0xff, 0xff, 0xff, 0xff, 0xff, 0xff, 0xff, 0xff, 0xff,
    0xff, 0xff, 0xff, 0xff, 0xff, 0xff, 0xff, 0xff, 0xff, 0xff, 0xff, 0xff, 0xff, 0xff, 0xff, 0xff,
    0xff, 0xff, 0xff, 0xff, 0xff, 0xff, 0xff, 0xff, 0xff, 0xff, 0xff, 0xff, 0xff, 0xff, 0xff, 0xff,
    0xff, 0xff, 0xff, 0xff, 0xff, 0xff, 0xff, 0xff, 0xff, 0xff, 0xff, 0xff, 0xff, 0xff, 0xff, 0xff,
    0xff, 0xff, 0xff, 0xff, 0xff, 0xff, 0xff, 0xff, 0xff, 0xff, 0xff, 0xff, 0xff, 0xff, 0xff, 0xff,
    0xff, 0xff, 0xff, 0xff, 0xff, 0xff, 0xff, 0xff, 0xff, 0xff, 0xff, 0xff, 0xff, 0xff, 0xff, 0xff,
    0xff, 0xff, 0xff, 0xff, 0xff, 0xff, 0xff, 0xff, 0xff, 0xff, 0xff, 0xff, 0xff, 0xff, 0xff, 0xff,
    0xff, 0xff, 0xff, 0xff, 0xff, 0xff, 0xff, 0xff, 0xff, 0xff, 0xff, 0xff, 0xff, 0xff, 0xff, 0xff,
    0xff, 0xff, 0xff, 0xff, 0xff, 0xff, 0xff, 0xff, 0xff, 0xff, 0xff, 0xff, 0xff, 0xff, 0xff, 0xff,
    0xff, 0xff, 0xff, 0xff, 0xff, 0xff, 0xff, 0xff, 0xff, 0xff, 0xff, 0xff, 0xff, 0xff, 0xff, 0xff,
    0xff, 0xff, 0xff, 0xff, 0xff, 0xff, 0xff, 0xff, 0xff, 0xff, 0xff, 0xff, 0xff, 0xff, 0xff, 0xff,
    0xff, 0xff, 0xff, 0xff, 0xff, 0xff, 0xff, 0xff, 0xff, 0xff, 0xff, 0xff, 0xff, 0xff, 0xff, 0xff,
    0xff, 0xff, 0xff, 0xff, 0xff, 0xff, 0xff, 0xff, 0xff, 0xff, 0xff, 0xff, 0xff, 0xff, 0xff, 0xff,
    0xff, 0xff, 0xff, 0xff, 0xff, 0xff, 0xff, 0xff, 0xff, 0xff, 0xff, 0xff, 0xff, 0xff, 0xff, 0xff,
    0xff, 0xff, 0xff, 0xff, 0xff, 0xff, 0xff, 0xff, 0xff, 0xff, 0xff, 0xff, 0xff, 0xff, 0xff, 0xff,
    0xff, 0xff, 0xff, 0xff, 0xff, 0xff, 0xff, 0xff, 0xff, 0xff, 0xff, 0xff, 0xff, 0xff, 0xff, 0xff,
    0xff, 0xff, 0xff, 0xff, 0xff, 0xff, 0xff, 0xff, 0xff, 0xff, 0xff, 0xff, 0xff, 0xff, 0xff, 0xff,
    0xff, 0xff, 0xff, 0xff, 0xff, 0xff, 0xff, 0xff, 0xff, 0xff, 0xff, 0xff, 0xff, 0xff, 0xff, 0xff,
    0xff, 0xff, 0xff, 0xff, 0xff, 0xff, 0xff, 0xff, 0xff, 0xff, 0xff, 0xff, 0xff, 0xff, 0xff, 0xff,
    0xff, 0xff, 0xff, 0xff, 0xff, 0xff, 0xff, 0xff, 0xff, 0xff, 0xff, 0xff, 0xff, 0xff, 0xff, 0xff,
    0xff, 0xff, 0xff, 0xff, 0xff, 0xff, 0xff, 0xff, 0xff, 0xff, 0xff, 0xff, 0xff, 0xff, 0xff, 0xff,
    0xff, 0xff, 0xff, 0xff, 0xff, 0xff, 0xff, 0xff, 0xff, 0xff, 0xff, 0xff, 0xff, 0xff, 0xff, 0xff,
    0xff, 0xff, 0xff, 0xff, 0xff, 0xff, 0xff, 0xff, 0xff, 0xff, 0xff, 0xff, 0xff, 0xff, 0xff, 0xff,
    0xff, 0xff, 0xff, 0xff, 0xff, 0xff, 0xff, 0xff, 0xff, 0xff, 0xff, 0xff, 0xff, 0xff, 0xff, 0xff,
    0xff, 0xff, 0xff, 0xff, 0xff, 0xff, 0xff, 0xff, 0xff, 0xff, 0xff, 0xff, 0xff, 0xff, 0xff, 0xff,
    0xff, 0xff, 0xff, 0xff, 0xff, 0xff, 0xff, 0xff, 0xff, 0xff, 0xff, 0xff, 0xff, 0xff, 0xff, 0xff,
    0xff, 0xff, 0xff, 0xff, 0xff, 0xff, 0xff, 0xff, 0xff, 0xff, 0xff, 0xff, 0xff, 0xff, 0xff, 0xff,
    0xff, 0xff, 0xff, 0xff, 0xff, 0xff, 0xff, 0xff, 0xff, 0xff, 0xff, 0xff, 0xff, 0xff, 0xff, 0xff,
    0xff, 0xff, 0xff, 0xff, 0xff, 0xff, 0xff, 0xff, 0xff, 0xff, 0xff, 0xff, 0xff, 0xff, 0xff, 0xff,
    0xff, 0xff, 0xff, 0xff, 0xff, 0xff, 0xff, 0xff, 0xff, 0xff, 0xff, 0xff, 0xff, 0xff, 0xff, 0xff,
    0xff, 0xff, 0xff, 0xff, 0xff, 0xff, 0xff, 0xff, 0xff, 0xff, 0xff, 0xff, 0xff, 0xff, 0xff, 0xff,
    0xff, 0xff, 0xff, 0xff, 0xff, 0xff, 0xff, 0xff, 0xff, 0xff, 0xff, 0xff, 0xff, 0xff, 0xff, 0xff,
    0xff, 0xff, 0xff, 0xff, 0xff, 0xff, 0xff, 0xff, 0xff, 0xff, 0xff, 0xff, 0xff, 0xff, 0xff, 0xff,
    0xff, 0xff, 0xff, 0xff, 0xff, 0xff, 0xff, 0xff, 0xff, 0xff, 0xff, 0xff, 0xff, 0xff, 0xff, 0xff,
    0xff, 0xff, 0xff, 0xff, 0xff, 0xff, 0xff, 0xff, 0xff, 0xff, 0xff, 0xff, 0xff, 0xff, 0xff, 0xff,
    0xff, 0xff, 0xff, 0xff, 0xff, 0xff, 0xff, 0xff, 0xff, 0xff, 0xff, 0xff, 0xff, 0xff, 0xff, 0xff,
    0xff, 0xff, 0xff, 0xff, 0xff, 0xff, 0xff, 0xff, 0xff, 0xff, 0xff, 0xff, 0xff, 0xff, 0xff, 0xff,
    0xff, 0xff, 0xff, 0xff, 0xff, 0xff, 0xff, 0xff, 0xff, 0xff, 0xff, 0xff, 0xff, 0xff, 0xff, 0xff,
    0xff, 0xff, 0xff, 0xff, 0xff, 0xff, 0xff, 0xff, 0xff, 0xff, 0xff, 0xff, 0xff, 0xff, 0xff, 0xff,
    0xff, 0xff, 0xff, 0xff, 0xff, 0xff, 0xff, 0xff, 0xff, 0xff, 0xff, 0xff, 0xff, 0xff, 0xff, 0xff,
    0xff, 0xff, 0xff, 0xff, 0xff, 0xff, 0xff, 0xff, 0xff, 0xff, 0xff, 0xff, 0xff, 0xff, 0xff, 0xff,
    0xff, 0xff, 0xff, 0xff, 0xff, 0xff, 0xff, 0xff, 0xff, 0xff, 0xff, 0xff, 0xff, 0xff, 0xff, 0xff,
    0xff, 0xff, 0xff, 0xff, 0xff, 0xff, 0xff, 0xff, 0xff, 0xff, 0xff, 0xff, 0xff, 0xff, 0xff, 0xff,
    0xff, 0xff, 0xff, 0xff, 0xff, 0xff, 0xff, 0xff, 0xff, 0xff, 0xff, 0xff, 0xff, 0xff, 0xff, 0xff,
    0xff, 0xff, 0xff, 0xff, 0xff, 0xff, 0xff, 0xff, 0xff, 0xff, 0xff, 0xff, 0xff, 0xff, 0xff, 0xff,
    0xff, 0xff, 0xff, 0xff, 0xff, 0xff, 0xff, 0xff, 0xff, 0xff, 0xff, 0xff, 0xff, 0xff, 0xff, 0xff,
    0xff, 0xff, 0xff, 0xff, 0xff, 0xff, 0xff, 0xff, 0xff, 0xff, 0xff, 0xff, 0xff, 0xff, 0xff, 0xff,
    0xff, 0xff, 0xff, 0xff, 0xff, 0xff, 0xff, 0xff, 0xff, 0xff, 0xff, 0xff, 0xff, 0xff, 0xff, 0xff,
    0xff, 0xff, 0xff, 0xff, 0xff, 0xff, 0xff, 0xff, 0xff, 0xff, 0xff, 0xff, 0xff, 0xff, 0xff, 0xff,
    0xff, 0xff, 0xff, 0xff, 0xff, 0xff, 0xff, 0xff, 0xff, 0xff, 0xff, 0xff, 0xff, 0xff, 0xff, 0xff,
    0xff, 0xff, 0xff, 0xff, 0xff, 0xff, 0xff, 0xff, 0xff, 0xff, 0xff, 0xff, 0xff, 0xff, 0xff, 0xff,
    0xff, 0xff, 0xff, 0xff, 0xff, 0xff, 0xff, 0xff, 0xff, 0xff, 0xff, 0xff, 0xff, 0xff, 0xff, 0xff,
    0xff, 0xff, 0xff, 0xff, 0xff, 0xff, 0xff, 0xff, 0xff, 0xff, 0xff, 0xff, 0xff, 0xff, 0xff, 0xff,
    0xff, 0xff, 0xff, 0xff, 0xff, 0xff, 0xff, 0xff, 0xff, 0xff, 0xff, 0xff, 0xff, 0xff, 0xff, 0xff,
    0xff, 0xff, 0xff, 0xff, 0xff, 0xff, 0xff, 0xff, 0xff, 0xff, 0xff, 0xff, 0xff, 0xff, 0xff, 0xff,
    0xff, 0xff, 0xff, 0xff, 0xff, 0xff, 0xff, 0xff, 0xff, 0xff, 0xff, 0xff, 0xff, 0xff, 0xff, 0xff,
    0xff, 0xff, 0xff, 0xff, 0xff, 0xff, 0xff, 0xff, 0xff, 0xff, 0xff, 0xff, 0xff, 0xff, 0xff, 0xff,
    0xff, 0xff, 0xff, 0xff, 0xff, 0xff, 0xff, 0xff, 0xff, 0xff, 0xff, 0xff, 0xff, 0xff, 0xff, 0xff,
    0xff, 0xff, 0xff, 0xff, 0xff, 0xff, 0xff, 0xff, 0xff, 0xff, 0xff, 0xff, 0xff, 0xff, 0xff, 0xff,
    0xff, 0xff, 0xff, 0xff, 0xff, 0xff, 0xff, 0xff, 0xff, 0xff, 0xff, 0xff, 0xff, 0xff, 0xff, 0xff,
    0xff, 0xff, 0xff, 0xff, 0xff, 0xff, 0xff, 0xff, 0xff, 0xff, 0xff, 0xff, 0xff, 0xff, 0xff, 0xff,
    0xff, 0xff, 0xff, 0xff, 0xff, 0xff, 0xff, 0xff, 0xff, 0xff, 0xff, 0xff, 0xff, 0xff, 0xff, 0xff,
    0xff, 0xff, 0xff, 0xff, 0xff, 0xff, 0xff, 0xff, 0xff, 0xff, 0xff, 0xff, 0xff, 0xff, 0xff, 0xff,
    0xff, 0xff, 0xff, 0xff, 0xff, 0xff, 0xff, 0xff, 0xff, 0xff, 0xff, 0xff, 0xff, 0xff, 0xff, 0xff,
    0xff, 0xff, 0xff, 0xff, 0xff, 0xff, 0xff, 0xff, 0xff, 0xff, 0xff, 0xff, 0xff, 0xff, 0xff, 0xff,
    0xff, 0xff, 0xff, 0xff, 0xff, 0xff, 0xff, 0xff, 0xff, 0xff, 0xff, 0xff, 0xff, 0xff, 0xff, 0xff,
    0xff, 0xff, 0xff, 0xff, 0xff, 0xff, 0xff, 0xff, 0xff, 0xff, 0xff, 0xff, 0xff, 0xff, 0xff, 0xff,
    0xff, 0xff, 0xff, 0xff, 0xff, 0xff, 0xff, 0xff, 0xff, 0xff, 0xff, 0xff, 0xff, 0xff, 0xff, 0xff,
    0xff, 0xff, 0xff, 0xff, 0xff, 0xff, 0xff, 0xff, 0xff, 0xff, 0xff, 0xff, 0xff, 0xff, 0xff, 0xff,
    0xff, 0xff, 0xff, 0xff, 0xff, 0xff, 0xff, 0xff, 0xff, 0xff, 0xff, 0xff, 0xff, 0xff, 0xff, 0xff,
    0xff, 0xff, 0xff, 0xff, 0xff, 0xff, 0xff, 0xff, 0xff, 0xff, 0xff, 0xff, 0xff, 0xff, 0xff, 0xff,
    0xff, 0xff, 0xff, 0xff, 0xff, 0xff, 0xff, 0xff, 0xff, 0xff, 0xff, 0xff, 0xff, 0xff, 0xff, 0xff,
    0xff, 0xff, 0xff, 0xff, 0xff, 0xff, 0xff, 0xff, 0xff, 0xff, 0xff, 0xff, 0xff, 0xff, 0xff, 0xff,
    0xff, 0xff, 0xff, 0xff, 0xff, 0xff, 0xff, 0xff, 0xff, 0xff, 0xff, 0xff, 0xff, 0xff, 0xff, 0xff,
    0xff, 0xff, 0xff, 0xff, 0xff, 0xff, 0xff, 0xff, 0xff, 0xff, 0xff, 0xff, 0xff, 0xff, 0xff, 0xff,
    0xff, 0xff, 0xff, 0xff, 0xff, 0xff, 0xff, 0xff, 0xff, 0xff, 0xff, 0xff, 0xff, 0xff, 0xff, 0xff,
    0xff, 0xff, 0xff, 0xff, 0xff, 0xff, 0xff, 0xff, 0xff, 0xff, 0xff, 0xff, 0xff, 0xff, 0xff, 0xff,
    0xff, 0xff, 0xff, 0xff, 0xff, 0xff, 0xff, 0xff, 0xff, 0xff, 0xff, 0xff, 0xff, 0xff, 0xff, 0xff,
    0xff, 0xff, 0xff, 0xff, 0xff, 0xff, 0xff, 0xff, 0xff, 0xff, 0xff, 0xff, 0xff, 0xff, 0xff, 0xff,
    0xff, 0xff, 0xff, 0xff, 0xff, 0xff, 0xff, 0xff, 0xff, 0xff, 0xff, 0xff, 0xff, 0xff, 0xff, 0xff,
    0xff, 0xff, 0xff, 0xff, 0xff, 0xff, 0xff, 0xff, 0xff, 0xff, 0xff, 0xff, 0xff, 0xff, 0xff, 0xff,
    0xff, 0xff, 0xff, 0xff, 0xff, 0xff, 0xff, 0xff, 0xff, 0xff, 0xff, 0xff, 0xff, 0xff, 0xff, 0xff,
    0xff, 0xff, 0xff, 0xff, 0xff, 0xff, 0xff, 0xff, 0xff, 0xff, 0xff, 0xff, 0xff, 0xff, 0xff, 0xff,
    0xff, 0xff, 0xff, 0xff, 0xff, 0xff, 0xff, 0xff, 0xff, 0xff, 0xff, 0xff, 0xff, 0xff, 0xff, 0xff,
    0xff, 0xff, 0xff, 0xff, 0xff, 0xff, 0xff, 0xff, 0xff, 0xff, 0xff, 0xff, 0xff, 0xff, 0xff, 0xff,
    0xff, 0xff, 0xff, 0xff, 0xff, 0xff, 0xff, 0xff, 0xff, 0xff, 0xff, 0xff, 0xff, 0xff, 0xff, 0xff,
    0xff, 0xff, 0xff, 0xff, 0xff, 0xff, 0xff, 0xff, 0xff, 0xff, 0xff, 0xff, 0xff, 0xff, 0xff, 0xff,
    0xff, 0xff, 0xff, 0xff, 0xff, 0xff, 0xff, 0xff, 0xff, 0xff, 0xff, 0xff, 0xff, 0xff, 0xff, 0xff,
    0xff, 0xff, 0xff, 0xff, 0xff, 0xff, 0xff, 0xff, 0xff, 0xff, 0xff, 0xff, 0xff, 0xff, 0xff, 0xff,
    0xff, 0xff, 0xff, 0xff, 0xff, 0xff, 0xff, 0xff, 0xff, 0xff, 0xff, 0xff, 0xff, 0xff, 0xff, 0xff,
    0xff, 0xff, 0xff, 0xff, 0xff, 0xff, 0xff, 0xff, 0xff, 0xff, 0xff, 0xff, 0xff, 0xff, 0xff, 0xff,
    0xff, 0xff, 0xff, 0xff, 0xff, 0xff, 0xff, 0xff, 0xff, 0xff, 0xff, 0xff, 0xff, 0xff, 0xff, 0xff,
    0xff, 0xff, 0xff, 0xff, 0xff, 0xff, 0xff, 0xff, 0xff, 0xff, 0xff, 0xff, 0xff, 0xff, 0xff, 0xff,
    0xff, 0xff, 0xff, 0xff, 0xff, 0xff, 0xff, 0xff, 0xff, 0xff, 0xff, 0xff, 0xff, 0xff, 0xff, 0xff,
    0xff, 0xff, 0xff, 0xff, 0xff, 0xff, 0xff, 0xff, 0xff, 0xff, 0xff, 0xff, 0xff, 0xff, 0xff, 0xff,
    0xff, 0xff, 0xff, 0xff, 0xff, 0xff, 0xff, 0xff, 0xff, 0xff, 0xff, 0xff, 0xff, 0xff, 0xff, 0xff,
    0xff, 0xff, 0xff, 0xff, 0xff, 0xff, 0xff, 0xff, 0xff, 0xff, 0xff, 0xff, 0xff, 0xff, 0xff, 0xff,
    0xff, 0xff, 0xff, 0xff, 0xff, 0xff, 0xff, 0xff, 0xff, 0xff, 0xff, 0xff, 0xff, 0xff, 0xff, 0xff,
    0xff, 0xff, 0xff, 0xff, 0xff, 0xff, 0xff, 0xff, 0xff, 0xff, 0xff, 0xff, 0xff, 0xff, 0xff, 0xff,
    0xff, 0xff, 0xff, 0xff, 0xff, 0xff, 0xff, 0xff, 0xff, 0xff, 0xff, 0xff, 0xff, 0xff, 0xff, 0xff,
    0xff, 0xff, 0xff, 0xff, 0xff, 0xff, 0xff, 0xff, 0xff, 0xff, 0xff, 0xff, 0xff, 0xff, 0xff, 0xff,
    0xff, 0xff, 0xff, 0xff, 0xff, 0xff, 0xff, 0xff, 0xff, 0xff, 0xff, 0xff, 0xff, 0xff, 0xff, 0xff,
    0xff, 0xff, 0xff, 0xff, 0xff, 0xff, 0xff, 0xff, 0xff, 0xff, 0xff, 0xff, 0xff, 0xff, 0xff, 0xff,
    0xff, 0xff, 0xff, 0xff, 0xff, 0xff, 0xff, 0xff, 0xff, 0xff, 0xff, 0xff, 0xff, 0xff, 0xff, 0xff,
    0xff, 0xff, 0xff, 0xff, 0xff, 0xff, 0xff, 0xff, 0xff, 0xff, 0xff, 0xff, 0xff, 0xff, 0xff, 0xff,
    0xff, 0xff, 0xff, 0xff, 0xff, 0xff, 0xff, 0xff, 0xff, 0xff, 0xff, 0xff, 0xff, 0xff, 0xff, 0xff,
    0xff, 0xff, 0xff, 0xff, 0xff, 0xff, 0xff, 0xff, 0xff, 0xff, 0xff, 0xff, 0xff, 0xff, 0xff, 0xff,
    0xff, 0xff, 0xff, 0xff, 0xff, 0xff, 0xff, 0xff, 0xff, 0xff, 0xff, 0xff, 0xff, 0xff, 0xff, 0xff,
    0xff, 0xff, 0xff, 0xff, 0xff, 0xff, 0xff, 0xff, 0xff, 0xff, 0xff, 0xff, 0xff, 0xff, 0xff, 0xff,
    0xff, 0xff, 0xff, 0xff, 0xff, 0xff, 0xff, 0xff, 0xff, 0xff, 0xff, 0xff, 0xff, 0xff, 0xff, 0xff,
    0xff, 0xff, 0xff, 0xff, 0xff, 0xff, 0xff, 0xff, 0xff, 0xff, 0xff, 0xff, 0xff, 0xff, 0xff, 0xff,
    0xff, 0xff, 0xff, 0xff, 0xff, 0xff, 0xff, 0xff, 0xff, 0xff, 0xff, 0xff, 0xff, 0xff, 0xff, 0xff,
    0xff, 0xff, 0xff, 0xff, 0xff, 0xff, 0xff, 0xff, 0xff, 0xff, 0xff, 0xff, 0xff, 0xff, 0xff, 0xff,
    0xff, 0xff, 0xff, 0xff, 0xff, 0xff, 0xff, 0xff, 0xff, 0xff, 0xff, 0xff, 0xff, 0xff, 0xff, 0xff,
    0xff, 0xff, 0xff, 0xff, 0xff, 0xff, 0xff, 0xff, 0xff, 0xff, 0xff, 0xff, 0xff, 0xff, 0xff, 0xff,
    0xff, 0xff, 0xff, 0xff, 0xff, 0xff, 0xff, 0xff, 0xff, 0xff, 0xff, 0xff, 0xff, 0xff, 0xff, 0xff,
    0xff, 0xff, 0xff, 0xff, 0xff, 0xff, 0xff, 0xff, 0xff, 0xff, 0xff, 0xff, 0xff, 0xff, 0xff, 0xff,
    0xff, 0xff, 0xff, 0xff, 0xff, 0xff, 0xff, 0xff, 0xff, 0xff, 0xff, 0xff, 0xff, 0xff, 0xff, 0xff,
    0xff, 0xff, 0xff, 0xff, 0xff, 0xff, 0xff, 0xff, 0xff, 0xff, 0xff, 0xff, 0xff, 0xff, 0xff, 0xff,
    0xff, 0xff, 0xff, 0xff, 0xff, 0xff, 0xff, 0xff, 0xff, 0xff, 0xff, 0xff, 0xff, 0xff, 0xff, 0xff,
    0xff, 0xff, 0xff, 0xff, 0xff, 0xff, 0xff, 0xff, 0xff, 0xff, 0xff, 0xff, 0xff, 0xff, 0xff, 0xff,
    0xff, 0xff, 0xff, 0xff, 0xff, 0xff, 0xff, 0xff, 0xff, 0xff, 0xff, 0xff, 0xff, 0xff, 0xff, 0xff,
    0xff, 0xff, 0xff, 0xff, 0xff, 0xff, 0xff, 0xff, 0xff, 0xff, 0xff, 0xff, 0xff, 0xff, 0xff, 0xff,
    0xff, 0xff, 0xff, 0xff, 0xff, 0xff, 0xff, 0xff, 0xff, 0xff, 0xff, 0xff, 0xff, 0xff, 0xff, 0xff,
    0xff, 0xff, 0xff, 0xff, 0xff, 0xff, 0xff, 0xff, 0xff, 0xff, 0xff, 0xff, 0xff, 0xff, 0xff, 0xff,
    0xff, 0xff, 0xff, 0xff, 0xff, 0xff, 0xff, 0xff, 0xff, 0xff, 0xff, 0xff, 0xff, 0xff, 0xff, 0xff,
    0xff, 0xff, 0xff, 0xff, 0xff, 0xff, 0xff, 0xff, 0xff, 0xff, 0xff, 0xff, 0xff, 0xff, 0xff, 0xff,
    0xff, 0xff, 0xff, 0xff, 0xff, 0xff, 0xff, 0xff, 0xff, 0xff, 0xff, 0xff, 0xff, 0xff, 0xff, 0xff,
    0xff, 0xff, 0xff, 0xff, 0xff, 0xff, 0xff, 0xff, 0xff, 0xff, 0xff, 0xff, 0xff, 0xff, 0xff, 0xff,
    0xff, 0xff, 0xff, 0xff, 0xff, 0xff, 0xff, 0xff, 0xff, 0xff, 0xff, 0xff, 0xff, 0xff, 0xff, 0xff,
    0xff, 0xff, 0xff, 0xff, 0xff, 0xff, 0xff, 0xff, 0xff, 0xff, 0xff, 0xff, 0xff, 0xff, 0xff, 0xff,
    0xff, 0xff, 0xff, 0xff, 0xff, 0xff, 0xff, 0xff, 0xff, 0xff, 0xff, 0xff, 0xff, 0xff, 0xff, 0xff,
    0xff, 0xff, 0xff, 0xff, 0xff, 0xff, 0xff, 0xff, 0xff, 0xff, 0xff, 0xff, 0xff, 0xff, 0xff, 0xff,
    0xff, 0xff, 0xff, 0xff, 0xff, 0xff, 0xff, 0xff, 0xff, 0xff, 0xff, 0xff, 0xff, 0xff, 0xff, 0xff,
    0xff, 0xff, 0xff, 0xff, 0xff, 0xff, 0xff, 0xff, 0xff, 0xff, 0xff, 0xff, 0xff, 0xff, 0xff, 0xff,
    0xff, 0xff, 0xff, 0xff, 0xff, 0xff, 0xff, 0xff, 0xff, 0xff, 0xff, 0xff, 0xff, 0xff, 0xff, 0xff,
    0xff, 0xff, 0xff, 0xff, 0xff, 0xff, 0xff, 0xff, 0xff, 0xff, 0xff, 0xff, 0xff, 0xff, 0xff, 0xff,
    0xff, 0xff, 0xff, 0xff, 0xff, 0xff, 0xff, 0xff, 0xff, 0xff, 0xff, 0xff, 0xff, 0xff, 0xff, 0xff,
    0xff, 0xff, 0xff, 0xff, 0xff, 0xff, 0xff, 0xff, 0xff, 0xff, 0xff, 0xff, 0xff, 0xff, 0xff, 0xff,
    0xff, 0xff, 0xff, 0xff, 0xff, 0xff, 0xff, 0xff, 0xff, 0xff, 0xff, 0xff, 0xff, 0xff, 0xff, 0xff,
    0xff, 0xff, 0xff, 0xff, 0xff, 0xff, 0xff, 0xff, 0xff, 0xff, 0xff, 0xff, 0xff, 0xff, 0xff, 0xff,
    0xff, 0xff, 0xff, 0xff, 0xff, 0xff, 0xff, 0xff, 0xff, 0xff, 0xff, 0xff, 0xff, 0xff, 0xff, 0xff,
    0xff, 0xff, 0xff, 0xff, 0xff, 0xff, 0xff, 0xff, 0xff, 0xff, 0xff, 0xff, 0xff, 0xff, 0xff, 0xff,
    0xff, 0xff, 0xff, 0xff, 0xff, 0xff, 0xff, 0xff, 0xff, 0xff, 0xff, 0xff, 0xff, 0xff, 0xff, 0xff,
    0xff, 0xff, 0xff, 0xff, 0xff, 0xff, 0xff, 0xff, 0xff, 0xff, 0xff, 0xff, 0xff, 0xff, 0xff, 0xff,
    0xff, 0xff, 0xff, 0xff, 0xff, 0xff, 0xff, 0xff, 0xff, 0xff, 0xff, 0xff, 0xff, 0xff, 0xff, 0xff,
    0xff, 0xff, 0xff, 0xff, 0xff, 0xff, 0xff, 0xff, 0xff, 0xff, 0xff, 0xff, 0xff, 0xff, 0xff, 0xff,
    0xff, 0xff, 0xff, 0xff, 0xff, 0xff, 0xff, 0xff, 0xff, 0xff, 0xff, 0xff, 0xff, 0xff, 0xff, 0xff,
    0xff, 0xff, 0xff, 0xff, 0xff, 0xff, 0xff, 0xff, 0xff, 0xff, 0xff, 0xff, 0xff, 0xff, 0xff, 0xff,
    0xff, 0xff, 0xff, 0xff, 0xff, 0xff, 0xff, 0xff, 0xff, 0xff, 0xff, 0xff, 0xff, 0xff, 0xff, 0xff,
    0xff, 0xff, 0xff, 0xff, 0xff, 0xff, 0xff, 0xff, 0xff, 0xff, 0xff, 0xff, 0xff, 0xff, 0xff, 0xff,
    0xff, 0xff, 0xff, 0xff, 0xff, 0xff, 0xff, 0xff, 0xff, 0xff, 0xff, 0xff, 0xff, 0xff, 0xff, 0xff,
    0xff, 0xff, 0xff, 0xff, 0xff, 0xff, 0xff, 0xff, 0xff, 0xff, 0xff, 0xff, 0xff, 0xff, 0xff, 0xff,
    0xff, 0xff, 0xff, 0xff, 0xff, 0xff, 0xff, 0xff, 0xff, 0xff, 0xff, 0xff, 0xff, 0xff, 0xff, 0xff,
    0xff, 0xff, 0xff, 0xff, 0xff, 0xff, 0xff, 0xff, 0xff, 0xff, 0xff, 0xff, 0xff, 0xff, 0xff, 0xff,
    0xff, 0xff, 0xff, 0xff, 0xff, 0xff, 0xff, 0xff, 0xff, 0xff, 0xff, 0xff, 0xff, 0xff, 0xff, 0xff,
    0xff, 0xff, 0xff, 0xff, 0xff, 0xff, 0xff, 0xff, 0xff, 0xff, 0xff, 0xff, 0xff, 0xff, 0xff, 0xff,
    0xff, 0xff, 0xff, 0xff, 0xff, 0xff, 0xff, 0xff, 0xff, 0xff, 0xff, 0xff, 0xff, 0xff, 0xff, 0xff,
    0xff, 0xff, 0xff, 0xff, 0xff, 0xff, 0xff, 0xff, 0xff, 0xff, 0xff, 0xff, 0xff, 0xff, 0xff, 0xff,
    0xff, 0xff, 0xff, 0xff, 0xff, 0xff, 0xff, 0xff, 0xff, 0xff, 0xff, 0xff, 0xff, 0xff, 0xff, 0xff,
    0xff, 0xff, 0xff, 0xff, 0xff, 0xff, 0xff, 0xff, 0xff, 0xff, 0xff, 0xff, 0xff, 0xff, 0xff, 0xff,
    0xff, 0xff, 0xff, 0xff, 0xff, 0xff, 0xff, 0xff, 0xff, 0xff, 0xff, 0xff, 0xff, 0xff, 0xff, 0xff,
    0xff, 0xff, 0xff, 0xff, 0xff, 0xff, 0xff, 0xff, 0xff, 0xff, 0xff, 0xff, 0xff, 0xff, 0xff, 0xff,
    0xff, 0xff, 0xff, 0xff, 0xff, 0xff, 0xff, 0xff, 0xff, 0xff, 0xff, 0xff, 0xff, 0xff, 0xff, 0xff,
    0xff, 0xff, 0xff, 0xff, 0xff, 0xff, 0xff, 0xff, 0xff, 0xff, 0xff, 0xff, 0xff, 0xff, 0xff, 0xff,
    0xff, 0xff, 0xff, 0xff, 0xff, 0xff, 0xff, 0xff, 0xff, 0xff, 0xff, 0xff, 0xff, 0xff, 0xff, 0xff,
    0xff, 0xff, 0xff, 0xff, 0xff, 0xff, 0xff, 0xff, 0xff, 0xff, 0xff, 0xff, 0xff, 0xff, 0xff, 0xff,
    0xff, 0xff, 0xff, 0xff, 0xff, 0xff, 0xff, 0xff, 0xff, 0xff, 0xff, 0xff, 0xff, 0xff, 0xff, 0xff,
    0xff, 0xff, 0xff, 0xff, 0xff, 0xff, 0xff, 0xff, 0xff, 0xff, 0xff, 0xff, 0xff, 0xff, 0xff, 0xff,
    0xff, 0xff, 0xff, 0xff, 0xff, 0xff, 0xff, 0xff, 0xff, 0xff, 0xff, 0xff, 0xff, 0xff, 0xff, 0xff,
    0xff, 0xff, 0xff, 0xff, 0xff, 0xff, 0xff, 0xff, 0xff, 0xff, 0xff, 0xff, 0xff, 0xff, 0xff, 0xff,
    0xff, 0xff, 0xff, 0xff, 0xff, 0xff, 0xff, 0xff, 0xff, 0xff, 0xff, 0xff, 0xff, 0xff, 0xff, 0xff,
    0xff, 0xff, 0xff, 0xff, 0xff, 0xff, 0xff, 0xff, 0xff, 0xff, 0xff, 0xff, 0xff, 0xff, 0xff, 0xff,
    0xff, 0xff, 0xff, 0xff, 0xff, 0xff, 0xff, 0xff, 0xff, 0xff, 0xff, 0xff, 0xff, 0xff, 0xff, 0xff,
    0xff, 0xff, 0xff, 0xff, 0xff, 0xff, 0xff, 0xff, 0xff, 0xff, 0xff, 0xff, 0xff, 0xff, 0xff, 0xff,
    0xff, 0xff, 0xff, 0xff, 0xff, 0xff, 0xff, 0xff, 0xff, 0xff, 0xff, 0xff, 0xff, 0xff, 0xff, 0xff,
    0xff, 0xff, 0xff, 0xff, 0xff, 0xff, 0xff, 0xff, 0xff, 0xff, 0xff, 0xff, 0xff, 0xff, 0xff, 0xff,
    0xff, 0xff, 0xff, 0xff, 0xff, 0xff, 0xff, 0xff, 0xff, 0xff, 0xff, 0xff, 0xff, 0xff, 0xff, 0xff,
    0xff, 0xff, 0xff, 0xff, 0xff, 0xff, 0xff, 0xff, 0xff, 0xff, 0xff, 0xff, 0xff, 0xff, 0xff, 0xff,
    0xff, 0xff, 0xff, 0xff, 0xff, 0xff, 0xff, 0xff, 0xff, 0xff, 0xff, 0xff, 0xff, 0xff, 0xff, 0xff,
    0xff, 0xff, 0xff, 0xff, 0xff, 0xff, 0xff, 0xff, 0xff, 0xff, 0xff, 0xff, 0xff, 0xff, 0xff, 0xff,
    0xff, 0xff, 0xff, 0xff, 0xff, 0xff, 0xff, 0xff, 0xff, 0xff, 0xff, 0xff, 0xff, 0xff, 0xff, 0xff,
    0xff, 0xff, 0xff, 0xff, 0xff, 0xff, 0xff, 0xff, 0xff, 0xff, 0xff, 0xff, 0xff, 0xff, 0xff, 0xff,
    0xff, 0xff, 0xff, 0xff, 0xff, 0xff, 0xff, 0xff, 0xff, 0xff, 0xff, 0xff, 0xff, 0xff, 0xff, 0xff,
    0xff, 0xff, 0xff, 0xff, 0xff, 0xff, 0xff, 0xff, 0xff, 0xff, 0xff, 0xff, 0xff, 0xff, 0xff, 0xff,
    0xff, 0xff, 0xff, 0xff, 0xff, 0xff, 0xff, 0xff, 0xff, 0xff, 0xff, 0xff, 0xff, 0xff, 0xff, 0xff,
    0xff, 0xff, 0xff, 0xff, 0xff, 0xff, 0xff, 0xff, 0xff, 0xff, 0xff, 0xff, 0xff, 0xff, 0xff, 0xff,
    0xff, 0xff, 0xff, 0xff, 0xff, 0xff, 0xff, 0xff, 0xff, 0xff, 0xff, 0xff, 0xff, 0xff, 0xff, 0xff,
    0xff, 0xff, 0xff, 0xff, 0xff, 0xff, 0xff, 0xff, 0xff, 0xff, 0xff, 0xff, 0xff, 0xff, 0xff, 0xff,
    0xff, 0xff, 0xff, 0xff, 0xff, 0xff, 0xff, 0xff, 0xff, 0xff, 0xff, 0xff, 0xff, 0xff, 0xff, 0xff,
    0xff, 0xff, 0xff, 0xff, 0xff, 0xff, 0xff, 0xff, 0xff, 0xff, 0xff, 0xff, 0xff, 0xff, 0xff, 0xff,
    0xff, 0xff, 0xff, 0xff, 0xff, 0xff, 0xff, 0xff, 0xff, 0xff, 0xff, 0xff, 0xff, 0xff, 0xff, 0xff,
    0xff, 0xff, 0xff, 0xff, 0xff, 0xff, 0xff, 0xff, 0xff, 0xff, 0xff, 0xff, 0xff, 0xff, 0xff, 0xff,
    0xff, 0xff, 0xff, 0xff, 0xff, 0xff, 0xff, 0xff, 0xff, 0xff, 0xff, 0xff, 0xff, 0xff, 0xff, 0xff,
    0xff, 0xff, 0xff, 0xff, 0xff, 0xff, 0xff, 0xff, 0xff, 0xff, 0xff, 0xff, 0xff, 0xff, 0xff, 0xff,
    0xff, 0xff, 0xff, 0xff, 0xff, 0xff, 0xff, 0xff, 0xff, 0xff, 0xff, 0xff, 0xff, 0xff, 0xff, 0xff,
    0xff, 0xff, 0xff, 0xff, 0xff, 0xff, 0xff, 0xff, 0xff, 0xff, 0xff, 0xff, 0xff, 0xff, 0xff, 0xff,
    0xff, 0xff, 0xff, 0xff, 0xff, 0xff, 0xff, 0xff, 0xff, 0xff, 0xff, 0xff, 0xff, 0xff, 0xff, 0xff,
    0xff, 0xff, 0xff, 0xff, 0xff, 0xff, 0xff, 0xff, 0xff, 0xff, 0xff, 0xff, 0xff, 0xff, 0xff, 0xff,
    0xff, 0xff, 0xff, 0xff, 0xff, 0xff, 0xff, 0xff, 0xff, 0xff, 0xff, 0xff, 0xff, 0xff, 0xff, 0xff,
    0xff, 0xff, 0xff, 0xff, 0xff, 0xff, 0xff, 0xff, 0xff, 0xff, 0xff, 0xff, 0xff, 0xff, 0xff, 0xff,
    0xff, 0xff, 0xff, 0xff, 0xff, 0xff, 0xff, 0xff, 0xff, 0xff, 0xff, 0xff, 0xff, 0xff, 0xff, 0xff,
    0xff, 0xff, 0xff, 0xff, 0xff, 0xff, 0xff, 0xff, 0xff, 0xff, 0xff, 0xff, 0xff, 0xff, 0xff, 0xff,
    0xff, 0xff, 0xff, 0xff, 0xff, 0xff, 0xff, 0xff, 0xff, 0xff, 0xff, 0xff, 0xff, 0xff, 0xff, 0xff,
    0xff, 0xff, 0xff, 0xff, 0xff, 0xff, 0xff, 0xff, 0xff, 0xff, 0xff, 0xff, 0xff, 0xff, 0xff, 0xff,
    0xff, 0xff, 0xff, 0xff, 0xff, 0xff, 0xff, 0xff, 0xff, 0xff, 0xff, 0xff, 0xff, 0xff, 0xff, 0xff,
    0xff, 0xff, 0xff, 0xff, 0xff, 0xff, 0xff, 0xff, 0xff, 0xff, 0xff, 0xff, 0xff, 0xff, 0xff, 0xff,
    0xff, 0xff, 0xff, 0xff, 0xff, 0xff, 0xff, 0xff, 0xff, 0xff, 0xff, 0xff, 0xff, 0xff, 0xff, 0xff,
    0xff, 0xff, 0xff, 0xff, 0xff, 0xff, 0xff, 0xff, 0xff, 0xff, 0xff, 0xff, 0xff, 0xff, 0xff, 0xff,
    0xff, 0xff, 0xff, 0xff, 0xff, 0xff, 0xff, 0xff, 0xff, 0xff, 0xff, 0xff, 0xff, 0xff, 0xff, 0xff,
    0xff, 0xff, 0xff, 0xff, 0xff, 0xff, 0xff, 0xff, 0xff, 0xff, 0xff, 0xff, 0xff, 0xff, 0xff, 0xff,
    0xff, 0xff, 0xff, 0xff, 0xff, 0xff, 0xff, 0xff, 0xff, 0xff, 0xff, 0xff, 0xff, 0xff, 0xff, 0xff,
    0xff, 0xff, 0xff, 0xff, 0xff, 0xff, 0xff, 0xff, 0xff, 0xff, 0xff, 0xff, 0xff, 0xff, 0xff, 0xff,
    0xff, 0xff, 0xff, 0xff, 0xff, 0xff, 0xff, 0xff, 0xff, 0xff, 0xff, 0xff, 0xff, 0xff, 0xff, 0xff,
    0xff, 0xff, 0xff, 0xff, 0xff, 0xff, 0xff, 0xff, 0xff, 0xff, 0xff, 0xff, 0xff, 0xff, 0xff, 0xff,
    0xff, 0xff, 0xff, 0xff, 0xff, 0xff, 0xff, 0xff, 0xff, 0xff, 0xff, 0xff, 0xff, 0xff, 0xff, 0xff,
    0xff, 0xff, 0xff, 0xff, 0xff, 0xff, 0xff, 0xff, 0xff, 0xff, 0xff, 0xff, 0xff, 0xff, 0xff, 0xff,
    0xff, 0xff, 0xff, 0xff, 0xff, 0xff, 0xff, 0xff, 0xff, 0xff, 0xff, 0xff, 0xff, 0xff, 0xff, 0xff,
    0xff, 0xff, 0xff, 0xff, 0xff, 0xff, 0xff, 0xff, 0xff, 0xff, 0xff, 0xff, 0xff, 0xff, 0xff, 0xff,
    0xff, 0xff, 0xff, 0xff, 0xff, 0xff, 0xff, 0xff, 0xff, 0xff, 0xff, 0xff, 0xff, 0xff, 0xff, 0xff,
    0xff, 0xff, 0xff, 0xff, 0xff, 0xff, 0xff, 0xff, 0xff, 0xff, 0xff, 0xff, 0xff, 0xff, 0xff, 0xff,
    0xff, 0xff, 0xff, 0xff, 0xff, 0xff, 0xff, 0xff, 0xff, 0xff, 0xff, 0xff, 0xff, 0xff, 0xff, 0xff,
    0xff, 0xff, 0xff, 0xff, 0xff, 0xff, 0xff, 0xff, 0xff, 0xff, 0xff, 0xff, 0xff, 0xff, 0xff, 0xff,
    0xff, 0xff, 0xff, 0xff, 0xff, 0xff, 0xff, 0xff, 0xff, 0xff, 0xff, 0xff, 0xff, 0xff, 0xff, 0xff,
    0xff, 0xff, 0xff, 0xff, 0xff, 0xff, 0xff, 0xff, 0xff, 0xff, 0xff, 0xff, 0xff, 0xff, 0xff, 0xff,
    0xff, 0xff, 0xff, 0xff, 0xff, 0xff, 0xff, 0xff, 0xff, 0xff, 0xff, 0xff, 0xff, 0xff, 0xff, 0xff,
    0xff, 0xff, 0xff, 0xff, 0xff, 0xff, 0xff, 0xff, 0xff, 0xff, 0xff, 0xff, 0xff, 0xff, 0xff, 0xff,
    0xff, 0xff, 0xff, 0xff, 0xff, 0xff, 0xff, 0xff, 0xff, 0xff, 0xff, 0xff, 0xff, 0xff, 0xff, 0xff,
    0xff, 0xff, 0xff, 0xff, 0xff, 0xff, 0xff, 0xff, 0xff, 0xff, 0xff, 0xff, 0xff, 0xff, 0xff, 0xff,
    0xff, 0xff, 0xff, 0xff, 0xff, 0xff, 0xff, 0xff, 0xff, 0xff, 0xff, 0xff, 0xff, 0xff, 0xff, 0xff,
    0xff, 0xff, 0xff, 0xff, 0xff, 0xff, 0xff, 0xff, 0xff, 0xff, 0xff, 0xff, 0xff, 0xff, 0xff, 0xff,
    0xff, 0xff, 0xff, 0xff, 0xff, 0xff, 0xff, 0xff, 0xff, 0xff, 0xff, 0xff, 0xff, 0xff, 0xff, 0xff,
    0xff, 0xff, 0xff, 0xff, 0xff, 0xff, 0xff, 0xff, 0xff, 0xff, 0xff, 0xff, 0xff, 0xff, 0xff, 0xff,
    0xff, 0xff, 0xff, 0xff, 0xff, 0xff, 0xff, 0xff, 0xff, 0xff, 0xff, 0xff, 0xff, 0xff, 0xff, 0xff,
    0xff, 0xff, 0xff, 0xff, 0xff, 0xff, 0xff, 0xff, 0xff, 0xff, 0xff, 0xff, 0xff, 0xff, 0xff, 0xff,
    0xff, 0xff, 0xff, 0xff, 0xff, 0xff, 0xff, 0xff, 0xff, 0xff, 0xff, 0xff, 0xff, 0xff, 0xff, 0xff,
    0xff, 0xff, 0xff, 0xff, 0xff, 0xff, 0xff, 0xff, 0xff, 0xff, 0xff, 0xff, 0xff, 0xff, 0xff, 0xff,
    0xff, 0xff, 0xff, 0xff, 0xff, 0xff, 0xff, 0xff, 0xff, 0xff, 0xff, 0xff, 0xff, 0xff, 0xff, 0xff,
    0xff, 0xff, 0xff, 0xff, 0xff, 0xff, 0xff, 0xff, 0xff, 0xff, 0xff, 0xff, 0xff, 0xff, 0xff, 0xff,
    0xff, 0xff, 0xff, 0xff, 0xff, 0xff, 0xff, 0xff, 0xff, 0xff, 0xff, 0xff, 0xff, 0xff, 0xff, 0xff,
    0xff, 0xff, 0xff, 0xff, 0xff, 0xff, 0xff, 0xff, 0xff, 0xff, 0xff, 0xff, 0xff, 0xff, 0xff, 0xff,
    0xff, 0xff, 0xff, 0xff, 0xff, 0xff, 0xff, 0xff, 0xff, 0xff, 0xff, 0xff, 0xff, 0xff, 0xff, 0xff,
    0xff, 0xff, 0xff, 0xff, 0xff, 0xff, 0xff, 0xff, 0xff, 0xff, 0xff, 0xff, 0xff, 0xff, 0xff, 0xff,
    0xff, 0xff, 0xff, 0xff, 0xff, 0xff, 0xff, 0xff, 0xff, 0xff, 0xff, 0xff, 0xff, 0xff, 0xff, 0xff,
    0xff, 0xff, 0xff, 0xff, 0xff, 0xff, 0xff, 0xff, 0xff, 0xff, 0xff, 0xff, 0xff, 0xff, 0xff, 0xff,
    0xff, 0xff, 0xff, 0xff, 0xff, 0xff, 0xff, 0xff, 0xff, 0xff, 0xff, 0xff, 0xff, 0xff, 0xff, 0xff,
    0xff, 0xff, 0xff, 0xff, 0xff, 0xff, 0xff, 0xff, 0xff, 0xff, 0xff, 0xff, 0xff, 0xff, 0xff, 0xff,
    0xff, 0xff, 0xff, 0xff, 0xff, 0xff, 0xff, 0xff, 0xff, 0xff, 0xff, 0xff, 0xff, 0xff, 0xff, 0xff,
    0xff, 0xff, 0xff, 0xff, 0xff, 0xff, 0xff, 0xff, 0xff, 0xff, 0xff, 0xff, 0xff, 0xff, 0xff, 0xff,
    0xff, 0xff, 0xff, 0xff, 0xff, 0xff, 0xff, 0xff, 0xff, 0xff, 0xff, 0xff, 0xff, 0xff, 0xff, 0xff,
    0xff, 0xff, 0xff, 0xff, 0xff, 0xff, 0xff, 0xff, 0xff, 0xff, 0xff, 0xff, 0xff, 0xff, 0xff, 0xff,
    0xff, 0xff, 0xff, 0xff, 0xff, 0xff, 0xff, 0xff, 0xff, 0xff, 0xff, 0xff, 0xff, 0xff, 0xff, 0xff,
    0xff, 0xff, 0xff, 0xff, 0xff, 0xff, 0xff, 0xff, 0xff, 0xff, 0xff, 0xff, 0xff, 0xff, 0xff, 0xff,
    0xff, 0xff, 0xff, 0xff, 0xff, 0xff, 0xff, 0xff, 0xff, 0xff, 0xff, 0xff, 0xff, 0xff, 0xff, 0xff,
    0xff, 0xff, 0xff, 0xff, 0xff, 0xff, 0xff, 0xff, 0xff, 0xff, 0xff, 0xff, 0xff, 0xff, 0xff, 0xff,
    0xff, 0xff, 0xff, 0xff, 0xff, 0xff, 0xff, 0xff, 0xff, 0xff, 0xff, 0xff, 0xff, 0xff, 0xff, 0xff,
    0xff, 0xff, 0xff, 0xff, 0xff, 0xff, 0xff, 0xff, 0xff, 0xff, 0xff, 0xff, 0xff, 0xff, 0xff, 0xff,
    0xff, 0xff, 0xff, 0xff, 0xff, 0xff, 0xff, 0xff, 0xff, 0xff, 0xff, 0xff, 0xff, 0xff, 0xff, 0xff,
    0xff, 0xff, 0xff, 0xff, 0xff, 0xff, 0xff, 0xff, 0xff, 0xff, 0xff, 0xff, 0xff, 0xff, 0xff, 0xff,
    0xff, 0xff, 0xff, 0xff, 0xff, 0xff, 0xff, 0xff, 0xff, 0xff, 0xff, 0xff, 0xff, 0xff, 0xff, 0xff,
    0xff, 0xff, 0xff, 0xff, 0xff, 0xff, 0xff, 0xff, 0xff, 0xff, 0xff, 0xff, 0xff, 0xff, 0xff, 0xff,
    0xff, 0xff, 0xff, 0xff, 0xff, 0xff, 0xff, 0xff, 0xff, 0xff, 0xff, 0xff, 0xff, 0xff, 0xff, 0xff,
    0xff, 0xff, 0xff, 0xff, 0xff, 0xff, 0xff, 0xff, 0xff, 0xff, 0xff, 0xff, 0xff, 0xff, 0xff, 0xff,
    0xff, 0xff, 0xff, 0xff, 0xff, 0xff, 0xff, 0xff, 0xff, 0xff, 0xff, 0xff, 0xff, 0xff, 0xff, 0xff,
    0xff, 0xff, 0xff, 0xff, 0xff, 0xff, 0xff, 0xff, 0xff, 0xff, 0xff, 0xff, 0xff, 0xff, 0xff, 0xff,
    0xff, 0xff, 0xff, 0xff, 0xff, 0xff, 0xff, 0xff, 0xff, 0xff, 0xff, 0xff, 0xff, 0xff, 0xff, 0xff,
    0xff, 0xff, 0xff, 0xff, 0xff, 0xff, 0xff, 0xff, 0xff, 0xff, 0xff, 0xff, 0xff, 0xff, 0xff, 0xff,
    0xff, 0xff, 0xff, 0xff, 0xff, 0xff, 0xff, 0xff, 0xff, 0xff, 0xff, 0xff, 0xff, 0xff, 0xff, 0xff,
    0xff, 0xff, 0xff, 0xff, 0xff, 0xff, 0xff, 0xff, 0xff, 0xff, 0xff, 0xff, 0xff, 0xff, 0xff, 0xff,
    0xff, 0xff, 0xff, 0xff, 0xff, 0xff, 0xff, 0xff, 0xff, 0xff, 0xff, 0xff, 0xff, 0xff, 0xff, 0xff,
    0xff, 0xff, 0xff, 0xff, 0xff, 0xff, 0xff, 0xff, 0xff, 0xff, 0xff, 0xff, 0xff, 0xff, 0xff, 0xff,
    0xff, 0xff, 0xff, 0xff, 0xff, 0xff, 0xff, 0xff, 0xff, 0xff, 0xff, 0xff, 0xff, 0xff, 0xff, 0xff,
    0xff, 0xff, 0xff, 0xff, 0xff, 0xff, 0xff, 0xff, 0xff, 0xff, 0xff, 0xff, 0xff, 0xff, 0xff, 0xff,
    0xff, 0xff, 0xff, 0xff, 0xff, 0xff, 0xff, 0xff, 0xff, 0xff, 0xff, 0xff, 0xff, 0xff, 0xff, 0xff,
    0xff, 0xff, 0xff, 0xff, 0xff, 0xff, 0xff, 0xff, 0xff, 0xff, 0xff, 0xff, 0xff, 0xff, 0xff, 0xff,
    0xff, 0xff, 0xff, 0xff, 0xff, 0xff, 0xff, 0xff, 0xff, 0xff, 0xff, 0xff, 0xff, 0xff, 0xff, 0xff,
    0xff, 0xff, 0xff, 0xff, 0xff, 0xff, 0xff, 0xff, 0xff, 0xff, 0xff, 0xff, 0xff, 0xff, 0xff, 0xff,
    0xff, 0xff, 0xff, 0xff, 0xff, 0xff, 0xff, 0xff, 0xff, 0xff, 0xff, 0xff, 0xff, 0xff, 0xff, 0xff,
    0xff, 0xff, 0xff, 0xff, 0xff, 0xff, 0xff, 0xff, 0xff, 0xff, 0xff, 0xff, 0xff, 0xff, 0xff, 0xff,
    0xff, 0xff, 0xff, 0xff, 0xff, 0xff, 0xff, 0xff, 0xff, 0xff, 0xff, 0xff, 0xff, 0xff, 0xff, 0xff,
    0xff, 0xff, 0xff, 0xff, 0xff, 0xff, 0xff, 0xff, 0xff, 0xff, 0xff, 0xff, 0xff, 0xff, 0xff, 0xff,
    0xff, 0xff, 0xff, 0xff, 0xff, 0xff, 0xff, 0xff, 0xff, 0xff, 0xff, 0xff, 0xff, 0xff, 0xff, 0xff,
    0xff, 0xff, 0xff, 0xff, 0xff, 0xff, 0xff, 0xff, 0xff, 0xff, 0xff, 0xff, 0xff, 0xff, 0xff, 0xff,
    0xff, 0xff, 0xff, 0xff, 0xff, 0xff, 0xff, 0xff, 0xff, 0xff, 0xff, 0xff, 0xff, 0xff, 0xff, 0xff,
    0xff, 0xff, 0xff, 0xff, 0xff, 0xff, 0xff, 0xff, 0xff, 0xff, 0xff, 0xff, 0xff, 0xff, 0xff, 0xff,
    0xff, 0xff, 0xff, 0xff, 0xff, 0xff, 0xff, 0xff, 0xff, 0xff, 0xff, 0xff, 0xff, 0xff, 0xff, 0xff,
    0xff, 0xff, 0xff, 0xff, 0xff, 0xff, 0xff, 0xff, 0xff, 0xff, 0xff, 0xff, 0xff, 0xff, 0xff, 0xff,
    0xff, 0xff, 0xff, 0xff, 0xff, 0xff, 0xff, 0xff, 0xff, 0xff, 0xff, 0xff, 0xff, 0xff, 0xff, 0xff,
    0xff, 0xff, 0xff, 0xff, 0xff, 0xff, 0xff, 0xff, 0xff, 0xff, 0xff, 0xff, 0xff, 0xff, 0xff, 0xff,
    0xff, 0xff, 0xff, 0xff, 0xff, 0xff, 0xff, 0xff, 0xff, 0xff, 0xff, 0xff, 0xff, 0xff, 0xff, 0xff,
    0xff, 0xff, 0xff, 0xff, 0xff, 0xff, 0xff, 0xff, 0xff, 0xff, 0xff, 0xff, 0xff, 0xff, 0xff, 0xff,
    0xff, 0xff, 0xff, 0xff, 0xff, 0xff, 0xff, 0xff, 0xff, 0xff, 0xff, 0xff, 0xff, 0xff, 0xff, 0xff,
    0xff, 0xff, 0xff, 0xff, 0xff, 0xff, 0xff, 0xff, 0xff, 0xff, 0xff, 0xff, 0xff, 0xff, 0xff, 0xff,
    0xff, 0xff, 0xff, 0xff, 0xff, 0xff, 0xff, 0xff, 0xff, 0xff, 0xff, 0xff, 0xff, 0xff, 0xff, 0xff,
    0xff, 0xff, 0xff, 0xff, 0xff, 0xff, 0xff, 0xff, 0xff, 0xff, 0xff, 0xff, 0xff, 0xff, 0xff, 0xff,
    0xff, 0xff, 0xff, 0xff, 0xff, 0xff, 0xff, 0xff, 0xff, 0xff, 0xff, 0xff, 0xff, 0xff, 0xff, 0xff,
    0xff, 0xff, 0xff, 0xff, 0xff, 0xff, 0xff, 0xff, 0xff, 0xff, 0xff, 0xff, 0xff, 0xff, 0xff, 0xff,
    0xff, 0xff, 0xff, 0xff, 0xff, 0xff, 0xff, 0xff, 0xff, 0xff, 0xff, 0xff, 0xff, 0xff, 0xff, 0xff,
    0xff, 0xff, 0xff, 0xff, 0xff, 0xff, 0xff, 0xff, 0xff, 0xff, 0xff, 0xff, 0xff, 0xff, 0xff, 0xff,
    0xff, 0xff, 0xff, 0xff, 0xff, 0xff, 0xff, 0xff, 0xff, 0xff, 0xff, 0xff, 0xff, 0xff, 0xff, 0xff,
    0xff, 0xff, 0xff, 0xff, 0xff, 0xff, 0xff, 0xff, 0xff, 0xff, 0xff, 0xff, 0xff, 0xff, 0xff, 0xff,
    0xff, 0xff, 0xff, 0xff, 0xff, 0xff, 0xff, 0xff, 0xff, 0xff, 0xff, 0xff, 0xff, 0xff, 0xff, 0xff,
    0xff, 0xff, 0xff, 0xff, 0xff, 0xff, 0xff, 0xff, 0xff, 0xff, 0xff, 0xff, 0xff, 0xff, 0xff, 0xff,
    0xff, 0xff, 0xff, 0xff, 0xff, 0xff, 0xff, 0xff, 0xff, 0xff, 0xff, 0xff, 0xff, 0xff, 0xff, 0xff,
    0xff, 0xff, 0xff, 0xff, 0xff, 0xff, 0xff, 0xff, 0xff, 0xff, 0xff, 0xff, 0xff, 0xff, 0xff, 0xff,
    0xff, 0xff, 0xff, 0xff, 0xff, 0xff, 0xff, 0xff, 0xff, 0xff, 0xff, 0xff, 0xff, 0xff, 0xff, 0xff,
    0xff, 0xff, 0xff, 0xff, 0xff, 0xff, 0xff, 0xff, 0xff, 0xff, 0xff, 0xff, 0xff, 0xff, 0xff, 0xff,
    0xff, 0xff, 0xff, 0xff, 0xff, 0xff, 0xff, 0xff, 0xff, 0xff, 0xff, 0xff, 0xff, 0xff, 0xff, 0xff,
    0xff, 0xff, 0xff, 0xff, 0xff, 0xff, 0xff, 0xff, 0xff, 0xff, 0xff, 0xff, 0xff, 0xff, 0xff, 0xff,
    0xff, 0xff, 0xff, 0xff, 0xff, 0xff, 0xff, 0xff, 0xff, 0xff, 0xff, 0xff, 0xff, 0xff, 0xff, 0xff,
    0xff, 0xff, 0xff, 0xff, 0xff, 0xff, 0xff, 0xff, 0xff, 0xff, 0xff, 0xff, 0xff, 0xff, 0xff, 0xff,
    0xff, 0xff, 0xff, 0xff, 0xff, 0xff, 0xff, 0xff, 0xff, 0xff, 0xff, 0xff, 0xff, 0xff, 0xff, 0xff,
    0xff, 0xff, 0xff, 0xff, 0xff, 0xff, 0xff, 0xff, 0xff, 0xff, 0xff, 0xff, 0xff, 0xff, 0xff, 0xff,
    0xff, 0xff, 0xff, 0xff, 0xff, 0xff, 0xff, 0xff, 0xff, 0xff, 0xff, 0xff, 0xff, 0xff, 0xff, 0xff,
    0xff, 0xff, 0xff, 0xff, 0xff, 0xff, 0xff, 0xff, 0xff, 0xff, 0xff, 0xff, 0xff, 0xff, 0xff, 0xff,
    0xff, 0xff, 0xff, 0xff, 0xff, 0xff, 0xff, 0xff, 0xff, 0xff, 0xff, 0xff, 0xff, 0xff, 0xff, 0xff,
    0xff, 0xff, 0xff, 0xff, 0xff, 0xff, 0xff, 0xff, 0xff, 0xff, 0xff, 0xff, 0xff, 0xff, 0xff, 0xff,
    0xff, 0xff, 0xff, 0xff, 0xff, 0xff, 0xff, 0xff, 0xff, 0xff, 0xff, 0xff, 0xff, 0xff, 0xff, 0xff,
    0xff, 0xff, 0xff, 0xff, 0xff, 0xff, 0xff, 0xff, 0xff, 0xff, 0xff, 0xff, 0xff, 0xff, 0xff, 0xff,
    0xff, 0xff, 0xff, 0xff, 0xff, 0xff, 0xff, 0xff, 0xff, 0xff, 0xff, 0xff, 0xff, 0xff, 0xff, 0xff,
    0xff, 0xff, 0xff, 0xff, 0xff, 0xff, 0xff, 0xff, 0xff, 0xff, 0xff, 0xff, 0xff, 0xff, 0xff, 0xff,
    0xff, 0xff, 0xff, 0xff, 0xff, 0xff, 0xff, 0xff, 0xff, 0xff, 0xff, 0xff, 0xff, 0xff, 0xff, 0xff,
    0xff, 0xff, 0xff, 0xff, 0xff, 0xff, 0xff, 0xff, 0xff, 0xff, 0xff, 0xff, 0xff, 0xff, 0xff, 0xff,
    0xff, 0xff, 0xff, 0xff, 0xff, 0xff, 0xff, 0xff, 0xff, 0xff, 0xff, 0xff, 0xff, 0xff, 0xff, 0xff,
    0xff, 0xff, 0xff, 0xff, 0xff, 0xff, 0xff, 0xff, 0xff, 0xff, 0xff, 0xff, 0xff, 0xff, 0xff, 0xff,
    0xff, 0xff, 0xff, 0xff, 0xff, 0xff, 0xff, 0xff, 0xff, 0xff, 0xff, 0xff, 0xff, 0xff, 0xff, 0xff,
    0xff, 0xff, 0xff, 0xff, 0xff, 0xff, 0xff, 0xff, 0xff, 0xff, 0xff, 0xff, 0xff, 0xff, 0xff, 0xff,
    0xff, 0xff, 0xff, 0xff, 0xff, 0xff, 0xff, 0xff, 0xff, 0xff, 0xff, 0xff, 0xff, 0xff, 0xff, 0xff,
    0xff, 0xff, 0xff, 0xff, 0xff, 0xff, 0xff, 0xff, 0xff, 0xff, 0xff, 0xff, 0xff, 0xff, 0xff, 0xff,
    0xff, 0xff, 0xff, 0xff, 0xff, 0xff, 0xff, 0xff, 0xff, 0xff, 0xff, 0xff, 0xff, 0xff, 0xff, 0xff,
    0xff, 0xff, 0xff, 0xff, 0xff, 0xff, 0xff, 0xff, 0xff, 0xff, 0xff, 0xff, 0xff, 0xff, 0xff, 0xff,
    0xff, 0xff, 0xff, 0xff, 0xff, 0xff, 0xff, 0xff, 0xff, 0xff, 0xff, 0xff, 0xff, 0xff, 0xff, 0xff,
    0xff, 0xff, 0xff, 0xff, 0xff, 0xff, 0xff, 0xff, 0xff, 0xff, 0xff, 0xff, 0xff, 0xff, 0xff, 0xff,
    0xff, 0xff, 0xff, 0xff, 0xff, 0xff, 0xff, 0xff, 0xff, 0xff, 0xff, 0xff, 0xff, 0xff, 0xff, 0xff,
    0xff, 0xff, 0xff, 0xff, 0xff, 0xff, 0xff, 0xff, 0xff, 0xff, 0xff, 0xff, 0xff, 0xff, 0xff, 0xff,
    0xff, 0xff, 0xff, 0xff, 0xff, 0xff, 0xff, 0xff, 0xff, 0xff, 0xff, 0xff, 0xff, 0xff, 0xff, 0xff,
    0xff, 0xff, 0xff, 0xff, 0xff, 0xff, 0xff, 0xff, 0xff, 0xff, 0xff, 0xff, 0xff, 0xff, 0xff, 0xff,
    0xff, 0xff, 0xff, 0xff, 0xff, 0xff, 0xff, 0xff, 0xff, 0xff, 0xff, 0xff, 0xff, 0xff, 0xff, 0xff,
    0xff, 0xff, 0xff, 0xff, 0xff, 0xff, 0xff, 0xff, 0xff, 0xff, 0xff, 0xff, 0xff, 0xff, 0xff, 0xff,
    0xff, 0xff, 0xff, 0xff, 0xff, 0xff, 0xff, 0xff, 0xff, 0xff, 0xff, 0xff, 0xff, 0xff, 0xff, 0xff,
    0xff, 0xff, 0xff, 0xff, 0xff, 0xff, 0xff, 0xff, 0xff, 0xff, 0xff, 0xff, 0xff, 0xff, 0xff, 0xff,
    0xff, 0xff, 0xff, 0xff, 0xff, 0xff, 0xff, 0xff, 0xff, 0xff, 0xff, 0xff, 0xff, 0xff, 0xff, 0xff,
    0xff, 0xff, 0xff, 0xff, 0xff, 0xff, 0xff, 0xff, 0xff, 0xff, 0xff, 0xff, 0xff, 0xff, 0xff, 0xff,
    0xff, 0xff, 0xff, 0xff, 0xff, 0xff, 0xff, 0xff, 0xff, 0xff, 0xff, 0xff, 0xff, 0xff, 0xff, 0xff,
    0xff, 0xff, 0xff, 0xff, 0xff, 0xff, 0xff, 0xff, 0xff, 0xff, 0xff, 0xff, 0xff, 0xff, 0xff, 0xff,
    0xff, 0xff, 0xff, 0xff, 0xff, 0xff, 0xff, 0xff, 0xff, 0xff, 0xff, 0xff, 0xff, 0xff, 0xff, 0xff,
    0xff, 0xff, 0xff, 0xff, 0xff, 0xff, 0xff, 0xff, 0xff, 0xff, 0xff, 0xff, 0xff, 0xff, 0xff, 0xff,
    0xff, 0xff, 0xff, 0xff, 0xff, 0xff, 0xff, 0xff, 0xff, 0xff, 0xff, 0xff, 0xff, 0xff, 0xff, 0xff,
    0xff, 0xff, 0xff, 0xff, 0xff, 0xff, 0xff, 0xff, 0xff, 0xff, 0xff, 0xff, 0xff, 0xff, 0xff, 0xff,
    0xff, 0xff, 0xff, 0xff, 0xff, 0xff, 0xff, 0xff, 0xff, 0xff, 0xff, 0xff, 0xff, 0xff, 0xff, 0xff,
    0xff, 0xff, 0xff, 0xff, 0xff, 0xff, 0xff, 0xff, 0xff, 0xff, 0xff, 0xff, 0xff, 0xff, 0xff, 0xff,
    0xff, 0xff, 0xff, 0xff, 0xff, 0xff, 0xff, 0xff, 0xff, 0xff, 0xff, 0xff, 0xff, 0xff, 0xff, 0xff,
    0xff, 0xff, 0xff, 0xff, 0xff, 0xff, 0xff, 0xff, 0xff, 0xff, 0xff, 0xff, 0xff, 0xff, 0xff, 0xff,
    0xff, 0xff, 0xff, 0xff, 0xff, 0xff, 0xff, 0xff, 0xff, 0xff, 0xff, 0xff, 0xff, 0xff, 0xff, 0xff,
    0xff, 0xff, 0xff, 0xff, 0xff, 0xff, 0xff, 0xff, 0xff, 0xff, 0xff, 0xff, 0xff, 0xff, 0xff, 0xff,
    0xff, 0xff, 0xff, 0xff, 0xff, 0xff, 0xff, 0xff, 0xff, 0xff, 0xff, 0xff, 0xff, 0xff, 0xff, 0xff,
    0xff, 0xff, 0xff, 0xff, 0xff, 0xff, 0xff, 0xff, 0xff, 0xff, 0xff, 0xff, 0xff, 0xff, 0xff, 0xff,
    0xff, 0xff, 0xff, 0xff, 0xff, 0xff, 0xff, 0xff, 0xff, 0xff, 0xff, 0xff, 0xff, 0xff, 0xff, 0xff,
    0xff, 0xff, 0xff, 0xff, 0xff, 0xff, 0xff, 0xff, 0xff, 0xff, 0xff, 0xff, 0xff, 0xff, 0xff, 0xff,
    0xff, 0xff, 0xff, 0xff, 0xff, 0xff, 0xff, 0xff, 0xff, 0xff, 0xff, 0xff, 0xff, 0xff, 0xff, 0xff,
    0xff, 0xff, 0xff, 0xff, 0xff, 0xff, 0xff, 0xff, 0xff, 0xff, 0xff, 0xff, 0xff, 0xff, 0xff, 0xff,
    0xff, 0xff, 0xff, 0xff, 0xff, 0xff, 0xff, 0xff, 0xff, 0xff, 0xff, 0xff, 0xff, 0xff, 0xff, 0xff,
    0xff, 0xff, 0xff, 0xff, 0xff, 0xff, 0xff, 0xff, 0xff, 0xff, 0xff, 0xff, 0xff, 0xff, 0xff, 0xff,
    0xff, 0xff, 0xff, 0xff, 0xff, 0xff, 0xff, 0xff, 0xff, 0xff, 0xff, 0xff, 0xff, 0xff, 0xff, 0xff,
    0xff, 0xff, 0xff, 0xff, 0xff, 0xff, 0xff, 0xff, 0xff, 0xff, 0xff, 0xff, 0xff, 0xff, 0xff, 0xff,
    0xff, 0xff, 0xff, 0xff, 0xff, 0xff, 0xff, 0xff, 0xff, 0xff, 0xff, 0xff, 0xff, 0xff, 0xff, 0xff,
    0xff, 0xff, 0xff, 0xff, 0xff, 0xff, 0xff, 0xff, 0xff, 0xff, 0xff, 0xff, 0xff, 0xff, 0xff, 0xff,
    0xff, 0xff, 0xff, 0xff, 0xff, 0xff, 0xff, 0xff, 0xff, 0xff, 0xff, 0xff, 0xff, 0xff, 0xff, 0xff,
    0xff, 0xff, 0xff, 0xff, 0xff, 0xff, 0xff, 0xff, 0xff, 0xff, 0xff, 0xff, 0xff, 0xff, 0xff, 0xff,
    0xff, 0xff, 0xff, 0xff, 0xff, 0xff, 0xff, 0xff, 0xff, 0xff, 0xff, 0xff, 0xff, 0xff, 0xff, 0xff,
    0xff, 0xff, 0xff, 0xff, 0xff, 0xff, 0xff, 0xff, 0xff, 0xff, 0xff, 0xff, 0xff, 0xff, 0xff, 0xff,
    0xff, 0xff, 0xff, 0xff, 0xff, 0xff, 0xff, 0xff, 0xff, 0xff, 0xff, 0xff, 0xff, 0xff, 0xff, 0xff,
    0xff, 0xff, 0xff, 0xff, 0xff, 0xff, 0xff, 0xff, 0xff, 0xff, 0xff, 0xff, 0xff, 0xff, 0xff, 0xff,
    0xff, 0xff, 0xff, 0xff, 0xff, 0xff, 0xff, 0xff, 0xff, 0xff, 0xff, 0xff, 0xff, 0xff, 0xff, 0xff,
    0xff, 0xff, 0xff, 0xff, 0xff, 0xff, 0xff, 0xff, 0xff, 0xff, 0xff, 0xff, 0xff, 0xff, 0xff, 0xff,
    0xff, 0xff, 0xff, 0xff, 0xff, 0xff, 0xff, 0xff, 0xff, 0xff, 0xff, 0xff, 0xff, 0xff, 0xff, 0xff,
    0xff, 0xff, 0xff, 0xff, 0xff, 0xff, 0xff, 0xff, 0xff, 0xff, 0xff, 0xff, 0xff, 0xff, 0xff, 0xff,
    0xff, 0xff, 0xff, 0xff, 0xff, 0xff, 0xff, 0xff, 0xff, 0xff, 0xff, 0xff, 0xff, 0xff, 0xff, 0xff,
    0xff, 0xff, 0xff, 0xff, 0xff, 0xff, 0xff, 0xff, 0xff, 0xff, 0xff, 0xff, 0xff, 0xff, 0xff, 0xff,
    0xff, 0xff, 0xff, 0xff, 0xff, 0xff, 0xff, 0xff, 0xff, 0xff, 0xff, 0xff, 0xff, 0xff, 0xff, 0xff,
    0xff, 0xff, 0xff, 0xff, 0xff, 0xff, 0xff, 0xff, 0xff, 0xff, 0xff, 0xff, 0xff, 0xff, 0xff, 0xff,
    0xff, 0xff, 0xff, 0xff, 0xff, 0xff, 0xff, 0xff, 0xff, 0xff, 0xff, 0xff, 0xff, 0xff, 0xff, 0xff,
    0xff, 0xff, 0xff, 0xff, 0xff, 0xff, 0xff, 0xff, 0xff, 0xff, 0xff, 0xff, 0xff, 0xff, 0xff, 0xff,
    0xff, 0xff, 0xff, 0xff, 0xff, 0xff, 0xff, 0xff, 0xff, 0xff, 0xff, 0xff, 0xff, 0xff, 0xff, 0xff,
    0xff, 0xff, 0xff, 0xff, 0xff, 0xff, 0xff, 0xff, 0xff, 0xff, 0xff, 0xff, 0xff, 0xff, 0xff, 0xff,
    0xff, 0xff, 0xff, 0xff, 0xff, 0xff, 0xff, 0xff, 0xff, 0xff, 0xff, 0xff, 0xff, 0xff, 0xff, 0xff,
    0xff, 0xff, 0xff, 0xff, 0xff, 0xff, 0xff, 0xff, 0xff, 0xff, 0xff, 0xff, 0xff, 0xff, 0xff, 0xff,
    0xff, 0xff, 0xff, 0xff, 0xff, 0xff, 0xff, 0xff, 0xff, 0xff, 0xff, 0xff, 0xff, 0xff, 0xff, 0xff,
    0xff, 0xff, 0xff, 0xff, 0xff, 0xff, 0xff, 0xff, 0xff, 0xff, 0xff, 0xff, 0xff, 0xff, 0xff, 0xff,
    0xff, 0xff, 0xff, 0xff, 0xff, 0xff, 0xff, 0xff, 0xff, 0xff, 0xff, 0xff, 0xff, 0xff, 0xff, 0xff,
    0xff, 0xff, 0xff, 0xff, 0xff, 0xff, 0xff, 0xff, 0xff, 0xff, 0xff, 0xff, 0xff, 0xff, 0xff, 0xff,
    0xff, 0xff, 0xff, 0xff, 0xff, 0xff, 0xff, 0xff, 0xff, 0xff, 0xff, 0xff, 0xff, 0xff, 0xff, 0xff,
    0xff, 0xff, 0xff, 0xff, 0xff, 0xff, 0xff, 0xff, 0xff, 0xff, 0xff, 0xff, 0xff, 0xff, 0xff, 0xff,
    0xff, 0xff, 0xff, 0xff, 0xff, 0xff, 0xff, 0xff, 0xff, 0xff, 0xff, 0xff, 0xff, 0xff, 0xff, 0xff,
    0xff, 0xff, 0xff, 0xff, 0xff, 0xff, 0xff, 0xff, 0xff, 0xff, 0xff, 0xff, 0xff, 0xff, 0xff, 0xff,
    0xff, 0xff, 0xff, 0xff, 0xff, 0xff, 0xff, 0xff, 0xff, 0xff, 0xff, 0xff, 0xff, 0xff, 0xff, 0xff,
    0xff, 0xff, 0xff, 0xff, 0xff, 0xff, 0xff, 0xff, 0xff, 0xff, 0xff, 0xff, 0xff, 0xff, 0xff, 0xff,
    0xff, 0xff, 0xff, 0xff, 0xff, 0xff, 0xff, 0xff, 0xff, 0xff, 0xff, 0xff, 0xff, 0xff, 0xff, 0xff,
    0xff, 0xff, 0xff, 0xff, 0xff, 0xff, 0xff, 0xff, 0xff, 0xff, 0xff, 0xff, 0xff, 0xff, 0xff, 0xff,
    0xff, 0xff, 0xff, 0xff, 0xff, 0xff, 0xff, 0xff, 0xff, 0xff, 0xff, 0xff, 0xff, 0xff, 0xff, 0xff,
    0xff, 0xff, 0xff, 0xff, 0xff, 0xff, 0xff, 0xff, 0xff, 0xff, 0xff, 0xff, 0xff, 0xff, 0xff, 0xff,
    0xff, 0xff, 0xff, 0xff, 0xff, 0xff, 0xff, 0xff, 0xff, 0xff, 0xff, 0xff, 0xff, 0xff, 0xff, 0xff,
    0xff, 0xff, 0xff, 0xff, 0xff, 0xff, 0xff, 0xff, 0xff, 0xff, 0xff, 0xff, 0xff, 0xff, 0xff, 0xff,
    0xff, 0xff, 0xff, 0xff, 0xff, 0xff, 0xff, 0xff, 0xff, 0xff, 0xff, 0xff, 0xff, 0xff, 0xff, 0xff,
    0xff, 0xff, 0xff, 0xff, 0xff, 0xff, 0xff, 0xff, 0xff, 0xff, 0xff, 0xff, 0xff, 0xff, 0xff, 0xff,
    0xff, 0xff, 0xff, 0xff, 0xff, 0xff, 0xff, 0xff, 0xff, 0xff, 0xff, 0xff, 0xff, 0xff, 0xff, 0xff,
    0xff, 0xff, 0xff, 0xff, 0xff, 0xff, 0xff, 0xff, 0xff, 0xff, 0xff, 0xff, 0xff, 0xff, 0xff, 0xff,
    0xff, 0xff, 0xff, 0xff, 0xff, 0xff, 0xff, 0xff, 0xff, 0xff, 0xff, 0xff, 0xff, 0xff, 0xff, 0xff,
    0xff, 0xff, 0xff, 0xff, 0xff, 0xff, 0xff, 0xff, 0xff, 0xff, 0xff, 0xff, 0xff, 0xff, 0xff, 0xff,
    0xff, 0xff, 0xff, 0xff, 0xff, 0xff, 0xff, 0xff, 0xff, 0xff, 0xff, 0xff, 0xff, 0xff, 0xff, 0xff,
    0xff, 0xff, 0xff, 0xff, 0xff, 0xff, 0xff, 0xff, 0xff, 0xff, 0xff, 0xff, 0xff, 0xff, 0xff, 0xff,
    0xff, 0xff, 0xff, 0xff, 0xff, 0xff, 0xff, 0xff, 0xff, 0xff, 0xff, 0xff, 0xff, 0xff, 0xff, 0xff,
    0xff, 0xff, 0xff, 0xff, 0xff, 0xff, 0xff, 0xff, 0xff, 0xff, 0xff, 0xff, 0xff, 0xff, 0xff, 0xff,
    0xff, 0xff, 0xff, 0xff, 0xff, 0xff, 0xff, 0xff, 0xff, 0xff, 0xff, 0xff, 0xff, 0xff, 0xff, 0xff,
    0xff, 0xff, 0xff, 0xff, 0xff, 0xff, 0xff, 0xff, 0xff, 0xff, 0xff, 0xff, 0xff, 0xff, 0xff, 0xff,
    0xff, 0xff, 0xff, 0xff, 0xff, 0xff, 0xff, 0xff, 0xff, 0xff, 0xff, 0xff, 0xff, 0xff, 0xff, 0xff,
    0xff, 0xff, 0xff, 0xff, 0xff, 0xff, 0xff, 0xff, 0xff, 0xff, 0xff, 0xff, 0xff, 0xff, 0xff, 0xff,
    0xff, 0xff, 0xff, 0xff, 0xff, 0xff, 0xff, 0xff, 0xff, 0xff, 0xff, 0xff, 0xff, 0xff, 0xff, 0xff,
    0xff, 0xff, 0xff, 0xff, 0xff, 0xff, 0xff, 0xff, 0xff, 0xff, 0xff, 0xff, 0xff, 0xff, 0xff, 0xff,
    0xff, 0xff, 0xff, 0xff, 0xff, 0xff, 0xff, 0xff, 0xff, 0xff, 0xff, 0xff, 0xff, 0xff, 0xff, 0xff,
    0xff, 0xff, 0xff, 0xff, 0xff, 0xff, 0xff, 0xff, 0xff, 0xff, 0xff, 0xff, 0xff, 0xff, 0xff, 0xff,
    0xff, 0xff, 0xff, 0xff, 0xff, 0xff, 0xff, 0xff, 0xff, 0xff, 0xff, 0xff, 0xff, 0xff, 0xff, 0xff,
    0xff, 0xff, 0xff, 0xff, 0xff, 0xff, 0xff, 0xff, 0xff, 0xff, 0xff, 0xff, 0xff, 0xff, 0xff, 0xff,
    0xff, 0xff, 0xff, 0xff, 0xff, 0xff, 0xff, 0xff, 0xff, 0xff, 0xff, 0xff, 0xff, 0xff, 0xff, 0xff,
    0xff, 0xff, 0xff, 0xff, 0xff, 0xff, 0xff, 0xff, 0xff, 0xff, 0xff, 0xff, 0xff, 0xff, 0xff, 0xff,
    0xff, 0xff, 0xff, 0xff, 0xff, 0xff, 0xff, 0xff, 0xff, 0xff, 0xff, 0xff, 0xff, 0xff, 0xff, 0xff,
    0xff, 0xff, 0xff, 0xff, 0xff, 0xff, 0xff, 0xff, 0xff, 0xff, 0xff, 0xff, 0xff, 0xff, 0xff, 0xff,
    0xff, 0xff, 0xff, 0xff, 0xff, 0xff, 0xff, 0xff, 0xff, 0xff, 0xff, 0xff, 0xff, 0xff, 0xff, 0xff,
    0xff, 0xff, 0xff, 0xff, 0xff, 0xff, 0xff, 0xff, 0xff, 0xff, 0xff, 0xff, 0xff, 0xff, 0xff, 0xff,
    0xff, 0xff, 0xff, 0xff, 0xff, 0xff, 0xff, 0xff, 0xff, 0xff, 0xff, 0xff, 0xff, 0xff, 0xff, 0xff,
    0xff, 0xff, 0xff, 0xff, 0xff, 0xff, 0xff, 0xff, 0xff, 0xff, 0xff, 0xff, 0xff, 0xff, 0xff, 0xff,
    0xff, 0xff, 0xff, 0xff, 0xff, 0xff, 0xff, 0xff, 0xff, 0xff, 0xff, 0xff, 0xff, 0xff, 0xff, 0xff,
    0xff, 0xff, 0xff, 0xff, 0xff, 0xff, 0xff, 0xff, 0xff, 0xff, 0xff, 0xff, 0xff, 0xff, 0xff, 0xff,
    0xff, 0xff, 0xff, 0xff, 0xff, 0xff, 0xff, 0xff, 0xff, 0xff, 0xff, 0xff, 0xff, 0xff, 0xff, 0xff,
    0xff, 0xff, 0xff, 0xff, 0xff, 0xff, 0xff, 0xff, 0xff, 0xff, 0xff, 0xff, 0xff, 0xff, 0xff, 0xff,
    0xff, 0xff, 0xff, 0xff, 0xff, 0xff, 0xff, 0xff, 0xff, 0xff, 0xff, 0xff, 0xff, 0xff, 0xff, 0xff,
    0xff, 0xff, 0xff, 0xff, 0xff, 0xff, 0xff, 0xff, 0xff, 0xff, 0xff, 0xff, 0xff, 0xff, 0xff, 0xff,
    0xff, 0xff, 0xff, 0xff, 0xff, 0xff, 0xff, 0xff, 0xff, 0xff, 0xff, 0xff, 0xff, 0xff, 0xff, 0xff,
    0xff, 0xff, 0xff, 0xff, 0xff, 0xff, 0xff, 0xff, 0xff, 0xff, 0xff, 0xff, 0xff, 0xff, 0xff, 0xff,
    0xff, 0xff, 0xff, 0xff, 0xff, 0xff, 0xff, 0xff, 0xff, 0xff, 0xff, 0xff, 0xff, 0xff, 0xff, 0xff,
    0xff, 0xff, 0xff, 0xff, 0xff, 0xff, 0xff, 0xff, 0xff, 0xff, 0xff, 0xff, 0xff, 0xff, 0xff, 0xff,
    0xff, 0xff, 0xff, 0xff, 0xff, 0xff, 0xff, 0xff, 0xff, 0xff, 0xff, 0xff, 0xff, 0xff, 0xff, 0xff,
};

const lv_image_dsc_t icon_weather_thunder = {
    .header.magic = LV_IMAGE_HEADER_MAGIC,
    .header.cf    = LV_COLOR_FORMAT_RGB565A8,
    .header.w     = 93,
    .header.h     = 80,
    .header.stride = 186,
    .data_size    = 22320,
    .data         = icon_weather_thunder_map,
};
