/*
 * Auto-generated by tools/svg2lvgl.py — do not edit by hand.
 * Source: C:/Users/Tommi/Documents/Arduino/ESP32-S3_Project/ESP32-8048S043C/KlipperCryptoWeatherPanel/assets/icons/icon_weather_rain.svg
 * Size:   93x80
 * Format: RGB565A8 (planar: RGB565 LE + A8)
 */

#ifdef __has_include
    #if __has_include("lvgl.h")
        #ifndef LV_LVGL_H_INCLUDE_SIMPLE
            #define LV_LVGL_H_INCLUDE_SIMPLE
        #endif
    #endif
#endif

#if defined(LV_LVGL_H_INCLUDE_SIMPLE)
    #include "lvgl.h"
#else
    #include "lvgl/lvgl.h"
#endif

#ifndef LV_ATTRIBUTE_MEM_ALIGN
    #define LV_ATTRIBUTE_MEM_ALIGN
#endif

#ifndef LV_ATTRIBUTE_IMAGE_ICON_WEATHER_RAIN
    #define LV_ATTRIBUTE_IMAGE_ICON_WEATHER_RAIN
#endif

static const LV_ATTRIBUTE_MEM_ALIGN LV_ATTRIBUTE_LARGE_CONST
    LV_ATTRIBUTE_IMAGE_ICON_WEATHER_RAIN uint8_t icon_weather_rain_map[] = {
    0x62, 0x08, 0x62, 0x08, 0x62, 0x08, 0x62, 0x08, 0x62, 0x08, 0x62, 0x08, 0x62, 0x08, 0x62, 0x08,
    0x62, 0x08, 0x62, 0x08, 0x62, 0x08, 0x62, 0x08, 0x62, 0x08, 0x62, 0x08, 0x62, 0x08, 0x62, 0x08,
    0x62, 0x08, 0x62, 0x08, 0x62, 0x08, 0x62, 0x08, 0x62, 0x08, 0x62, 0x08, 0x62, 0x08, 0x62, 0x08,
    0x62, 0x08, 0x62, 0x08, 0x62, 0x08, 0x62, 0x08, 0x62, 0x08, 0x62, 0x08, 0x62, 0x08, 0x62, 0x08,
    0x62, 0x08, 0x62, 0x08, 0x62, 0x08, 0x62, 0x08, 0x62, 0x08, 0x62, 0x08, 0x62, 0x08, 0x62, 0x08,
    0x62, 0x08, 0x62, 0x08, 0x62, 0x08, 0x62, 0x08, 0x62, 0x08, 0x62, 0x08, 0x62, 0x08, 0x62, 0x08,
    0x62, 0x08, 0x62, 0x08, 0x62, 0x08, 0x62, 0x08, 0x62, 0x08, 0x62, 0x08, 0x62, 0x08, 0x62, 0x08,
    0x62, 0x08, 0x62, 0x08, 0x62, 0x08, 0x62, 0x08, 0x62, 0x08, 0x62, 0x08, 0x62, 0x08, 0x62, 0x08,
    0x62, 0x08, 0x62, 0x08, 0x62, 0x08, 0x62, 0x08, 0x62, 0x08, 0x62, 0x08, 0x62, 0x08, 0x62, 0x08,
    0x62, 0x08, 0x62, 0x08, 0x62, 0x08, 0x62, 0x08, 0x62, 0x08, 0x62, 0x08, 0x62, 0x08, 0x62, 0x08,
    0x62, 0x08, 0x62, 0x08, 0x62, 0x08, 0x62, 0x08, 0x62, 0x08, 0x62, 0x08, 0x62, 0x08, 0x62, 0x08,
    0x62, 0x08, 0x62, 0x08, 0x62, 0x08, 0x62, 0x08, 0x62, 0x08, 0x62, 0x08, 0x62, 0x08, 0x62, 0x08,
    0x62, 0x08, 0x62, 0x08, 0x62, 0x08, 0x62, 0x08, 0x62, 0x08, 0x62, 0x08, 0x62, 0x08, 0x62, 0x08,
    0x62, 0x08, 0x62, 0x08, 0x62, 0x08, 0x62, 0x08, 0x62, 0x08, 0x62, 0x08, 0x62, 0x08, 0x62, 0x08,
    0x62, 0x08, 0x62, 0x08, 0x62, 0x08, 0x62, 0x08, 0x62, 0x08, 0x62, 0x08, 0x62, 0x08, 0x62, 0x08,
    0x62, 0x08, 0x62, 0x08, 0x62, 0x08, 0x62, 0x08, 0x62, 0x08, 0x62, 0x08, 0x62, 0x08, 0x62, 0x08,
    0x62, 0x08, 0x62, 0x08, 0x62, 0x08, 0x62, 0x08, 0x62, 0x08, 0x62, 0x08, 0x62, 0x08, 0x62, 0x08,
    0x62, 0x08, 0x62, 0x08, 0x62, 0x08, 0x62, 0x08, 0x62, 0x08, 0x62, 0x08, 0x62, 0x08, 0x62, 0x08,
    0x62, 0x08, 0x62, 0x08, 0x62, 0x08, 0x62, 0x08, 0x62, 0x08, 0x62, 0x08, 0x62, 0x08, 0x62, 0x08,
    0x62, 0x08, 0x62, 0x08, 0x62, 0x08, 0x62, 0x08, 0x62, 0x08, 0x62, 0x08, 0x62, 0x08, 0x62, 0x08,
    0x62, 0x08, 0x62, 0x08, 0x62, 0x08, 0x62, 0x08, 0x62, 0x08, 0x62, 0x08, 0x62, 0x08, 0x62, 0x08,
    0x62, 0x08, 0x62, 0x08, 0x62, 0x08, 0x62, 0x08, 0x62, 0x08, 0x62, 0x08, 0x62, 0x08, 0x62, 0x08,
    0x62, 0x08, 0x62, 0x08, 0x62, 0x08, 0x62, 0x08, 0x62, 0x08, 0x62, 0x08, 0x62, 0x08, 0x62, 0x08,
    0x62, 0x08, 0x62, 0x08, 0x62, 0x08, 0x62, 0x08, 0x62, 0x08, 0x62, 0x08, 0x62, 0x08, 0x62, 0x08,
    0x62, 0x08, 0x62, 0x08, 0x62, 0x08, 0x62, 0x08, 0x62, 0x08, 0x62, 0x08, 0x62, 0x08, 0x62, 0x08,
    0x62, 0x08, 0x62, 0x08, 0x62, 0x08, 0x62, 0x08, 0x62, 0x08, 0x62, 0x08, 0x62, 0x08, 0x62, 0x08,
    0x62, 0x08, 0x62, 0x08, 0x62, 0x08, 0x62, 0x08, 0x62, 0x08, 0x62, 0x08, 0x62, 0x08, 0x62, 0x08,
    0x62, 0x08, 0x62, 0x08, 0x62, 0x08, 0x62, 0x08, 0x62, 0x08, 0x62, 0x08, 0x62, 0x08, 0x62, 0x08,
    0x62, 0x08, 0x62, 0x08, 0x62, 0x08, 0x62, 0x08, 0x62, 0x08, 0x62, 0x08, 0x62, 0x08, 0x62, 0x08,
    0x62, 0x08, 0x62, 0x08, 0x62, 0x08, 0x62, 0x08, 0x62, 0x08, 0x62, 0x08, 0x62, 0x08, 0x62, 0x08,
    0x62, 0x08, 0x62, 0x08, 0x62, 0x08, 0x62, 0x08, 0x62, 0x08, 0x62, 0x08, 0x62, 0x08, 0x62, 0x08,
    0x62, 0x08, 0x62, 0x08, 0x62, 0x08, 0x62, 0x08, 0x62, 0x08, 0x62, 0x08, 0x62, 0x08, 0x62, 0x08,
    0x62, 0x08, 0x62, 0x08, 0x62, 0x08, 0x62, 0x08, 0x62, 0x08, 0x62, 0x08, 0x62, 0x08, 0x62, 0x08,
    0x62, 0x08, 0x62, 0x08, 0x62, 0x08, 0x62, 0x08, 0x62, 0x08, 0x62, 0x08, 0x62, 0x08, 0x62, 0x08,
    0x62, 0x08, 0x62, 0x08, 0x62, 0x08, 0x62, 0x08, 0x62, 0x08, 0x62, 0x08, 0x62, 0x08, 0x62, 0x08,
    0x62, 0x08, 0x62, 0x08, 0x62, 0x08, 0x62, 0x08, 0x62, 0x08, 0x62, 0x08, 0x62, 0x08, 0x62, 0x08,
    0x62, 0x08, 0x62, 0x08, 0x62, 0x08, 0x62, 0x08, 0x62, 0x08, 0x62, 0x08, 0x62, 0x08, 0x62, 0x08,
    0x62, 0x08, 0x62, 0x08, 0x62, 0x08, 0x62, 0x08, 0x62, 0x08, 0x62, 0x08, 0x62, 0x08, 0x62, 0x08,
    0x62, 0x08, 0x62, 0x08, 0x62, 0x08, 0x62, 0x08, 0x62, 0x08, 0x62, 0x08, 0x62, 0x08, 0x62, 0x08,
    0x62, 0x08, 0x62, 0x08, 0x62, 0x08, 0x05, 0x19, 0x8b, 0x4a, 0xf1, 0x73, 0xb4, 0x8c, 0xb4, 0x8c,
    0x77, 0xa5, 0x3a, 0xbe, 0x3a, 0xbe, 0xd8, 0xad, 0xb4, 0x8c, 0xb4, 0x8c, 0xf1, 0x73, 0xec, 0x52,
    0x66, 0x29, 0x62, 0x08, 0x62, 0x08, 0x62, 0x08, 0x62, 0x08, 0x62, 0x08, 0x62, 0x08, 0x62, 0x08,
    0x62, 0x08, 0x62, 0x08, 0x62, 0x08, 0x62, 0x08, 0x62, 0x08, 0x62, 0x08, 0x62, 0x08, 0x62, 0x08,
    0x62, 0x08, 0x62, 0x08, 0x62, 0x08, 0x62, 0x08, 0x62, 0x08, 0x62, 0x08, 0x62, 0x08, 0x62, 0x08,
    0x62, 0x08, 0x62, 0x08, 0x62, 0x08, 0x62, 0x08, 0x62, 0x08, 0x62, 0x08, 0x62, 0x08, 0x62, 0x08,
    0x62, 0x08, 0x62, 0x08, 0x62, 0x08, 0x62, 0x08, 0x62, 0x08, 0x62, 0x08, 0x62, 0x08, 0x62, 0x08,
    0x62, 0x08, 0x62, 0x08, 0x62, 0x08, 0x62, 0x08, 0x62, 0x08, 0x62, 0x08, 0x62, 0x08, 0x62, 0x08,
    0x62, 0x08, 0x62, 0x08, 0x62, 0x08, 0x62, 0x08, 0x62, 0x08, 0x62, 0x08, 0x62, 0x08, 0x62, 0x08,
    0x62, 0x08, 0x62, 0x08, 0x62, 0x08, 0x62, 0x08, 0x62, 0x08, 0x62, 0x08, 0x62, 0x08, 0x62, 0x08,
    0x62, 0x08, 0x62, 0x08, 0x62, 0x08, 0x62, 0x08, 0x62, 0x08, 0x62, 0x08, 0x62, 0x08, 0x62, 0x08,
    0x62, 0x08, 0x62, 0x08, 0x62, 0x08, 0x62, 0x08, 0x62, 0x08, 0x05, 0x19, 0x8f, 0x6b, 0x77, 0xa5,
    0x3a, 0xbe, 0x3a, 0xbe, 0x3a, 0xbe, 0x3a, 0xbe, 0x3a, 0xbe, 0x3a, 0xbe, 0x3a, 0xbe, 0x3a, 0xbe,
    0x3a, 0xbe, 0x3a, 0xbe, 0x3a, 0xbe, 0x3a, 0xbe, 0x3a, 0xbe, 0x3a, 0xbe, 0x3a, 0xbe, 0x52, 0x84,
    0x29, 0x3a, 0x62, 0x08, 0x62, 0x08, 0x62, 0x08, 0x62, 0x08, 0x62, 0x08, 0x62, 0x08, 0x62, 0x08,
    0x62, 0x08, 0x62, 0x08, 0x62, 0x08, 0x62, 0x08, 0x62, 0x08, 0x62, 0x08, 0x62, 0x08, 0x62, 0x08,
    0x62, 0x08, 0x62, 0x08, 0x62, 0x08, 0x62, 0x08, 0x62, 0x08, 0x62, 0x08, 0x62, 0x08, 0x62, 0x08,
    0x62, 0x08, 0x62, 0x08, 0x62, 0x08, 0x62, 0x08, 0x62, 0x08, 0x62, 0x08, 0x62, 0x08, 0x62, 0x08,
    0x62, 0x08, 0x62, 0x08, 0x62, 0x08, 0x62, 0x08, 0x62, 0x08, 0x62, 0x08, 0x62, 0x08, 0x62, 0x08,
    0x62, 0x08, 0x62, 0x08, 0x62, 0x08, 0x62, 0x08, 0x62, 0x08, 0x62, 0x08, 0x62, 0x08, 0x62, 0x08,
    0x62, 0x08, 0x62, 0x08, 0x62, 0x08, 0x62, 0x08, 0x62, 0x08, 0x62, 0x08, 0x62, 0x08, 0x62, 0x08,
    0x62, 0x08, 0x62, 0x08, 0x62, 0x08, 0x62, 0x08, 0x62, 0x08, 0x62, 0x08, 0x62, 0x08, 0x62, 0x08,
    0x62, 0x08, 0x62, 0x08, 0x62, 0x08, 0x62, 0x08, 0x62, 0x08, 0x62, 0x08, 0x62, 0x08, 0x62, 0x08,
    0xc8, 0x31, 0xb4, 0x8c, 0x3a, 0xbe, 0x3a, 0xbe, 0x3a, 0xbe, 0x3a, 0xbe, 0x3a, 0xbe, 0x3a, 0xbe,
    0x3a, 0xbe, 0x3a, 0xbe, 0x3a, 0xbe, 0x3a, 0xbe, 0x3a, 0xbe, 0x3a, 0xbe, 0x3a, 0xbe, 0x3a, 0xbe,
    0x3a, 0xbe, 0x3a, 0xbe, 0x3a, 0xbe, 0x3a, 0xbe, 0x3a, 0xbe, 0x3a, 0xbe, 0xd8, 0xad, 0x8f, 0x6b,
    0xc3, 0x10, 0x62, 0x08, 0x62, 0x08, 0x62, 0x08, 0x62, 0x08, 0x62, 0x08, 0x62, 0x08, 0x62, 0x08,
    0x62, 0x08, 0x62, 0x08, 0x62, 0x08, 0x62, 0x08, 0x62, 0x08, 0x62, 0x08, 0x62, 0x08, 0x62, 0x08,
    0x62, 0x08, 0x62, 0x08, 0x62, 0x08, 0x62, 0x08, 0x62, 0x08, 0x62, 0x08, 0x62, 0x08, 0x62, 0x08,
    0x62, 0x08, 0x62, 0x08, 0x62, 0x08, 0x62, 0x08, 0x62, 0x08, 0x62, 0x08, 0x62, 0x08, 0x62, 0x08,
    0x62, 0x08, 0x62, 0x08, 0x62, 0x08, 0x62, 0x08, 0x62, 0x08, 0x62, 0x08, 0x62, 0x08, 0x62, 0x08,
    0x62, 0x08, 0x62, 0x08, 0x62, 0x08, 0x62, 0x08, 0x62, 0x08, 0x62, 0x08, 0x62, 0x08, 0x62, 0x08,
    0x62, 0x08, 0x62, 0x08, 0x62, 0x08, 0x62, 0x08, 0x62, 0x08, 0x62, 0x08, 0x62, 0x08, 0x62, 0x08,
    0x62, 0x08, 0x62, 0x08, 0x62, 0x08, 0x62, 0x08, 0x62, 0x08, 0x62, 0x08, 0x62, 0x08, 0x62, 0x08,
    0x62, 0x08, 0x62, 0x08, 0x62, 0x08, 0x66, 0x29, 0x15, 0x95, 0x3a, 0xbe, 0x3a, 0xbe, 0x3a, 0xbe,
    0x3a, 0xbe, 0x3a, 0xbe, 0x3a, 0xbe, 0x3a, 0xbe, 0x3a, 0xbe, 0x3a, 0xbe, 0x3a, 0xbe, 0x3a, 0xbe,
    0x3a, 0xbe, 0x3a, 0xbe, 0x3a, 0xbe, 0x3a, 0xbe, 0x3a, 0xbe, 0x3a, 0xbe, 0x3a, 0xbe, 0x3a, 0xbe,
    0x3a, 0xbe, 0x3a, 0xbe, 0x3a, 0xbe, 0x3a, 0xbe, 0x3a, 0xbe, 0xd8, 0xad, 0x4e, 0x63, 0xc3, 0x10,
    0x62, 0x08, 0x62, 0x08, 0x62, 0x08, 0x62, 0x08, 0x62, 0x08, 0x62, 0x08, 0x62, 0x08, 0x62, 0x08,
    0x62, 0x08, 0x62, 0x08, 0x62, 0x08, 0x62, 0x08, 0x62, 0x08, 0x62, 0x08, 0x62, 0x08, 0x62, 0x08,
    0x62, 0x08, 0x62, 0x08, 0x62, 0x08, 0x62, 0x08, 0x62, 0x08, 0x62, 0x08, 0x62, 0x08, 0x62, 0x08,
    0x62, 0x08, 0x62, 0x08, 0x62, 0x08, 0x62, 0x08, 0x62, 0x08, 0x62, 0x08, 0x62, 0x08, 0x62, 0x08,
    0x62, 0x08, 0x62, 0x08, 0x62, 0x08, 0x62, 0x08, 0x62, 0x08, 0x62, 0x08, 0x62, 0x08, 0x62, 0x08,
    0x62, 0x08, 0x62, 0x08, 0x62, 0x08, 0x62, 0x08, 0x62, 0x08, 0x62, 0x08, 0x62, 0x08, 0x62, 0x08,
    0x62, 0x08, 0x62, 0x08, 0x62, 0x08, 0x62, 0x08, 0x62, 0x08, 0x62, 0x08, 0x62, 0x08, 0x62, 0x08,
    0x62, 0x08, 0x62, 0x08, 0x62, 0x08, 0x62, 0x08, 0x62, 0x08, 0x62, 0x08, 0x62, 0x08, 0x4e, 0x63,
    0x3a, 0xbe, 0x3a, 0xbe, 0x3a, 0xbe, 0x3a, 0xbe, 0x3a, 0xbe, 0x3a, 0xbe, 0x3a, 0xbe, 0x3a, 0xbe,
    0x3a, 0xbe, 0x3a, 0xbe, 0x3a, 0xbe, 0x3a, 0xbe, 0x3a, 0xbe, 0x3a, 0xbe, 0x3a, 0xbe, 0x3a, 0xbe,
    0x3a, 0xbe, 0x3a, 0xbe, 0x3a, 0xbe, 0x3a, 0xbe, 0x3a, 0xbe, 0x3a, 0xbe, 0x3a, 0xbe, 0x3a, 0xbe,
    0x3a, 0xbe, 0x3a, 0xbe, 0x3a, 0xbe, 0x3a, 0xbe, 0x77, 0xa5, 0xc8, 0x31, 0x62, 0x08, 0x62, 0x08,
    0x62, 0x08, 0x62, 0x08, 0x62, 0x08, 0x62, 0x08, 0x62, 0x08, 0x62, 0x08, 0x62, 0x08, 0x62, 0x08,
    0x62, 0x08, 0x62, 0x08, 0x62, 0x08, 0x62, 0x08, 0x62, 0x08, 0x62, 0x08, 0x62, 0x08, 0x62, 0x08,
    0x62, 0x08, 0x62, 0x08, 0x62, 0x08, 0x62, 0x08, 0x62, 0x08, 0x62, 0x08, 0x62, 0x08, 0x62, 0x08,
    0x62, 0x08, 0x62, 0x08, 0x62, 0x08, 0x62, 0x08, 0x62, 0x08, 0x62, 0x08, 0x62, 0x08, 0x62, 0x08,
    0x62, 0x08, 0x62, 0x08, 0x62, 0x08, 0x62, 0x08, 0x62, 0x08, 0x62, 0x08, 0x62, 0x08, 0x62, 0x08,
    0x62, 0x08, 0x62, 0x08, 0x62, 0x08, 0x62, 0x08, 0x62, 0x08, 0x62, 0x08, 0x62, 0x08, 0x62, 0x08,
    0x62, 0x08, 0x62, 0x08, 0x62, 0x08, 0x62, 0x08, 0x62, 0x08, 0x62, 0x08, 0x62, 0x08, 0x62, 0x08,
    0x62, 0x08, 0x62, 0x08, 0x66, 0x29, 0x77, 0xa5, 0x3a, 0xbe, 0x3a, 0xbe, 0x3a, 0xbe, 0x3a, 0xbe,
    0x3a, 0xbe, 0x3a, 0xbe, 0x3a, 0xbe, 0x3a, 0xbe, 0x3a, 0xbe, 0x3a, 0xbe, 0x3a, 0xbe, 0x3a, 0xbe,
    0x3a, 0xbe, 0x3a, 0xbe, 0x3a, 0xbe, 0x3a, 0xbe, 0x3a, 0xbe, 0x3a, 0xbe, 0x3a, 0xbe, 0x3a, 0xbe,
    0x3a, 0xbe, 0x3a, 0xbe, 0x3a, 0xbe, 0x3a, 0xbe, 0x3a, 0xbe, 0x3a, 0xbe, 0x3a, 0xbe, 0x3a, 0xbe,
    0x3a, 0xbe, 0x3a, 0xbe, 0x3a, 0xbe, 0x4e, 0x63, 0x62, 0x08, 0x62, 0x08, 0x62, 0x08, 0x62, 0x08,
    0x62, 0x08, 0x62, 0x08, 0x62, 0x08, 0x62, 0x08, 0x62, 0x08, 0x62, 0x08, 0x62, 0x08, 0x62, 0x08,
    0x62, 0x08, 0x62, 0x08, 0x62, 0x08, 0x62, 0x08, 0x62, 0x08, 0x62, 0x08, 0x62, 0x08, 0x62, 0x08,
    0x62, 0x08, 0x62, 0x08, 0x62, 0x08, 0x62, 0x08, 0x62, 0x08, 0x62, 0x08, 0x62, 0x08, 0x62, 0x08,
    0x62, 0x08, 0x62, 0x08, 0x62, 0x08, 0x62, 0x08, 0x62, 0x08, 0x62, 0x08, 0x62, 0x08, 0x62, 0x08,
    0x62, 0x08, 0x62, 0x08, 0x62, 0x08, 0x62, 0x08, 0x62, 0x08, 0x62, 0x08, 0x62, 0x08, 0x62, 0x08,
    0x62, 0x08, 0x62, 0x08, 0x62, 0x08, 0x62, 0x08, 0x62, 0x08, 0x62, 0x08, 0x62, 0x08, 0x62, 0x08,
    0x62, 0x08, 0x62, 0x08, 0x62, 0x08, 0x62, 0x08, 0x62, 0x08, 0x62, 0x08, 0x66, 0x29, 0xd8, 0xad,
    0x3a, 0xbe, 0x3a, 0xbe, 0x3a, 0xbe, 0x3a, 0xbe, 0x3a, 0xbe, 0x3a, 0xbe, 0x3a, 0xbe, 0x3a, 0xbe,
    0x3a, 0xbe, 0x3a, 0xbe, 0x3a, 0xbe, 0x3a, 0xbe, 0x3a, 0xbe, 0x3a, 0xbe, 0x3a, 0xbe, 0x3a, 0xbe,
    0x3a, 0xbe, 0x3a, 0xbe, 0x3a, 0xbe, 0x3a, 0xbe, 0x3a, 0xbe, 0x3a, 0xbe, 0x3a, 0xbe, 0x3a, 0xbe,
    0x3a, 0xbe, 0x3a, 0xbe, 0x3a, 0xbe, 0x3a, 0xbe, 0x3a, 0xbe, 0x3a, 0xbe, 0x3a, 0xbe, 0x3a, 0xbe,
    0x3a, 0xbe, 0xb4, 0x8c, 0xc3, 0x10, 0x62, 0x08, 0x62, 0x08, 0x62, 0x08, 0x62, 0x08, 0x62, 0x08,
    0x62, 0x08, 0x62, 0x08, 0x62, 0x08, 0x62, 0x08, 0x62, 0x08, 0x62, 0x08, 0x62, 0x08, 0x62, 0x08,
    0x62, 0x08, 0x62, 0x08, 0x62, 0x08, 0x62, 0x08, 0x62, 0x08, 0x62, 0x08, 0x62, 0x08, 0x62, 0x08,
    0x62, 0x08, 0x62, 0x08, 0x62, 0x08, 0x62, 0x08, 0x62, 0x08, 0x62, 0x08, 0x62, 0x08, 0x62, 0x08,
    0x62, 0x08, 0x62, 0x08, 0x62, 0x08, 0x62, 0x08, 0x62, 0x08, 0x62, 0x08, 0x62, 0x08, 0x62, 0x08,
    0x62, 0x08, 0x62, 0x08, 0x62, 0x08, 0x62, 0x08, 0x62, 0x08, 0x62, 0x08, 0x62, 0x08, 0x62, 0x08,
    0x62, 0x08, 0x62, 0x08, 0x62, 0x08, 0x62, 0x08, 0x62, 0x08, 0x62, 0x08, 0x62, 0x08, 0x62, 0x08,
    0x62, 0x08, 0x62, 0x08, 0xc8, 0x31, 0xd8, 0xad, 0x3a, 0xbe, 0x3a, 0xbe, 0x3a, 0xbe, 0x3a, 0xbe,
    0x3a, 0xbe, 0x3a, 0xbe, 0x3a, 0xbe, 0x3a, 0xbe, 0x3a, 0xbe, 0x3a, 0xbe, 0x3a, 0xbe, 0x3a, 0xbe,
    0x3a, 0xbe, 0x3a, 0xbe, 0x3a, 0xbe, 0x3a, 0xbe, 0x3a, 0xbe, 0x3a, 0xbe, 0x3a, 0xbe, 0x3a, 0xbe,
    0x3a, 0xbe, 0x3a, 0xbe, 0x3a, 0xbe, 0x3a, 0xbe, 0x3a, 0xbe, 0x3a, 0xbe, 0x3a, 0xbe, 0x3a, 0xbe,
    0x3a, 0xbe, 0x3a, 0xbe, 0x3a, 0xbe, 0x3a, 0xbe, 0x3a, 0xbe, 0x3a, 0xbe, 0x3a, 0xbe, 0x15, 0x95,
    0xc3, 0x10, 0x62, 0x08, 0x62, 0x08, 0x62, 0x08, 0x62, 0x08, 0x62, 0x08, 0x62, 0x08, 0x62, 0x08,
    0x62, 0x08, 0x62, 0x08, 0x62, 0x08, 0x62, 0x08, 0x62, 0x08, 0x62, 0x08, 0x62, 0x08, 0x62, 0x08,
    0x62, 0x08, 0x62, 0x08, 0x62, 0x08, 0x62, 0x08, 0x62, 0x08, 0x62, 0x08, 0x62, 0x08, 0x62, 0x08,
    0x62, 0x08, 0x62, 0x08, 0x62, 0x08, 0x62, 0x08, 0x62, 0x08, 0x62, 0x08, 0x62, 0x08, 0x62, 0x08,
    0x62, 0x08, 0x62, 0x08, 0x62, 0x08, 0x62, 0x08, 0x62, 0x08, 0x62, 0x08, 0x62, 0x08, 0x62, 0x08,
    0x62, 0x08, 0x62, 0x08, 0x62, 0x08, 0x62, 0x08, 0x62, 0x08, 0x62, 0x08, 0x62, 0x08, 0x62, 0x08,
    0x62, 0x08, 0x62, 0x08, 0x62, 0x08, 0x62, 0x08, 0x62, 0x08, 0x62, 0x08, 0x66, 0x29, 0x3a, 0xbe,
    0x3a, 0xbe, 0x3a, 0xbe, 0x3a, 0xbe, 0x3a, 0xbe, 0x3a, 0xbe, 0x3a, 0xbe, 0x3a, 0xbe, 0x3a, 0xbe,
    0x3a, 0xbe, 0x3a, 0xbe, 0x3a, 0xbe, 0x3a, 0xbe, 0x3a, 0xbe, 0x3a, 0xbe, 0x3a, 0xbe, 0x3a, 0xbe,
    0x3a, 0xbe, 0x3a, 0xbe, 0x3a, 0xbe, 0x3a, 0xbe, 0x3a, 0xbe, 0x3a, 0xbe, 0x3a, 0xbe, 0x3a, 0xbe,
    0x3a, 0xbe, 0x3a, 0xbe, 0x3a, 0xbe, 0x3a, 0xbe, 0x3a, 0xbe, 0x3a, 0xbe, 0x3a, 0xbe, 0x3a, 0xbe,
    0x3a, 0xbe, 0x3a, 0xbe, 0x3a, 0xbe, 0x3a, 0xbe, 0x3a, 0xbe, 0x15, 0x95, 0x62, 0x08, 0x62, 0x08,
    0x62, 0x08, 0x62, 0x08, 0x62, 0x08, 0x62, 0x08, 0x62, 0x08, 0x62, 0x08, 0x62, 0x08, 0x62, 0x08,
    0x62, 0x08, 0x62, 0x08, 0x62, 0x08, 0x62, 0x08, 0x62, 0x08, 0x62, 0x08, 0x62, 0x08, 0x62, 0x08,
    0x62, 0x08, 0x62, 0x08, 0x62, 0x08, 0x62, 0x08, 0x62, 0x08, 0x62, 0x08, 0x62, 0x08, 0x62, 0x08,
    0x62, 0x08, 0x62, 0x08, 0x62, 0x08, 0x62, 0x08, 0x62, 0x08, 0x62, 0x08, 0x62, 0x08, 0x62, 0x08,
    0x62, 0x08, 0x62, 0x08, 0x62, 0x08, 0x62, 0x08, 0x62, 0x08, 0x62, 0x08, 0x62, 0x08, 0x62, 0x08,
    0x62, 0x08, 0x62, 0x08, 0x62, 0x08, 0x62, 0x08, 0x62, 0x08, 0x62, 0x08, 0x62, 0x08, 0x62, 0x08,
    0x62, 0x08, 0x62, 0x08, 0xc3, 0x10, 0xd8, 0xad, 0x3a, 0xbe, 0x3a, 0xbe, 0x3a, 0xbe, 0x3a, 0xbe,
    0x3a, 0xbe, 0x3a, 0xbe, 0x3a, 0xbe, 0x3a, 0xbe, 0x3a, 0xbe, 0x3a, 0xbe, 0x3a, 0xbe, 0x3a, 0xbe,
    0x3a, 0xbe, 0x3a, 0xbe, 0x3a, 0xbe, 0x3a, 0xbe, 0x3a, 0xbe, 0x3a, 0xbe, 0x3a, 0xbe, 0x3a, 0xbe,
    0x3a, 0xbe, 0x3a, 0xbe, 0x3a, 0xbe, 0x3a, 0xbe, 0x3a, 0xbe, 0x3a, 0xbe, 0x3a, 0xbe, 0x3a, 0xbe,
    0x3a, 0xbe, 0x3a, 0xbe, 0x3a, 0xbe, 0x3a, 0xbe, 0x3a, 0xbe, 0x3a, 0xbe, 0x3a, 0xbe, 0x3a, 0xbe,
    0x3a, 0xbe, 0x3a, 0xbe, 0x3a, 0xbe, 0xaf, 0x6b, 0x62, 0x08, 0x62, 0x08, 0x62, 0x08, 0x62, 0x08,
    0x62, 0x08, 0x62, 0x08, 0x62, 0x08, 0x62, 0x08, 0x62, 0x08, 0x62, 0x08, 0x62, 0x08, 0x62, 0x08,
    0x62, 0x08, 0x62, 0x08, 0x62, 0x08, 0x62, 0x08, 0x62, 0x08, 0x62, 0x08, 0x62, 0x08, 0x62, 0x08,
    0x62, 0x08, 0x62, 0x08, 0x62, 0x08, 0x62, 0x08, 0x62, 0x08, 0x62, 0x08, 0x62, 0x08, 0x62, 0x08,
    0x62, 0x08, 0x62, 0x08, 0x62, 0x08, 0x62, 0x08, 0x62, 0x08, 0x62, 0x08, 0x62, 0x08, 0x62, 0x08,
    0x62, 0x08, 0x62, 0x08, 0x62, 0x08, 0x62, 0x08, 0x62, 0x08, 0x62, 0x08, 0x62, 0x08, 0x62, 0x08,
    0x62, 0x08, 0x62, 0x08, 0x62, 0x08, 0x62, 0x08, 0x62, 0x08, 0x62, 0x08, 0x62, 0x08, 0x15, 0x95,
    0x3a, 0xbe, 0x3a, 0xbe, 0x3a, 0xbe, 0x3a, 0xbe, 0x3a, 0xbe, 0x3a, 0xbe, 0x3a, 0xbe, 0x3a, 0xbe,
    0x3a, 0xbe, 0x3a, 0xbe, 0x3a, 0xbe, 0x3a, 0xbe, 0x3a, 0xbe, 0x3a, 0xbe, 0x3a, 0xbe, 0x3a, 0xbe,
    0x3a, 0xbe, 0x3a, 0xbe, 0x3a, 0xbe, 0x3a, 0xbe, 0x3a, 0xbe, 0x3a, 0xbe, 0x3a, 0xbe, 0x3a, 0xbe,
    0x3a, 0xbe, 0x3a, 0xbe, 0x3a, 0xbe, 0x3a, 0xbe, 0x3a, 0xbe, 0x3a, 0xbe, 0x3a, 0xbe, 0x3a, 0xbe,
    0x3a, 0xbe, 0x3a, 0xbe, 0x3a, 0xbe, 0x3a, 0xbe, 0x3a, 0xbe, 0x3a, 0xbe, 0x3a, 0xbe, 0x3a, 0xbe,
    0x3a, 0xbe, 0x29, 0x3a, 0x62, 0x08, 0x62, 0x08, 0x62, 0x08, 0x62, 0x08, 0x62, 0x08, 0x62, 0x08,
    0x62, 0x08, 0x62, 0x08, 0x62, 0x08, 0x62, 0x08, 0x62, 0x08, 0x62, 0x08, 0x62, 0x08, 0x62, 0x08,
    0x62, 0x08, 0x62, 0x08, 0x62, 0x08, 0x62, 0x08, 0x62, 0x08, 0x62, 0x08, 0x62, 0x08, 0x62, 0x08,
    0x62, 0x08, 0x62, 0x08, 0x62, 0x08, 0x62, 0x08, 0x62, 0x08, 0x62, 0x08, 0x62, 0x08, 0x62, 0x08,
    0x62, 0x08, 0x62, 0x08, 0x62, 0x08, 0x62, 0x08, 0x62, 0x08, 0x62, 0x08, 0x62, 0x08, 0x62, 0x08,
    0x62, 0x08, 0x62, 0x08, 0x62, 0x08, 0x62, 0x08, 0x62, 0x08, 0x62, 0x08, 0x62, 0x08, 0x62, 0x08,
    0x62, 0x08, 0x62, 0x08, 0x62, 0x08, 0xaf, 0x6b, 0x3a, 0xbe, 0x3a, 0xbe, 0x3a, 0xbe, 0x3a, 0xbe,
    0x3a, 0xbe, 0x3a, 0xbe, 0x3a, 0xbe, 0x3a, 0xbe, 0x3a, 0xbe, 0x3a, 0xbe, 0x3a, 0xbe, 0x3a, 0xbe,
    0x3a, 0xbe, 0x3a, 0xbe, 0x3a, 0xbe, 0x3a, 0xbe, 0x3a, 0xbe, 0x3a, 0xbe, 0x3a, 0xbe, 0x3a, 0xbe,
    0x3a, 0xbe, 0x3a, 0xbe, 0x3a, 0xbe, 0x3a, 0xbe, 0x3a, 0xbe, 0x3a, 0xbe, 0x3a, 0xbe, 0x3a, 0xbe,
    0x3a, 0xbe, 0x3a, 0xbe, 0x3a, 0xbe, 0x3a, 0xbe, 0x3a, 0xbe, 0x3a, 0xbe, 0x3a, 0xbe, 0x3a, 0xbe,
    0x3a, 0xbe, 0x3a, 0xbe, 0x3a, 0xbe, 0x3a, 0xbe, 0x3a, 0xbe, 0x3a, 0xbe, 0xd8, 0xad, 0x05, 0x19,
    0x62, 0x08, 0x62, 0x08, 0x62, 0x08, 0x62, 0x08, 0x62, 0x08, 0x62, 0x08, 0x62, 0x08, 0x62, 0x08,
    0x62, 0x08, 0x62, 0x08, 0x62, 0x08, 0x62, 0x08, 0x62, 0x08, 0x62, 0x08, 0x62, 0x08, 0x62, 0x08,
    0x62, 0x08, 0x62, 0x08, 0x62, 0x08, 0x62, 0x08, 0x62, 0x08, 0x62, 0x08, 0x62, 0x08, 0x62, 0x08,
    0x62, 0x08, 0x62, 0x08, 0x62, 0x08, 0x62, 0x08, 0x62, 0x08, 0x62, 0x08, 0x62, 0x08, 0x62, 0x08,
    0x62, 0x08, 0x62, 0x08, 0x62, 0x08, 0x62, 0x08, 0x62, 0x08, 0x62, 0x08, 0x62, 0x08, 0x62, 0x08,
    0x62, 0x08, 0x62, 0x08, 0x62, 0x08, 0x62, 0x08, 0x62, 0x08, 0x62, 0x08, 0x62, 0x08, 0x05, 0x19,
    0x3a, 0xbe, 0x3a, 0xbe, 0x3a, 0xbe, 0x3a, 0xbe, 0x3a, 0xbe, 0x3a, 0xbe, 0x3a, 0xbe, 0x3a, 0xbe,
    0x3a, 0xbe, 0x3a, 0xbe, 0x3a, 0xbe, 0x3a, 0xbe, 0x3a, 0xbe, 0x3a, 0xbe, 0x3a, 0xbe, 0x3a, 0xbe,
    0x3a, 0xbe, 0x3a, 0xbe, 0x3a, 0xbe, 0x3a, 0xbe, 0x3a, 0xbe, 0x3a, 0xbe, 0x3a, 0xbe, 0x3a, 0xbe,
    0x3a, 0xbe, 0x3a, 0xbe, 0x3a, 0xbe, 0x3a, 0xbe, 0x3a, 0xbe, 0x3a, 0xbe, 0x3a, 0xbe, 0x3a, 0xbe,
    0x3a, 0xbe, 0x3a, 0xbe, 0x3a, 0xbe, 0x3a, 0xbe, 0x3a, 0xbe, 0x3a, 0xbe, 0x3a, 0xbe, 0x3a, 0xbe,
    0x3a, 0xbe, 0x3a, 0xbe, 0x3a, 0xbe, 0x3a, 0xbe, 0xf1, 0x73, 0x62, 0x08, 0x62, 0x08, 0x62, 0x08,
    0x62, 0x08, 0x62, 0x08, 0x62, 0x08, 0x62, 0x08, 0x62, 0x08, 0x62, 0x08, 0x62, 0x08, 0x62, 0x08,
    0x62, 0x08, 0x62, 0x08, 0x62, 0x08, 0x62, 0x08, 0x62, 0x08, 0x62, 0x08, 0x62, 0x08, 0x62, 0x08,
    0x62, 0x08, 0x62, 0x08, 0x62, 0x08, 0x62, 0x08, 0x62, 0x08, 0x62, 0x08, 0x62, 0x08, 0x62, 0x08,
    0x62, 0x08, 0x62, 0x08, 0x62, 0x08, 0x62, 0x08, 0x62, 0x08, 0x62, 0x08, 0x62, 0x08, 0x62, 0x08,
    0x62, 0x08, 0x62, 0x08, 0x62, 0x08, 0x62, 0x08, 0x62, 0x08, 0x62, 0x08, 0x62, 0x08, 0x62, 0x08,
    0x62, 0x08, 0x62, 0x08, 0x62, 0x08, 0x62, 0x08, 0xb4, 0x8c, 0x3a, 0xbe, 0x3a, 0xbe, 0x3a, 0xbe,
    0x3a, 0xbe, 0x3a, 0xbe, 0x3a, 0xbe, 0x3a, 0xbe, 0x3a, 0xbe, 0x3a, 0xbe, 0x3a, 0xbe, 0x3a, 0xbe,
    0x3a, 0xbe, 0x3a, 0xbe, 0x3a, 0xbe, 0x3a, 0xbe, 0x3a, 0xbe, 0x3a, 0xbe, 0x3a, 0xbe, 0x3a, 0xbe,
    0x3a, 0xbe, 0x3a, 0xbe, 0x3a, 0xbe, 0x3a, 0xbe, 0x3a, 0xbe, 0x3a, 0xbe, 0x3a, 0xbe, 0x3a, 0xbe,
    0x3a, 0xbe, 0x3a, 0xbe, 0x3a, 0xbe, 0x3a, 0xbe, 0x3a, 0xbe, 0x3a, 0xbe, 0x3a, 0xbe, 0x3a, 0xbe,
    0x3a, 0xbe, 0x3a, 0xbe, 0x3a, 0xbe, 0x3a, 0xbe, 0x3a, 0xbe, 0x3a, 0xbe, 0x3a, 0xbe, 0x3a, 0xbe,
    0x3a, 0xbe, 0x3a, 0xbe, 0xc8, 0x31, 0x62, 0x08, 0x62, 0x08, 0x62, 0x08, 0x62, 0x08, 0x62, 0x08,
    0x62, 0x08, 0x62, 0x08, 0x62, 0x08, 0x62, 0x08, 0x62, 0x08, 0x62, 0x08, 0x62, 0x08, 0x62, 0x08,
    0x62, 0x08, 0x62, 0x08, 0x62, 0x08, 0x62, 0x08, 0x62, 0x08, 0x62, 0x08, 0x62, 0x08, 0x62, 0x08,
    0x62, 0x08, 0x62, 0x08, 0x62, 0x08, 0x62, 0x08, 0x62, 0x08, 0x62, 0x08, 0x62, 0x08, 0x62, 0x08,
    0x62, 0x08, 0x62, 0x08, 0x62, 0x08, 0x62, 0x08, 0x62, 0x08, 0x62, 0x08, 0x62, 0x08, 0x62, 0x08,
    0x62, 0x08, 0x62, 0x08, 0x62, 0x08, 0x62, 0x08, 0x62, 0x08, 0x62, 0x08, 0x62, 0x08, 0x62, 0x08,
    0xc8, 0x31, 0x3a, 0xbe, 0x3a, 0xbe, 0x3a, 0xbe, 0x3a, 0xbe, 0x3a, 0xbe, 0x3a, 0xbe, 0x3a, 0xbe,
    0x3a, 0xbe, 0x3a, 0xbe, 0x3a, 0xbe, 0x3a, 0xbe, 0x3a, 0xbe, 0x3a, 0xbe, 0x3a, 0xbe, 0x3a, 0xbe,
    0x3a, 0xbe, 0x3a, 0xbe, 0x3a, 0xbe, 0x3a, 0xbe, 0x3a, 0xbe, 0x3a, 0xbe, 0x3a, 0xbe, 0x3a, 0xbe,
    0x3a, 0xbe, 0x3a, 0xbe, 0x3a, 0xbe, 0x3a, 0xbe, 0x3a, 0xbe, 0x3a, 0xbe, 0x3a, 0xbe, 0x3a, 0xbe,
    0x3a, 0xbe, 0x3a, 0xbe, 0x3a, 0xbe, 0x3a, 0xbe, 0x3a, 0xbe, 0x3a, 0xbe, 0x3a, 0xbe, 0x3a, 0xbe,
    0x3a, 0xbe, 0x3a, 0xbe, 0x3a, 0xbe, 0x3a, 0xbe, 0x3a, 0xbe, 0x3a, 0xbe, 0x3a, 0xbe, 0xb4, 0x8c,
    0x62, 0x08, 0x62, 0x08, 0x62, 0x08, 0x62, 0x08, 0x62, 0x08, 0x62, 0x08, 0x62, 0x08, 0x62, 0x08,
    0x62, 0x08, 0x62, 0x08, 0x62, 0x08, 0x62, 0x08, 0x62, 0x08, 0x62, 0x08, 0x62, 0x08, 0x62, 0x08,
    0x62, 0x08, 0x62, 0x08, 0x62, 0x08, 0x62, 0x08, 0x62, 0x08, 0x62, 0x08, 0x62, 0x08, 0x62, 0x08,
    0x62, 0x08, 0x62, 0x08, 0x62, 0x08, 0x62, 0x08, 0x62, 0x08, 0x62, 0x08, 0x62, 0x08, 0x62, 0x08,
    0x62, 0x08, 0x62, 0x08, 0x62, 0x08, 0x62, 0x08, 0x62, 0x08, 0x62, 0x08, 0x62, 0x08, 0x62, 0x08,
    0x62, 0x08, 0x62, 0x08, 0x62, 0x08, 0x62, 0x08, 0x62, 0x08, 0x52, 0x84, 0x3a, 0xbe, 0x3a, 0xbe,
    0x3a, 0xbe, 0x3a, 0xbe, 0x3a, 0xbe, 0x3a, 0xbe, 0x3a, 0xbe, 0x3a, 0xbe, 0x3a, 0xbe, 0x3a, 0xbe,
    0x3a, 0xbe, 0x3a, 0xbe, 0x3a, 0xbe, 0x3a, 0xbe, 0x3a, 0xbe, 0x3a, 0xbe, 0x3a, 0xbe, 0x3a, 0xbe,
    0x3a, 0xbe, 0x3a, 0xbe, 0x3a, 0xbe, 0x3a, 0xbe, 0x3a, 0xbe, 0x3a, 0xbe, 0x3a, 0xbe, 0x3a, 0xbe,
    0x3a, 0xbe, 0x3a, 0xbe, 0x3a, 0xbe, 0x3a, 0xbe, 0x3a, 0xbe, 0x3a, 0xbe, 0x3a, 0xbe, 0x3a, 0xbe,
    0x3a, 0xbe, 0x3a, 0xbe, 0x3a, 0xbe, 0x3a, 0xbe, 0x3a, 0xbe, 0x3a, 0xbe, 0x3a, 0xbe, 0x3a, 0xbe,
    0x3a, 0xbe, 0x3a, 0xbe, 0x3a, 0xbe, 0x3a, 0xbe, 0x3a, 0xbe, 0x3a, 0xbe, 0x77, 0xa5, 0xb4, 0x8c,
    0x52, 0x84, 0xec, 0x52, 0x66, 0x29, 0x62, 0x08, 0x62, 0x08, 0x62, 0x08, 0x62, 0x08, 0x62, 0x08,
    0x62, 0x08, 0x62, 0x08, 0x62, 0x08, 0x62, 0x08, 0x62, 0x08, 0x62, 0x08, 0x62, 0x08, 0x62, 0x08,
    0x62, 0x08, 0x62, 0x08, 0x62, 0x08, 0x62, 0x08, 0x62, 0x08, 0x62, 0x08, 0x62, 0x08, 0x62, 0x08,
    0x62, 0x08, 0x62, 0x08, 0x62, 0x08, 0x62, 0x08, 0x62, 0x08, 0x62, 0x08, 0x62, 0x08, 0x62, 0x08,
    0x62, 0x08, 0x62, 0x08, 0x62, 0x08, 0x62, 0x08, 0x62, 0x08, 0x62, 0x08, 0x62, 0x08, 0x62, 0x08,
    0x62, 0x08, 0x05, 0x19, 0x3a, 0xbe, 0x3a, 0xbe, 0x3a, 0xbe, 0x3a, 0xbe, 0x3a, 0xbe, 0x3a, 0xbe,
    0x3a, 0xbe, 0x3a, 0xbe, 0x3a, 0xbe, 0x3a, 0xbe, 0x3a, 0xbe, 0x3a, 0xbe, 0x3a, 0xbe, 0x3a, 0xbe,
    0x3a, 0xbe, 0x3a, 0xbe, 0x3a, 0xbe, 0x3a, 0xbe, 0x3a, 0xbe, 0x3a, 0xbe, 0x3a, 0xbe, 0x3a, 0xbe,
    0x3a, 0xbe, 0x3a, 0xbe, 0x3a, 0xbe, 0x3a, 0xbe, 0x3a, 0xbe, 0x3a, 0xbe, 0x3a, 0xbe, 0x3a, 0xbe,
    0x3a, 0xbe, 0x3a, 0xbe, 0x3a, 0xbe, 0x3a, 0xbe, 0x3a, 0xbe, 0x3a, 0xbe, 0x3a, 0xbe, 0x3a, 0xbe,
    0x3a, 0xbe, 0x3a, 0xbe, 0x3a, 0xbe, 0x3a, 0xbe, 0x3a, 0xbe, 0x3a, 0xbe, 0x3a, 0xbe, 0x3a, 0xbe,
    0x3a, 0xbe, 0x3a, 0xbe, 0x3a, 0xbe, 0x3a, 0xbe, 0x3a, 0xbe, 0x3a, 0xbe, 0x3a, 0xbe, 0x3a, 0xbe,
    0x77, 0xa5, 0x4e, 0x63, 0xc3, 0x10, 0x62, 0x08, 0x62, 0x08, 0x62, 0x08, 0x62, 0x08, 0x62, 0x08,
    0x62, 0x08, 0x62, 0x08, 0x62, 0x08, 0x62, 0x08, 0x62, 0x08, 0x62, 0x08, 0x62, 0x08, 0x62, 0x08,
    0x62, 0x08, 0x62, 0x08, 0x62, 0x08, 0x62, 0x08, 0x62, 0x08, 0x62, 0x08, 0x62, 0x08, 0x62, 0x08,
    0x62, 0x08, 0x62, 0x08, 0x62, 0x08, 0x62, 0x08, 0x62, 0x08, 0x62, 0x08, 0x62, 0x08, 0x62, 0x08,
    0x62, 0x08, 0x62, 0x08, 0x62, 0x08, 0x62, 0x08, 0x62, 0x08, 0x62, 0x08, 0xec, 0x52, 0x3a, 0xbe,
    0x3a, 0xbe, 0x3a, 0xbe, 0x3a, 0xbe, 0x3a, 0xbe, 0x3a, 0xbe, 0x3a, 0xbe, 0x3a, 0xbe, 0x3a, 0xbe,
    0x3a, 0xbe, 0x3a, 0xbe, 0x3a, 0xbe, 0x3a, 0xbe, 0x3a, 0xbe, 0x3a, 0xbe, 0x3a, 0xbe, 0x3a, 0xbe,
    0x3a, 0xbe, 0x3a, 0xbe, 0x3a, 0xbe, 0x3a, 0xbe, 0x3a, 0xbe, 0x3a, 0xbe, 0x3a, 0xbe, 0x3a, 0xbe,
    0x3a, 0xbe, 0x3a, 0xbe, 0x3a, 0xbe, 0x3a, 0xbe, 0x3a, 0xbe, 0x3a, 0xbe, 0x3a, 0xbe, 0x3a, 0xbe,
    0x3a, 0xbe, 0x3a, 0xbe, 0x3a, 0xbe, 0x3a, 0xbe, 0x3a, 0xbe, 0x3a, 0xbe, 0x3a, 0xbe, 0x3a, 0xbe,
    0x3a, 0xbe, 0x3a, 0xbe, 0x3a, 0xbe, 0x3a, 0xbe, 0x3a, 0xbe, 0x3a, 0xbe, 0x3a, 0xbe, 0x3a, 0xbe,
    0x3a, 0xbe, 0x3a, 0xbe, 0x3a, 0xbe, 0x3a, 0xbe, 0x3a, 0xbe, 0x3a, 0xbe, 0x3a, 0xbe, 0xd8, 0xad,
    0x4e, 0x63, 0x62, 0x08, 0x62, 0x08, 0x62, 0x08, 0x62, 0x08, 0x62, 0x08, 0x62, 0x08, 0x62, 0x08,
    0x62, 0x08, 0x62, 0x08, 0x62, 0x08, 0x62, 0x08, 0x62, 0x08, 0x62, 0x08, 0x62, 0x08, 0x62, 0x08,
    0x62, 0x08, 0x62, 0x08, 0x62, 0x08, 0x62, 0x08, 0x62, 0x08, 0x62, 0x08, 0x62, 0x08, 0x62, 0x08,
    0x62, 0x08, 0x62, 0x08, 0x62, 0x08, 0x62, 0x08, 0x62, 0x08, 0x62, 0x08, 0x62, 0x08, 0x62, 0x08,
    0x62, 0x08, 0x62, 0x08, 0x62, 0x08, 0x15, 0x95, 0x3a, 0xbe, 0x3a, 0xbe, 0x3a, 0xbe, 0x3a, 0xbe,
    0x3a, 0xbe, 0x3a, 0xbe, 0x3a, 0xbe, 0x3a, 0xbe, 0x3a, 0xbe, 0x3a, 0xbe, 0x3a, 0xbe, 0x3a, 0xbe,
    0x3a, 0xbe, 0x3a, 0xbe, 0x3a, 0xbe, 0x3a, 0xbe, 0x3a, 0xbe, 0x3a, 0xbe, 0x3a, 0xbe, 0x3a, 0xbe,
    0x3a, 0xbe, 0x3a, 0xbe, 0x3a, 0xbe, 0x3a, 0xbe, 0x3a, 0xbe, 0x3a, 0xbe, 0x3a, 0xbe, 0x3a, 0xbe,
    0x3a, 0xbe, 0x3a, 0xbe, 0x3a, 0xbe, 0x3a, 0xbe, 0x3a, 0xbe, 0x3a, 0xbe, 0x3a, 0xbe, 0x3a, 0xbe,
    0x3a, 0xbe, 0x3a, 0xbe, 0x3a, 0xbe, 0x3a, 0xbe, 0x3a, 0xbe, 0x3a, 0xbe, 0x3a, 0xbe, 0x3a, 0xbe,
    0x3a, 0xbe, 0x3a, 0xbe, 0x3a, 0xbe, 0x3a, 0xbe, 0x3a, 0xbe, 0x3a, 0xbe, 0x3a, 0xbe, 0x3a, 0xbe,
    0x3a, 0xbe, 0x3a, 0xbe, 0x3a, 0xbe, 0x3a, 0xbe, 0x3a, 0xbe, 0x3a, 0xbe, 0x15, 0x95, 0x05, 0x19,
    0x62, 0x08, 0x62, 0x08, 0x62, 0x08, 0x62, 0x08, 0x62, 0x08, 0x62, 0x08, 0x62, 0x08, 0x62, 0x08,
    0x62, 0x08, 0x62, 0x08, 0x62, 0x08, 0x62, 0x08, 0x62, 0x08, 0x62, 0x08, 0x62, 0x08, 0x62, 0x08,
    0x62, 0x08, 0x62, 0x08, 0x62, 0x08, 0x62, 0x08, 0x62, 0x08, 0x62, 0x08, 0x62, 0x08, 0x62, 0x08,
    0x62, 0x08, 0x62, 0x08, 0x62, 0x08, 0x62, 0x08, 0x05, 0x19, 0x4e, 0x63, 0x52, 0x84, 0x77, 0xa5,
    0x3a, 0xbe, 0x3a, 0xbe, 0x3a, 0xbe, 0x3a, 0xbe, 0x3a, 0xbe, 0x3a, 0xbe, 0x3a, 0xbe, 0x3a, 0xbe,
    0x3a, 0xbe, 0x3a, 0xbe, 0x3a, 0xbe, 0x3a, 0xbe, 0x3a, 0xbe, 0x3a, 0xbe, 0x3a, 0xbe, 0x3a, 0xbe,
    0x3a, 0xbe, 0x3a, 0xbe, 0x3a, 0xbe, 0x3a, 0xbe, 0x3a, 0xbe, 0x3a, 0xbe, 0x3a, 0xbe, 0x3a, 0xbe,
    0x3a, 0xbe, 0x3a, 0xbe, 0x3a, 0xbe, 0x3a, 0xbe, 0x3a, 0xbe, 0x3a, 0xbe, 0x3a, 0xbe, 0x3a, 0xbe,
    0x3a, 0xbe, 0x3a, 0xbe, 0x3a, 0xbe, 0x3a, 0xbe, 0x3a, 0xbe, 0x3a, 0xbe, 0x3a, 0xbe, 0x3a, 0xbe,
    0x3a, 0xbe, 0x3a, 0xbe, 0x3a, 0xbe, 0x3a, 0xbe, 0x3a, 0xbe, 0x3a, 0xbe, 0x3a, 0xbe, 0x3a, 0xbe,
    0x3a, 0xbe, 0x3a, 0xbe, 0x3a, 0xbe, 0x3a, 0xbe, 0x3a, 0xbe, 0x3a, 0xbe, 0x3a, 0xbe, 0x3a, 0xbe,
    0x3a, 0xbe, 0x3a, 0xbe, 0x3a, 0xbe, 0x3a, 0xbe, 0xd8, 0xad, 0x66, 0x29, 0x62, 0x08, 0x62, 0x08,
    0x62, 0x08, 0x62, 0x08, 0x62, 0x08, 0x62, 0x08, 0x62, 0x08, 0x62, 0x08, 0x62, 0x08, 0x62, 0x08,
    0x62, 0x08, 0x62, 0x08, 0x62, 0x08, 0x62, 0x08, 0x62, 0x08, 0x62, 0x08, 0x62, 0x08, 0x62, 0x08,
    0x62, 0x08, 0x62, 0x08, 0x62, 0x08, 0x62, 0x08, 0x62, 0x08, 0x62, 0x08, 0x62, 0x08, 0x8b, 0x4a,
    0x15, 0x95, 0x3a, 0xbe, 0x3a, 0xbe, 0x3a, 0xbe, 0x3a, 0xbe, 0x3a, 0xbe, 0x3a, 0xbe, 0x3a, 0xbe,
    0x3a, 0xbe, 0x3a, 0xbe, 0x3a, 0xbe, 0x3a, 0xbe, 0x3a, 0xbe, 0x3a, 0xbe, 0x3a, 0xbe, 0x3a, 0xbe,
    0x3a, 0xbe, 0x3a, 0xbe, 0x3a, 0xbe, 0x3a, 0xbe, 0x3a, 0xbe, 0x3a, 0xbe, 0x3a, 0xbe, 0x3a, 0xbe,
    0x3a, 0xbe, 0x3a, 0xbe, 0x3a, 0xbe, 0x3a, 0xbe, 0x3a, 0xbe, 0x3a, 0xbe, 0x3a, 0xbe, 0x3a, 0xbe,
    0x3a, 0xbe, 0x3a, 0xbe, 0x3a, 0xbe, 0x3a, 0xbe, 0x3a, 0xbe, 0x3a, 0xbe, 0x3a, 0xbe, 0x3a, 0xbe,
    0x3a, 0xbe, 0x3a, 0xbe, 0x3a, 0xbe, 0x3a, 0xbe, 0x3a, 0xbe, 0x3a, 0xbe, 0x3a, 0xbe, 0x3a, 0xbe,
    0x3a, 0xbe, 0x3a, 0xbe, 0x3a, 0xbe, 0x3a, 0xbe, 0x3a, 0xbe, 0x3a, 0xbe, 0x3a, 0xbe, 0x3a, 0xbe,
    0x3a, 0xbe, 0x3a, 0xbe, 0x3a, 0xbe, 0x3a, 0xbe, 0x3a, 0xbe, 0x3a, 0xbe, 0x3a, 0xbe, 0x3a, 0xbe,
    0x3a, 0xbe, 0x3a, 0xbe, 0xd8, 0xad, 0x66, 0x29, 0x62, 0x08, 0x62, 0x08, 0x62, 0x08, 0x62, 0x08,
    0x62, 0x08, 0x62, 0x08, 0x62, 0x08, 0x62, 0x08, 0x62, 0x08, 0x62, 0x08, 0x62, 0x08, 0x62, 0x08,
    0x62, 0x08, 0x62, 0x08, 0x62, 0x08, 0x62, 0x08, 0x62, 0x08, 0x62, 0x08, 0x62, 0x08, 0x62, 0x08,
    0x62, 0x08, 0x62, 0x08, 0xc8, 0x31, 0x15, 0x95, 0x3a, 0xbe, 0x3a, 0xbe, 0x3a, 0xbe, 0x3a, 0xbe,
    0x3a, 0xbe, 0x3a, 0xbe, 0x3a, 0xbe, 0x3a, 0xbe, 0x3a, 0xbe, 0x3a, 0xbe, 0x3a, 0xbe, 0x3a, 0xbe,
    0x3a, 0xbe, 0x3a, 0xbe, 0x3a, 0xbe, 0x3a, 0xbe, 0x3a, 0xbe, 0x3a, 0xbe, 0x3a, 0xbe, 0x3a, 0xbe,
    0x3a, 0xbe, 0x3a, 0xbe, 0x3a, 0xbe, 0x3a, 0xbe, 0x3a, 0xbe, 0x3a, 0xbe, 0x3a, 0xbe, 0x3a, 0xbe,
    0x3a, 0xbe, 0x3a, 0xbe, 0x3a, 0xbe, 0x3a, 0xbe, 0x3a, 0xbe, 0x3a, 0xbe, 0x3a, 0xbe, 0x3a, 0xbe,
    0x3a, 0xbe, 0x3a, 0xbe, 0x3a, 0xbe, 0x3a, 0xbe, 0x3a, 0xbe, 0x3a, 0xbe, 0x3a, 0xbe, 0x3a, 0xbe,
    0x3a, 0xbe, 0x3a, 0xbe, 0x3a, 0xbe, 0x3a, 0xbe, 0x3a, 0xbe, 0x3a, 0xbe, 0x3a, 0xbe, 0x3a, 0xbe,
    0x3a, 0xbe, 0x3a, 0xbe, 0x3a, 0xbe, 0x3a, 0xbe, 0x3a, 0xbe, 0x3a, 0xbe, 0x3a, 0xbe, 0x3a, 0xbe,
    0x3a, 0xbe, 0x3a, 0xbe, 0x3a, 0xbe, 0x3a, 0xbe, 0x3a, 0xbe, 0x3a, 0xbe, 0x3a, 0xbe, 0x3a, 0xbe,
    0xd8, 0xad, 0x05, 0x19, 0x62, 0x08, 0x62, 0x08, 0x62, 0x08, 0x62, 0x08, 0x62, 0x08, 0x62, 0x08,
    0x62, 0x08, 0x62, 0x08, 0x62, 0x08, 0x62, 0x08, 0x62, 0x08, 0x62, 0x08, 0x62, 0x08, 0x62, 0x08,
    0x62, 0x08, 0x62, 0x08, 0x62, 0x08, 0x62, 0x08, 0x62, 0x08, 0x62, 0x08, 0x4e, 0x63, 0x3a, 0xbe,
    0x3a, 0xbe, 0x3a, 0xbe, 0x3a, 0xbe, 0x3a, 0xbe, 0x3a, 0xbe, 0x3a, 0xbe, 0x3a, 0xbe, 0x3a, 0xbe,
    0x3a, 0xbe, 0x3a, 0xbe, 0x3a, 0xbe, 0x3a, 0xbe, 0x3a, 0xbe, 0x3a, 0xbe, 0x3a, 0xbe, 0x3a, 0xbe,
    0x3a, 0xbe, 0x3a, 0xbe, 0x3a, 0xbe, 0x3a, 0xbe, 0x3a, 0xbe, 0x3a, 0xbe, 0x3a, 0xbe, 0x3a, 0xbe,
    0x3a, 0xbe, 0x3a, 0xbe, 0x3a, 0xbe, 0x3a, 0xbe, 0x3a, 0xbe, 0x3a, 0xbe, 0x3a, 0xbe, 0x3a, 0xbe,
    0x3a, 0xbe, 0x3a, 0xbe, 0x3a, 0xbe, 0x3a, 0xbe, 0x3a, 0xbe, 0x3a, 0xbe, 0x3a, 0xbe, 0x3a, 0xbe,
    0x3a, 0xbe, 0x3a, 0xbe, 0x3a, 0xbe, 0x3a, 0xbe, 0x3a, 0xbe, 0x3a, 0xbe, 0x3a, 0xbe, 0x3a, 0xbe,
    0x3a, 0xbe, 0x3a, 0xbe, 0x3a, 0xbe, 0x3a, 0xbe, 0x3a, 0xbe, 0x3a, 0xbe, 0x3a, 0xbe, 0x3a, 0xbe,
    0x3a, 0xbe, 0x3a, 0xbe, 0x3a, 0xbe, 0x3a, 0xbe, 0x3a, 0xbe, 0x3a, 0xbe, 0x3a, 0xbe, 0x3a, 0xbe,
    0x3a, 0xbe, 0x3a, 0xbe, 0x3a, 0xbe, 0x3a, 0xbe, 0x3a, 0xbe, 0x3a, 0xbe, 0xb4, 0x8c, 0x62, 0x08,
    0x62, 0x08, 0x62, 0x08, 0x62, 0x08, 0x62, 0x08, 0x62, 0x08, 0x62, 0x08, 0x62, 0x08, 0x62, 0x08,
    0x62, 0x08, 0x62, 0x08, 0x62, 0x08, 0x62, 0x08, 0x62, 0x08, 0x62, 0x08, 0x62, 0x08, 0x62, 0x08,
    0x62, 0x08, 0x62, 0x08, 0xf1, 0x73, 0x3a, 0xbe, 0x3a, 0xbe, 0x3a, 0xbe, 0x3a, 0xbe, 0x3a, 0xbe,
    0x3a, 0xbe, 0x3a, 0xbe, 0x3a, 0xbe, 0x3a, 0xbe, 0x3a, 0xbe, 0x3a, 0xbe, 0x3a, 0xbe, 0x3a, 0xbe,
    0x3a, 0xbe, 0x3a, 0xbe, 0x3a, 0xbe, 0x3a, 0xbe, 0x3a, 0xbe, 0x3a, 0xbe, 0x3a, 0xbe, 0x3a, 0xbe,
    0x3a, 0xbe, 0x3a, 0xbe, 0x3a, 0xbe, 0x3a, 0xbe, 0x3a, 0xbe, 0x3a, 0xbe, 0x3a, 0xbe, 0x3a, 0xbe,
    0x3a, 0xbe, 0x3a, 0xbe, 0x3a, 0xbe, 0x3a, 0xbe, 0x3a, 0xbe, 0x3a, 0xbe, 0x3a, 0xbe, 0x3a, 0xbe,
    0x3a, 0xbe, 0x3a, 0xbe, 0x3a, 0xbe, 0x3a, 0xbe, 0x3a, 0xbe, 0x3a, 0xbe, 0x3a, 0xbe, 0x3a, 0xbe,
    0x3a, 0xbe, 0x3a, 0xbe, 0x3a, 0xbe, 0x3a, 0xbe, 0x3a, 0xbe, 0x3a, 0xbe, 0x3a, 0xbe, 0x3a, 0xbe,
    0x3a, 0xbe, 0x3a, 0xbe, 0x3a, 0xbe, 0x3a, 0xbe, 0x3a, 0xbe, 0x3a, 0xbe, 0x3a, 0xbe, 0x3a, 0xbe,
    0x3a, 0xbe, 0x3a, 0xbe, 0x3a, 0xbe, 0x3a, 0xbe, 0x3a, 0xbe, 0x3a, 0xbe, 0x3a, 0xbe, 0x3a, 0xbe,
    0x3a, 0xbe, 0x3a, 0xbe, 0x3a, 0xbe, 0x3a, 0xbe, 0xc8, 0x31, 0x62, 0x08, 0x62, 0x08, 0x62, 0x08,
    0x62, 0x08, 0x62, 0x08, 0x62, 0x08, 0x62, 0x08, 0x62, 0x08, 0x62, 0x08, 0x62, 0x08, 0x62, 0x08,
    0x62, 0x08, 0x62, 0x08, 0x62, 0x08, 0x62, 0x08, 0x62, 0x08, 0x62, 0x08, 0xf1, 0x73, 0x3a, 0xbe,
    0x3a, 0xbe, 0x3a, 0xbe, 0x3a, 0xbe, 0x3a, 0xbe, 0x3a, 0xbe, 0x3a, 0xbe, 0x3a, 0xbe, 0x3a, 0xbe,
    0x3a, 0xbe, 0x3a, 0xbe, 0x3a, 0xbe, 0x3a, 0xbe, 0x3a, 0xbe, 0x3a, 0xbe, 0x3a, 0xbe, 0x3a, 0xbe,
    0x3a, 0xbe, 0x3a, 0xbe, 0x3a, 0xbe, 0x3a, 0xbe, 0x3a, 0xbe, 0x3a, 0xbe, 0x3a, 0xbe, 0x3a, 0xbe,
    0x3a, 0xbe, 0x3a, 0xbe, 0x3a, 0xbe, 0x3a, 0xbe, 0x3a, 0xbe, 0x3a, 0xbe, 0x3a, 0xbe, 0x3a, 0xbe,
    0x3a, 0xbe, 0x3a, 0xbe, 0x3a, 0xbe, 0x3a, 0xbe, 0x3a, 0xbe, 0x3a, 0xbe, 0x3a, 0xbe, 0x3a, 0xbe,
    0x3a, 0xbe, 0x3a, 0xbe, 0x3a, 0xbe, 0x3a, 0xbe, 0x3a, 0xbe, 0x3a, 0xbe, 0x3a, 0xbe, 0x3a, 0xbe,
    0x3a, 0xbe, 0x3a, 0xbe, 0x3a, 0xbe, 0x3a, 0xbe, 0x3a, 0xbe, 0x3a, 0xbe, 0x3a, 0xbe, 0x3a, 0xbe,
    0x3a, 0xbe, 0x3a, 0xbe, 0x3a, 0xbe, 0x3a, 0xbe, 0x3a, 0xbe, 0x3a, 0xbe, 0x3a, 0xbe, 0x3a, 0xbe,
    0x3a, 0xbe, 0x3a, 0xbe, 0x3a, 0xbe, 0x3a, 0xbe, 0x3a, 0xbe, 0x3a, 0xbe, 0x3a, 0xbe, 0x3a, 0xbe,
    0x3a, 0xbe, 0x15, 0x95, 0x62, 0x08, 0x62, 0x08, 0x62, 0x08, 0x62, 0x08, 0x62, 0x08, 0x62, 0x08,
    0x62, 0x08, 0x62, 0x08, 0x62, 0x08, 0x62, 0x08, 0x62, 0x08, 0x62, 0x08, 0x62, 0x08, 0x62, 0x08,
    0x62, 0x08, 0x62, 0x08, 0xec, 0x52, 0x3a, 0xbe, 0x3a, 0xbe, 0x3a, 0xbe, 0x3a, 0xbe, 0x3a, 0xbe,
    0x3a, 0xbe, 0x3a, 0xbe, 0x3a, 0xbe, 0x3a, 0xbe, 0x3a, 0xbe, 0x3a, 0xbe, 0x3a, 0xbe, 0x3a, 0xbe,
    0x3a, 0xbe, 0x3a, 0xbe, 0x3a, 0xbe, 0x3a, 0xbe, 0x3a, 0xbe, 0x3a, 0xbe, 0x3a, 0xbe, 0x3a, 0xbe,
    0x3a, 0xbe, 0x3a, 0xbe, 0x3a, 0xbe, 0x3a, 0xbe, 0x3a, 0xbe, 0x3a, 0xbe, 0x3a, 0xbe, 0x3a, 0xbe,
    0x3a, 0xbe, 0x3a, 0xbe, 0x3a, 0xbe, 0x3a, 0xbe, 0x3a, 0xbe, 0x3a, 0xbe, 0x3a, 0xbe, 0x3a, 0xbe,
    0x3a, 0xbe, 0x3a, 0xbe, 0x3a, 0xbe, 0x3a, 0xbe, 0x3a, 0xbe, 0x3a, 0xbe, 0x3a, 0xbe, 0x3a, 0xbe,
    0x3a, 0xbe, 0x3a, 0xbe, 0x3a, 0xbe, 0x3a, 0xbe, 0x3a, 0xbe, 0x3a, 0xbe, 0x3a, 0xbe, 0x3a, 0xbe,
    0x3a, 0xbe, 0x3a, 0xbe, 0x3a, 0xbe, 0x3a, 0xbe, 0x3a, 0xbe, 0x3a, 0xbe, 0x3a, 0xbe, 0x3a, 0xbe,
    0x3a, 0xbe, 0x3a, 0xbe, 0x3a, 0xbe, 0x3a, 0xbe, 0x3a, 0xbe, 0x3a, 0xbe, 0x3a, 0xbe, 0x3a, 0xbe,
    0x3a, 0xbe, 0x3a, 0xbe, 0x3a, 0xbe, 0x3a, 0xbe, 0x3a, 0xbe, 0x3a, 0xbe, 0x3a, 0xbe, 0x05, 0x19,
    0x62, 0x08, 0x62, 0x08, 0x62, 0x08, 0x62, 0x08, 0x62, 0x08, 0x62, 0x08, 0x62, 0x08, 0x62, 0x08,
    0x62, 0x08, 0x62, 0x08, 0x62, 0x08, 0x62, 0x08, 0x62, 0x08, 0x62, 0x08, 0x05, 0x19, 0x3a, 0xbe,
    0x3a, 0xbe, 0x3a, 0xbe, 0x3a, 0xbe, 0x3a, 0xbe, 0x3a, 0xbe, 0x3a, 0xbe, 0x3a, 0xbe, 0x3a, 0xbe,
    0x3a, 0xbe, 0x3a, 0xbe, 0x3a, 0xbe, 0x3a, 0xbe, 0x3a, 0xbe, 0x3a, 0xbe, 0x3a, 0xbe, 0x3a, 0xbe,
    0x3a, 0xbe, 0x3a, 0xbe, 0x3a, 0xbe, 0x3a, 0xbe, 0x3a, 0xbe, 0x3a, 0xbe, 0x3a, 0xbe, 0x3a, 0xbe,
    0x3a, 0xbe, 0x3a, 0xbe, 0x3a, 0xbe, 0x3a, 0xbe, 0x3a, 0xbe, 0x3a, 0xbe, 0x3a, 0xbe, 0x3a, 0xbe,
    0x3a, 0xbe, 0x3a, 0xbe, 0x3a, 0xbe, 0x3a, 0xbe, 0x3a, 0xbe, 0x3a, 0xbe, 0x3a, 0xbe, 0x3a, 0xbe,
    0x3a, 0xbe, 0x3a, 0xbe, 0x3a, 0xbe, 0x3a, 0xbe, 0x3a, 0xbe, 0x3a, 0xbe, 0x3a, 0xbe, 0x3a, 0xbe,
    0x3a, 0xbe, 0x3a, 0xbe, 0x3a, 0xbe, 0x3a, 0xbe, 0x3a, 0xbe, 0x3a, 0xbe, 0x3a, 0xbe, 0x3a, 0xbe,
    0x3a, 0xbe, 0x3a, 0xbe, 0x3a, 0xbe, 0x3a, 0xbe, 0x3a, 0xbe, 0x3a, 0xbe, 0x3a, 0xbe, 0x3a, 0xbe,
    0x3a, 0xbe, 0x3a, 0xbe, 0x3a, 0xbe, 0x3a, 0xbe, 0x3a, 0xbe, 0x3a, 0xbe, 0x3a, 0xbe, 0x3a, 0xbe,
    0x3a, 0xbe, 0x3a, 0xbe, 0x3a, 0xbe, 0x3a, 0xbe, 0xec, 0x52, 0x62, 0x08, 0x62, 0x08, 0x62, 0x08,
    0x62, 0x08, 0x62, 0x08, 0x62, 0x08, 0x62, 0x08, 0x62, 0x08, 0x62, 0x08, 0x62, 0x08, 0x62, 0x08,
    0x62, 0x08, 0x62, 0x08, 0x62, 0x08, 0xf1, 0x73, 0x3a, 0xbe, 0x3a, 0xbe, 0x3a, 0xbe, 0x3a, 0xbe,
    0x3a, 0xbe, 0x3a, 0xbe, 0x3a, 0xbe, 0x3a, 0xbe, 0x3a, 0xbe, 0x3a, 0xbe, 0x3a, 0xbe, 0x3a, 0xbe,
    0x3a, 0xbe, 0x3a, 0xbe, 0x3a, 0xbe, 0x3a, 0xbe, 0x3a, 0xbe, 0x3a, 0xbe, 0x3a, 0xbe, 0x3a, 0xbe,
    0x3a, 0xbe, 0x3a, 0xbe, 0x3a, 0xbe, 0x3a, 0xbe, 0x3a, 0xbe, 0x3a, 0xbe, 0x3a, 0xbe, 0x3a, 0xbe,
    0x3a, 0xbe, 0x3a, 0xbe, 0x3a, 0xbe, 0x3a, 0xbe, 0x3a, 0xbe, 0x3a, 0xbe, 0x3a, 0xbe, 0x3a, 0xbe,
    0x3a, 0xbe, 0x3a, 0xbe, 0x3a, 0xbe, 0x3a, 0xbe, 0x3a, 0xbe, 0x3a, 0xbe, 0x3a, 0xbe, 0x3a, 0xbe,
    0x3a, 0xbe, 0x3a, 0xbe, 0x3a, 0xbe, 0x3a, 0xbe, 0x3a, 0xbe, 0x3a, 0xbe, 0x3a, 0xbe, 0x3a, 0xbe,
    0x3a, 0xbe, 0x3a, 0xbe, 0x3a, 0xbe, 0x3a, 0xbe, 0x3a, 0xbe, 0x3a, 0xbe, 0x3a, 0xbe, 0x3a, 0xbe,
    0x3a, 0xbe, 0x3a, 0xbe, 0x3a, 0xbe, 0x3a, 0xbe, 0x3a, 0xbe, 0x3a, 0xbe, 0x3a, 0xbe, 0x3a, 0xbe,
    0x3a, 0xbe, 0x3a, 0xbe, 0x3a, 0xbe, 0x3a, 0xbe, 0x3a, 0xbe, 0x3a, 0xbe, 0x3a, 0xbe, 0x3a, 0xbe,
    0x3a, 0xbe, 0xb4, 0x8c, 0x62, 0x08, 0x62, 0x08, 0x62, 0x08, 0x62, 0x08, 0x62, 0x08, 0x62, 0x08,
    0x62, 0x08, 0x62, 0x08, 0x62, 0x08, 0x62, 0x08, 0x62, 0x08, 0x62, 0x08, 0x62, 0x08, 0x05, 0x19,
    0x3a, 0xbe, 0x3a, 0xbe, 0x3a, 0xbe, 0x3a, 0xbe, 0x3a, 0xbe, 0x3a, 0xbe, 0x3a, 0xbe, 0x3a, 0xbe,
    0x3a, 0xbe, 0x3a, 0xbe, 0x3a, 0xbe, 0x3a, 0xbe, 0x3a, 0xbe, 0x3a, 0xbe, 0x3a, 0xbe, 0x3a, 0xbe,
    0x3a, 0xbe, 0x3a, 0xbe, 0x3a, 0xbe, 0x3a, 0xbe, 0x3a, 0xbe, 0x3a, 0xbe, 0x3a, 0xbe, 0x3a, 0xbe,
    0x3a, 0xbe, 0x3a, 0xbe, 0x3a, 0xbe, 0x3a, 0xbe, 0x3a, 0xbe, 0x3a, 0xbe, 0x3a, 0xbe, 0x3a, 0xbe,
    0x3a, 0xbe, 0x3a, 0xbe, 0x3a, 0xbe, 0x3a, 0xbe, 0x3a, 0xbe, 0x3a, 0xbe, 0x3a, 0xbe, 0x3a, 0xbe,
    0x3a, 0xbe, 0x3a, 0xbe, 0x3a, 0xbe, 0x3a, 0xbe, 0x3a, 0xbe, 0x3a, 0xbe, 0x3a, 0xbe, 0x3a, 0xbe,
    0x3a, 0xbe, 0x3a, 0xbe, 0x3a, 0xbe, 0x3a, 0xbe, 0x3a, 0xbe, 0x3a, 0xbe, 0x3a, 0xbe, 0x3a, 0xbe,
    0x3a, 0xbe, 0x3a, 0xbe, 0x3a, 0xbe, 0x3a, 0xbe, 0x3a, 0xbe, 0x3a, 0xbe, 0x3a, 0xbe, 0x3a, 0xbe,
    0x3a, 0xbe, 0x3a, 0xbe, 0x3a, 0xbe, 0x3a, 0xbe, 0x3a, 0xbe, 0x3a, 0xbe, 0x3a, 0xbe, 0x3a, 0xbe,
    0x3a, 0xbe, 0x3a, 0xbe, 0x3a, 0xbe, 0x3a, 0xbe, 0x3a, 0xbe, 0x3a, 0xbe, 0xb4, 0x8c, 0x62, 0x08,
    0x62, 0x08, 0x62, 0x08, 0x62, 0x08, 0x62, 0x08, 0x62, 0x08, 0x62, 0x08, 0x62, 0x08, 0x62, 0x08,
    0x62, 0x08, 0x62, 0x08, 0x62, 0x08, 0x62, 0x08, 0xec, 0x52, 0x3a, 0xbe, 0x3a, 0xbe, 0x3a, 0xbe,
    0x3a, 0xbe, 0x3a, 0xbe, 0x3a, 0xbe, 0x3a, 0xbe, 0x3a, 0xbe, 0x3a, 0xbe, 0x3a, 0xbe, 0x3a, 0xbe,
    0x3a, 0xbe, 0x3a, 0xbe, 0x3a, 0xbe, 0x3a, 0xbe, 0x3a, 0xbe, 0x3a, 0xbe, 0x3a, 0xbe, 0x3a, 0xbe,
    0x3a, 0xbe, 0x3a, 0xbe, 0x3a, 0xbe, 0x3a, 0xbe, 0x3a, 0xbe, 0x3a, 0xbe, 0x3a, 0xbe, 0x3a, 0xbe,
    0x3a, 0xbe, 0x3a, 0xbe, 0x3a, 0xbe, 0x3a, 0xbe, 0x3a, 0xbe, 0x3a, 0xbe, 0x3a, 0xbe, 0x3a, 0xbe,
    0x3a, 0xbe, 0x3a, 0xbe, 0x3a, 0xbe, 0x3a, 0xbe, 0x3a, 0xbe, 0x3a, 0xbe, 0x3a, 0xbe, 0x3a, 0xbe,
    0x3a, 0xbe, 0x3a, 0xbe, 0x3a, 0xbe, 0x3a, 0xbe, 0x3a, 0xbe, 0x3a, 0xbe, 0x3a, 0xbe, 0x3a, 0xbe,
    0x3a, 0xbe, 0x3a, 0xbe, 0x3a, 0xbe, 0x3a, 0xbe, 0x3a, 0xbe, 0x3a, 0xbe, 0x3a, 0xbe, 0x3a, 0xbe,
    0x3a, 0xbe, 0x3a, 0xbe, 0x3a, 0xbe, 0x3a, 0xbe, 0x3a, 0xbe, 0x3a, 0xbe, 0x3a, 0xbe, 0x3a, 0xbe,
    0x3a, 0xbe, 0x3a, 0xbe, 0x3a, 0xbe, 0x3a, 0xbe, 0x3a, 0xbe, 0x3a, 0xbe, 0x3a, 0xbe, 0x3a, 0xbe,
    0x3a, 0xbe, 0x3a, 0xbe, 0x3a, 0xbe, 0x3a, 0xbe, 0x62, 0x08, 0x62, 0x08, 0x62, 0x08, 0x62, 0x08,
    0x62, 0x08, 0x62, 0x08, 0x62, 0x08, 0x62, 0x08, 0x62, 0x08, 0x62, 0x08, 0x62, 0x08, 0x62, 0x08,
    0x62, 0x08, 0xb4, 0x8c, 0x3a, 0xbe, 0x3a, 0xbe, 0x3a, 0xbe, 0x3a, 0xbe, 0x3a, 0xbe, 0x3a, 0xbe,
    0x3a, 0xbe, 0x3a, 0xbe, 0x3a, 0xbe, 0x3a, 0xbe, 0x3a, 0xbe, 0x3a, 0xbe, 0x3a, 0xbe, 0x3a, 0xbe,
    0x3a, 0xbe, 0x3a, 0xbe, 0x3a, 0xbe, 0x3a, 0xbe, 0x3a, 0xbe, 0x3a, 0xbe, 0x3a, 0xbe, 0x3a, 0xbe,
    0x3a, 0xbe, 0x3a, 0xbe, 0x3a, 0xbe, 0x3a, 0xbe, 0x3a, 0xbe, 0x3a, 0xbe, 0x3a, 0xbe, 0x3a, 0xbe,
    0x3a, 0xbe, 0x3a, 0xbe, 0x3a, 0xbe, 0x3a, 0xbe, 0x3a, 0xbe, 0x3a, 0xbe, 0x3a, 0xbe, 0x3a, 0xbe,
    0x3a, 0xbe, 0x3a, 0xbe, 0x3a, 0xbe, 0x3a, 0xbe, 0x3a, 0xbe, 0x3a, 0xbe, 0x3a, 0xbe, 0x3a, 0xbe,
    0x3a, 0xbe, 0x3a, 0xbe, 0x3a, 0xbe, 0x3a, 0xbe, 0x3a, 0xbe, 0x3a, 0xbe, 0x3a, 0xbe, 0x3a, 0xbe,
    0x3a, 0xbe, 0x3a, 0xbe, 0x3a, 0xbe, 0x3a, 0xbe, 0x3a, 0xbe, 0x3a, 0xbe, 0x3a, 0xbe, 0x3a, 0xbe,
    0x3a, 0xbe, 0x3a, 0xbe, 0x3a, 0xbe, 0x3a, 0xbe, 0x3a, 0xbe, 0x3a, 0xbe, 0x3a, 0xbe, 0x3a, 0xbe,
    0x3a, 0xbe, 0x3a, 0xbe, 0x3a, 0xbe, 0x3a, 0xbe, 0x3a, 0xbe, 0x3a, 0xbe, 0x3a, 0xbe, 0x3a, 0xbe,
    0x3a, 0xbe, 0x62, 0x08, 0x62, 0x08, 0x62, 0x08, 0x62, 0x08, 0x62, 0x08, 0x62, 0x08, 0x62, 0x08,
    0x62, 0x08, 0x62, 0x08, 0x62, 0x08, 0x62, 0x08, 0x62, 0x08, 0x62, 0x08, 0x15, 0x95, 0x3a, 0xbe,
    0x3a, 0xbe, 0x3a, 0xbe, 0x3a, 0xbe, 0x3a, 0xbe, 0x3a, 0xbe, 0x3a, 0xbe, 0x3a, 0xbe, 0x3a, 0xbe,
    0x3a, 0xbe, 0x3a, 0xbe, 0x3a, 0xbe, 0x3a, 0xbe, 0x3a, 0xbe, 0x3a, 0xbe, 0x3a, 0xbe, 0x3a, 0xbe,
    0x3a, 0xbe, 0x3a, 0xbe, 0x3a, 0xbe, 0x3a, 0xbe, 0x3a, 0xbe, 0x3a, 0xbe, 0x3a, 0xbe, 0x3a, 0xbe,
    0x3a, 0xbe, 0x3a, 0xbe, 0x3a, 0xbe, 0x3a, 0xbe, 0x3a, 0xbe, 0x3a, 0xbe, 0x3a, 0xbe, 0x3a, 0xbe,
    0x3a, 0xbe, 0x3a, 0xbe, 0x3a, 0xbe, 0x3a, 0xbe, 0x3a, 0xbe, 0x3a, 0xbe, 0x3a, 0xbe, 0x3a, 0xbe,
    0x3a, 0xbe, 0x3a, 0xbe, 0x3a, 0xbe, 0x3a, 0xbe, 0x3a, 0xbe, 0x3a, 0xbe, 0x3a, 0xbe, 0x3a, 0xbe,
    0x3a, 0xbe, 0x3a, 0xbe, 0x3a, 0xbe, 0x3a, 0xbe, 0x3a, 0xbe, 0x3a, 0xbe, 0x3a, 0xbe, 0x3a, 0xbe,
    0x3a, 0xbe, 0x3a, 0xbe, 0x3a, 0xbe, 0x3a, 0xbe, 0x3a, 0xbe, 0x3a, 0xbe, 0x3a, 0xbe, 0x3a, 0xbe,
    0x3a, 0xbe, 0x3a, 0xbe, 0x3a, 0xbe, 0x3a, 0xbe, 0x3a, 0xbe, 0x3a, 0xbe, 0x3a, 0xbe, 0x3a, 0xbe,
    0x3a, 0xbe, 0x3a, 0xbe, 0x3a, 0xbe, 0x3a, 0xbe, 0x3a, 0xbe, 0xb4, 0x8c, 0x62, 0x08, 0x62, 0x08,
    0x62, 0x08, 0x62, 0x08, 0x62, 0x08, 0x62, 0x08, 0x62, 0x08, 0x62, 0x08, 0x62, 0x08, 0x62, 0x08,
    0x62, 0x08, 0x62, 0x08, 0x62, 0x08, 0x3a, 0xbe, 0x3a, 0xbe, 0x3a, 0xbe, 0x3a, 0xbe, 0x3a, 0xbe,
    0x3a, 0xbe, 0x3a, 0xbe, 0x3a, 0xbe, 0x3a, 0xbe, 0x3a, 0xbe, 0x3a, 0xbe, 0x3a, 0xbe, 0x3a, 0xbe,
    0x3a, 0xbe, 0x3a, 0xbe, 0x3a, 0xbe, 0x3a, 0xbe, 0x3a, 0xbe, 0x3a, 0xbe, 0x3a, 0xbe, 0x3a, 0xbe,
    0x3a, 0xbe, 0x3a, 0xbe, 0x3a, 0xbe, 0x3a, 0xbe, 0x3a, 0xbe, 0x3a, 0xbe, 0x3a, 0xbe, 0x3a, 0xbe,
    0x3a, 0xbe, 0x3a, 0xbe, 0x3a, 0xbe, 0x3a, 0xbe, 0x3a, 0xbe, 0x3a, 0xbe, 0x3a, 0xbe, 0x3a, 0xbe,
    0x3a, 0xbe, 0x3a, 0xbe, 0x3a, 0xbe, 0x3a, 0xbe, 0x3a, 0xbe, 0x3a, 0xbe, 0x3a, 0xbe, 0x3a, 0xbe,
    0x3a, 0xbe, 0x3a, 0xbe, 0x3a, 0xbe, 0x3a, 0xbe, 0x3a, 0xbe, 0x3a, 0xbe, 0x3a, 0xbe, 0x3a, 0xbe,
    0x3a, 0xbe, 0x3a, 0xbe, 0x3a, 0xbe, 0x3a, 0xbe, 0x3a, 0xbe, 0x3a, 0xbe, 0x3a, 0xbe, 0x3a, 0xbe,
    0x3a, 0xbe, 0x3a, 0xbe, 0x3a, 0xbe, 0x3a, 0xbe, 0x3a, 0xbe, 0x3a, 0xbe, 0x3a, 0xbe, 0x3a, 0xbe,
    0x3a, 0xbe, 0x3a, 0xbe, 0x3a, 0xbe, 0x3a, 0xbe, 0x3a, 0xbe, 0x3a, 0xbe, 0x3a, 0xbe, 0x3a, 0xbe,
    0x3a, 0xbe, 0x3a, 0xbe, 0xb4, 0x8c, 0x62, 0x08, 0x62, 0x08, 0x62, 0x08, 0x62, 0x08, 0x62, 0x08,
    0x62, 0x08, 0x62, 0x08, 0x62, 0x08, 0x62, 0x08, 0x62, 0x08, 0x62, 0x08, 0x62, 0x08, 0x62, 0x08,
    0x3a, 0xbe, 0x3a, 0xbe, 0x3a, 0xbe, 0x3a, 0xbe, 0x3a, 0xbe, 0x3a, 0xbe, 0x3a, 0xbe, 0x3a, 0xbe,
    0x3a, 0xbe, 0x3a, 0xbe, 0x3a, 0xbe, 0x3a, 0xbe, 0x3a, 0xbe, 0x3a, 0xbe, 0x3a, 0xbe, 0x3a, 0xbe,
    0x3a, 0xbe, 0x3a, 0xbe, 0x3a, 0xbe, 0x3a, 0xbe, 0x3a, 0xbe, 0x3a, 0xbe, 0x3a, 0xbe, 0x3a, 0xbe,
    0x3a, 0xbe, 0x3a, 0xbe, 0x3a, 0xbe, 0x3a, 0xbe, 0x3a, 0xbe, 0x3a, 0xbe, 0x3a, 0xbe, 0x3a, 0xbe,
    0x3a, 0xbe, 0x3a, 0xbe, 0x3a, 0xbe, 0x3a, 0xbe, 0x3a, 0xbe, 0x3a, 0xbe, 0x3a, 0xbe, 0x3a, 0xbe,
    0x3a, 0xbe, 0x3a, 0xbe, 0x3a, 0xbe, 0x3a, 0xbe, 0x3a, 0xbe, 0x3a, 0xbe, 0x3a, 0xbe, 0x3a, 0xbe,
    0x3a, 0xbe, 0x3a, 0xbe, 0x3a, 0xbe, 0x3a, 0xbe, 0x3a, 0xbe, 0x3a, 0xbe, 0x3a, 0xbe, 0x3a, 0xbe,
    0x3a, 0xbe, 0x3a, 0xbe, 0x3a, 0xbe, 0x3a, 0xbe, 0x3a, 0xbe, 0x3a, 0xbe, 0x3a, 0xbe, 0x3a, 0xbe,
    0x3a, 0xbe, 0x3a, 0xbe, 0x3a, 0xbe, 0x3a, 0xbe, 0x3a, 0xbe, 0x3a, 0xbe, 0x3a, 0xbe, 0x3a, 0xbe,
    0x3a, 0xbe, 0x3a, 0xbe, 0x3a, 0xbe, 0x3a, 0xbe, 0x3a, 0xbe, 0x3a, 0xbe, 0x3a, 0xbe, 0xaf, 0x6b,
    0x62, 0x08, 0x62, 0x08, 0x62, 0x08, 0x62, 0x08, 0x62, 0x08, 0x62, 0x08, 0x62, 0x08, 0x62, 0x08,
    0x62, 0x08, 0x62, 0x08, 0x62, 0x08, 0x62, 0x08, 0x62, 0x08, 0x15, 0x95, 0x3a, 0xbe, 0x3a, 0xbe,
    0x3a, 0xbe, 0x3a, 0xbe, 0x3a, 0xbe, 0x3a, 0xbe, 0x3a, 0xbe, 0x3a, 0xbe, 0x3a, 0xbe, 0x3a, 0xbe,
    0x3a, 0xbe, 0x3a, 0xbe, 0x3a, 0xbe, 0x3a, 0xbe, 0x3a, 0xbe, 0x3a, 0xbe, 0x3a, 0xbe, 0x3a, 0xbe,
    0x3a, 0xbe, 0x3a, 0xbe, 0x3a, 0xbe, 0x3a, 0xbe, 0x3a, 0xbe, 0x3a, 0xbe, 0x3a, 0xbe, 0x3a, 0xbe,
    0x3a, 0xbe, 0x3a, 0xbe, 0x3a, 0xbe, 0x3a, 0xbe, 0x3a, 0xbe, 0x3a, 0xbe, 0x3a, 0xbe, 0x3a, 0xbe,
    0x3a, 0xbe, 0x3a, 0xbe, 0x3a, 0xbe, 0x3a, 0xbe, 0x3a, 0xbe, 0x3a, 0xbe, 0x3a, 0xbe, 0x3a, 0xbe,
    0x3a, 0xbe, 0x3a, 0xbe, 0x3a, 0xbe, 0x3a, 0xbe, 0x3a, 0xbe, 0x3a, 0xbe, 0x3a, 0xbe, 0x3a, 0xbe,
    0x3a, 0xbe, 0x3a, 0xbe, 0x3a, 0xbe, 0x3a, 0xbe, 0x3a, 0xbe, 0x3a, 0xbe, 0x3a, 0xbe, 0x3a, 0xbe,
    0x3a, 0xbe, 0x3a, 0xbe, 0x3a, 0xbe, 0x3a, 0xbe, 0x3a, 0xbe, 0x3a, 0xbe, 0x3a, 0xbe, 0x3a, 0xbe,
    0x3a, 0xbe, 0x3a, 0xbe, 0x3a, 0xbe, 0x3a, 0xbe, 0x3a, 0xbe, 0x3a, 0xbe, 0x3a, 0xbe, 0x3a, 0xbe,
    0x3a, 0xbe, 0x3a, 0xbe, 0x3a, 0xbe, 0x3a, 0xbe, 0x66, 0x29, 0x62, 0x08, 0x62, 0x08, 0x62, 0x08,
    0x62, 0x08, 0x62, 0x08, 0x62, 0x08, 0x62, 0x08, 0x62, 0x08, 0x62, 0x08, 0x62, 0x08, 0x62, 0x08,
    0x62, 0x08, 0x62, 0x08, 0xb4, 0x8c, 0x3a, 0xbe, 0x3a, 0xbe, 0x3a, 0xbe, 0x3a, 0xbe, 0x3a, 0xbe,
    0x3a, 0xbe, 0x3a, 0xbe, 0x3a, 0xbe, 0x3a, 0xbe, 0x3a, 0xbe, 0x3a, 0xbe, 0x3a, 0xbe, 0x3a, 0xbe,
    0x3a, 0xbe, 0x3a, 0xbe, 0x3a, 0xbe, 0x3a, 0xbe, 0x3a, 0xbe, 0x3a, 0xbe, 0x3a, 0xbe, 0x3a, 0xbe,
    0x3a, 0xbe, 0x3a, 0xbe, 0x3a, 0xbe, 0x3a, 0xbe, 0x3a, 0xbe, 0x3a, 0xbe, 0x3a, 0xbe, 0x3a, 0xbe,
    0x3a, 0xbe, 0x3a, 0xbe, 0x3a, 0xbe, 0x3a, 0xbe, 0x3a, 0xbe, 0x3a, 0xbe, 0x3a, 0xbe, 0x3a, 0xbe,
    0x3a, 0xbe, 0x3a, 0xbe, 0x3a, 0xbe, 0x3a, 0xbe, 0x3a, 0xbe, 0x3a, 0xbe, 0x3a, 0xbe, 0x3a, 0xbe,
    0x3a, 0xbe, 0x3a, 0xbe, 0x3a, 0xbe, 0x3a, 0xbe, 0x3a, 0xbe, 0x3a, 0xbe, 0x3a, 0xbe, 0x3a, 0xbe,
    0x3a, 0xbe, 0x3a, 0xbe, 0x3a, 0xbe, 0x3a, 0xbe, 0x3a, 0xbe, 0x3a, 0xbe, 0x3a, 0xbe, 0x3a, 0xbe,
    0x3a, 0xbe, 0x3a, 0xbe, 0x3a, 0xbe, 0x3a, 0xbe, 0x3a, 0xbe, 0x3a, 0xbe, 0x3a, 0xbe, 0x3a, 0xbe,
    0x3a, 0xbe, 0x3a, 0xbe, 0x3a, 0xbe, 0x3a, 0xbe, 0x3a, 0xbe, 0x3a, 0xbe, 0x3a, 0xbe, 0x3a, 0xbe,
    0x77, 0xa5, 0x62, 0x08, 0x62, 0x08, 0x62, 0x08, 0x62, 0x08, 0x62, 0x08, 0x62, 0x08, 0x62, 0x08,
    0x62, 0x08, 0x62, 0x08, 0x62, 0x08, 0x62, 0x08, 0x62, 0x08, 0x62, 0x08, 0x62, 0x08, 0xec, 0x52,
    0x3a, 0xbe, 0x3a, 0xbe, 0x3a, 0xbe, 0x3a, 0xbe, 0x3a, 0xbe, 0x3a, 0xbe, 0x3a, 0xbe, 0x3a, 0xbe,
    0x3a, 0xbe, 0x3a, 0xbe, 0x3a, 0xbe, 0x3a, 0xbe, 0x3a, 0xbe, 0x3a, 0xbe, 0x3a, 0xbe, 0x3a, 0xbe,
    0x3a, 0xbe, 0x3a, 0xbe, 0x3a, 0xbe, 0x3a, 0xbe, 0x3a, 0xbe, 0x3a, 0xbe, 0x3a, 0xbe, 0x3a, 0xbe,
    0x3a, 0xbe, 0x3a, 0xbe, 0x3a, 0xbe, 0x3a, 0xbe, 0x3a, 0xbe, 0x3a, 0xbe, 0x3a, 0xbe, 0x3a, 0xbe,
    0x3a, 0xbe, 0x3a, 0xbe, 0x3a, 0xbe, 0x3a, 0xbe, 0x3a, 0xbe, 0x3a, 0xbe, 0x3a, 0xbe, 0x3a, 0xbe,
    0x3a, 0xbe, 0x3a, 0xbe, 0x3a, 0xbe, 0x3a, 0xbe, 0x3a, 0xbe, 0x3a, 0xbe, 0x3a, 0xbe, 0x3a, 0xbe,
    0x3a, 0xbe, 0x3a, 0xbe, 0x3a, 0xbe, 0x3a, 0xbe, 0x3a, 0xbe, 0x3a, 0xbe, 0x3a, 0xbe, 0x3a, 0xbe,
    0x3a, 0xbe, 0x3a, 0xbe, 0x3a, 0xbe, 0x3a, 0xbe, 0x3a, 0xbe, 0x3a, 0xbe, 0x3a, 0xbe, 0x3a, 0xbe,
    0x3a, 0xbe, 0x3a, 0xbe, 0x3a, 0xbe, 0x3a, 0xbe, 0x3a, 0xbe, 0x3a, 0xbe, 0x3a, 0xbe, 0x3a, 0xbe,
    0x3a, 0xbe, 0x3a, 0xbe, 0x3a, 0xbe, 0x3a, 0xbe, 0x3a, 0xbe, 0x4e, 0x63, 0x62, 0x08, 0x62, 0x08,
    0x62, 0x08, 0x62, 0x08, 0x62, 0x08, 0x62, 0x08, 0x62, 0x08, 0x62, 0x08, 0x62, 0x08, 0x62, 0x08,
    0x62, 0x08, 0x62, 0x08, 0x62, 0x08, 0x62, 0x08, 0x05, 0x19, 0x3a, 0xbe, 0x3a, 0xbe, 0x3a, 0xbe,
    0x3a, 0xbe, 0x3a, 0xbe, 0x3a, 0xbe, 0x3a, 0xbe, 0x3a, 0xbe, 0x3a, 0xbe, 0x3a, 0xbe, 0x3a, 0xbe,
    0x3a, 0xbe, 0x3a, 0xbe, 0x3a, 0xbe, 0x3a, 0xbe, 0x3a, 0xbe, 0x3a, 0xbe, 0x3a, 0xbe, 0x3a, 0xbe,
    0x3a, 0xbe, 0x3a, 0xbe, 0x3a, 0xbe, 0x3a, 0xbe, 0x3a, 0xbe, 0x3a, 0xbe, 0x3a, 0xbe, 0x3a, 0xbe,
    0x3a, 0xbe, 0x3a, 0xbe, 0x3a, 0xbe, 0x3a, 0xbe, 0x3a, 0xbe, 0x3a, 0xbe, 0x3a, 0xbe, 0x3a, 0xbe,
    0x3a, 0xbe, 0x3a, 0xbe, 0x3a, 0xbe, 0x3a, 0xbe, 0x3a, 0xbe, 0x3a, 0xbe, 0x3a, 0xbe, 0x3a, 0xbe,
    0x3a, 0xbe, 0x3a, 0xbe, 0x3a, 0xbe, 0x3a, 0xbe, 0x3a, 0xbe, 0x3a, 0xbe, 0x3a, 0xbe, 0x3a, 0xbe,
    0x3a, 0xbe, 0x3a, 0xbe, 0x3a, 0xbe, 0x3a, 0xbe, 0x3a, 0xbe, 0x3a, 0xbe, 0x3a, 0xbe, 0x3a, 0xbe,
    0x3a, 0xbe, 0x3a, 0xbe, 0x3a, 0xbe, 0x3a, 0xbe, 0x3a, 0xbe, 0x3a, 0xbe, 0x3a, 0xbe, 0x3a, 0xbe,
    0x3a, 0xbe, 0x3a, 0xbe, 0x3a, 0xbe, 0x3a, 0xbe, 0x3a, 0xbe, 0x3a, 0xbe, 0x3a, 0xbe, 0x3a, 0xbe,
    0x3a, 0xbe, 0x77, 0xa5, 0x62, 0x08, 0x62, 0x08, 0x62, 0x08, 0x62, 0x08, 0x62, 0x08, 0x62, 0x08,
    0x62, 0x08, 0x62, 0x08, 0x62, 0x08, 0x62, 0x08, 0x62, 0x08, 0x62, 0x08, 0x62, 0x08, 0x62, 0x08,
    0x62, 0x08, 0x62, 0x08, 0xf1, 0x73, 0x3a, 0xbe, 0x3a, 0xbe, 0x3a, 0xbe, 0x3a, 0xbe, 0x3a, 0xbe,
    0x3a, 0xbe, 0x3a, 0xbe, 0x3a, 0xbe, 0x3a, 0xbe, 0x3a, 0xbe, 0x3a, 0xbe, 0x3a, 0xbe, 0x3a, 0xbe,
    0x3a, 0xbe, 0x3a, 0xbe, 0x3a, 0xbe, 0x3a, 0xbe, 0x3a, 0xbe, 0x3a, 0xbe, 0x3a, 0xbe, 0x3a, 0xbe,
    0x3a, 0xbe, 0x3a, 0xbe, 0x3a, 0xbe, 0x3a, 0xbe, 0x3a, 0xbe, 0x3a, 0xbe, 0x3a, 0xbe, 0x3a, 0xbe,
    0x3a, 0xbe, 0x3a, 0xbe, 0x3a, 0xbe, 0x3a, 0xbe, 0x3a, 0xbe, 0x3a, 0xbe, 0x3a, 0xbe, 0x3a, 0xbe,
    0x3a, 0xbe, 0x3a, 0xbe, 0x3a, 0xbe, 0x3a, 0xbe, 0x3a, 0xbe, 0x3a, 0xbe, 0x3a, 0xbe, 0x3a, 0xbe,
    0x3a, 0xbe, 0x3a, 0xbe, 0x3a, 0xbe, 0x3a, 0xbe, 0x3a, 0xbe, 0x3a, 0xbe, 0x3a, 0xbe, 0x3a, 0xbe,
    0x3a, 0xbe, 0x3a, 0xbe, 0x3a, 0xbe, 0x3a, 0xbe, 0x3a, 0xbe, 0x3a, 0xbe, 0x3a, 0xbe, 0x3a, 0xbe,
    0x3a, 0xbe, 0x3a, 0xbe, 0x3a, 0xbe, 0x3a, 0xbe, 0x3a, 0xbe, 0x3a, 0xbe, 0x3a, 0xbe, 0x3a, 0xbe,
    0x3a, 0xbe, 0x3a, 0xbe, 0x3a, 0xbe, 0x3a, 0xbe, 0x3a, 0xbe, 0x3a, 0xbe, 0xc8, 0x31, 0x62, 0x08,
    0x62, 0x08, 0x62, 0x08, 0x62, 0x08, 0x62, 0x08, 0x62, 0x08, 0x62, 0x08, 0x62, 0x08, 0x62, 0x08,
    0x62, 0x08, 0x62, 0x08, 0x62, 0x08, 0x62, 0x08, 0x62, 0x08, 0x62, 0x08, 0x62, 0x08, 0x05, 0x19,
    0xd8, 0xad, 0x3a, 0xbe, 0x3a, 0xbe, 0x3a, 0xbe, 0x3a, 0xbe, 0x3a, 0xbe, 0x3a, 0xbe, 0x3a, 0xbe,
    0x3a, 0xbe, 0x3a, 0xbe, 0x3a, 0xbe, 0x3a, 0xbe, 0x3a, 0xbe, 0x3a, 0xbe, 0x3a, 0xbe, 0x3a, 0xbe,
    0x3a, 0xbe, 0x3a, 0xbe, 0x3a, 0xbe, 0x3a, 0xbe, 0x3a, 0xbe, 0x3a, 0xbe, 0x3a, 0xbe, 0x3a, 0xbe,
    0x3a, 0xbe, 0x3a, 0xbe, 0x3a, 0xbe, 0x3a, 0xbe, 0x3a, 0xbe, 0x3a, 0xbe, 0x3a, 0xbe, 0x3a, 0xbe,
    0x3a, 0xbe, 0x3a, 0xbe, 0x3a, 0xbe, 0x3a, 0xbe, 0x3a, 0xbe, 0x3a, 0xbe, 0x3a, 0xbe, 0x3a, 0xbe,
    0x3a, 0xbe, 0x3a, 0xbe, 0x3a, 0xbe, 0x3a, 0xbe, 0x3a, 0xbe, 0x3a, 0xbe, 0x3a, 0xbe, 0x3a, 0xbe,
    0x3a, 0xbe, 0x3a, 0xbe, 0x3a, 0xbe, 0x3a, 0xbe, 0x3a, 0xbe, 0x3a, 0xbe, 0x3a, 0xbe, 0x3a, 0xbe,
    0x3a, 0xbe, 0x3a, 0xbe, 0x3a, 0xbe, 0x3a, 0xbe, 0x3a, 0xbe, 0x3a, 0xbe, 0x3a, 0xbe, 0x3a, 0xbe,
    0x3a, 0xbe, 0x3a, 0xbe, 0x3a, 0xbe, 0x3a, 0xbe, 0x3a, 0xbe, 0x3a, 0xbe, 0x3a, 0xbe, 0x3a, 0xbe,
    0x3a, 0xbe, 0x3a, 0xbe, 0xec, 0x52, 0x62, 0x08, 0x62, 0x08, 0x62, 0x08, 0x62, 0x08, 0x62, 0x08,
    0x62, 0x08, 0x62, 0x08, 0x62, 0x08, 0x62, 0x08, 0x62, 0x08, 0x62, 0x08, 0x62, 0x08, 0x62, 0x08,
    0x62, 0x08, 0x62, 0x08, 0x62, 0x08, 0x62, 0x08, 0x62, 0x08, 0x8b, 0x4a, 0x3a, 0xbe, 0x3a, 0xbe,
    0x3a, 0xbe, 0x3a, 0xbe, 0x3a, 0xbe, 0x3a, 0xbe, 0x3a, 0xbe, 0x3a, 0xbe, 0x3a, 0xbe, 0x3a, 0xbe,
    0x3a, 0xbe, 0x3a, 0xbe, 0x3a, 0xbe, 0x3a, 0xbe, 0x3a, 0xbe, 0x3a, 0xbe, 0x3a, 0xbe, 0x3a, 0xbe,
    0x3a, 0xbe, 0x3a, 0xbe, 0x3a, 0xbe, 0x3a, 0xbe, 0x3a, 0xbe, 0x3a, 0xbe, 0x3a, 0xbe, 0x3a, 0xbe,
    0x3a, 0xbe, 0x3a, 0xbe, 0x3a, 0xbe, 0x3a, 0xbe, 0x3a, 0xbe, 0x3a, 0xbe, 0x3a, 0xbe, 0x3a, 0xbe,
    0x3a, 0xbe, 0x3a, 0xbe, 0x3a, 0xbe, 0x3a, 0xbe, 0x3a, 0xbe, 0x3a, 0xbe, 0x3a, 0xbe, 0x3a, 0xbe,
    0x3a, 0xbe, 0x3a, 0xbe, 0x3a, 0xbe, 0x3a, 0xbe, 0x3a, 0xbe, 0x3a, 0xbe, 0x3a, 0xbe, 0x3a, 0xbe,
    0x3a, 0xbe, 0x3a, 0xbe, 0x3a, 0xbe, 0x3a, 0xbe, 0x3a, 0xbe, 0x3a, 0xbe, 0x3a, 0xbe, 0x3a, 0xbe,
    0x3a, 0xbe, 0x3a, 0xbe, 0x3a, 0xbe, 0x3a, 0xbe, 0x3a, 0xbe, 0x3a, 0xbe, 0x3a, 0xbe, 0x3a, 0xbe,
    0x3a, 0xbe, 0x3a, 0xbe, 0x3a, 0xbe, 0x3a, 0xbe, 0x3a, 0xbe, 0x3a, 0xbe, 0xf1, 0x73, 0x62, 0x08,
    0x62, 0x08, 0x62, 0x08, 0x62, 0x08, 0x62, 0x08, 0x62, 0x08, 0x62, 0x08, 0x62, 0x08, 0x62, 0x08,
    0x62, 0x08, 0x62, 0x08, 0x62, 0x08, 0x62, 0x08, 0x62, 0x08, 0x62, 0x08, 0x62, 0x08, 0x62, 0x08,
    0x62, 0x08, 0x62, 0x08, 0x62, 0x08, 0xaf, 0x6b, 0x3a, 0xbe, 0x3a, 0xbe, 0x3a, 0xbe, 0x3a, 0xbe,
    0x3a, 0xbe, 0x3a, 0xbe, 0x3a, 0xbe, 0x3a, 0xbe, 0x3a, 0xbe, 0x3a, 0xbe, 0x3a, 0xbe, 0x3a, 0xbe,
    0x3a, 0xbe, 0x3a, 0xbe, 0x3a, 0xbe, 0x3a, 0xbe, 0x3a, 0xbe, 0x3a, 0xbe, 0x3a, 0xbe, 0x3a, 0xbe,
    0x3a, 0xbe, 0x3a, 0xbe, 0x3a, 0xbe, 0x3a, 0xbe, 0x3a, 0xbe, 0x3a, 0xbe, 0x3a, 0xbe, 0x3a, 0xbe,
    0x3a, 0xbe, 0x3a, 0xbe, 0x3a, 0xbe, 0x3a, 0xbe, 0x3a, 0xbe, 0x3a, 0xbe, 0x3a, 0xbe, 0x3a, 0xbe,
    0x3a, 0xbe, 0x3a, 0xbe, 0x3a, 0xbe, 0x3a, 0xbe, 0x3a, 0xbe, 0x3a, 0xbe, 0x3a, 0xbe, 0x3a, 0xbe,
    0x3a, 0xbe, 0x3a, 0xbe, 0x3a, 0xbe, 0x3a, 0xbe, 0x3a, 0xbe, 0x3a, 0xbe, 0x3a, 0xbe, 0x3a, 0xbe,
    0x3a, 0xbe, 0x3a, 0xbe, 0x3a, 0xbe, 0x3a, 0xbe, 0x3a, 0xbe, 0x3a, 0xbe, 0x3a, 0xbe, 0x3a, 0xbe,
    0x3a, 0xbe, 0x3a, 0xbe, 0x3a, 0xbe, 0x3a, 0xbe, 0x3a, 0xbe, 0x3a, 0xbe, 0x3a, 0xbe, 0x3a, 0xbe,
    0x3a, 0xbe, 0x3a, 0xbe, 0xaf, 0x6b, 0x62, 0x08, 0x62, 0x08, 0x62, 0x08, 0x62, 0x08, 0x62, 0x08,
    0x62, 0x08, 0x62, 0x08, 0x62, 0x08, 0x62, 0x08, 0x62, 0x08, 0x62, 0x08, 0x62, 0x08, 0x62, 0x08,
    0x62, 0x08, 0x62, 0x08, 0x62, 0x08, 0x62, 0x08, 0x62, 0x08, 0x62, 0x08, 0x62, 0x08, 0x62, 0x08,
    0x62, 0x08, 0x4e, 0x63, 0x3a, 0xbe, 0x3a, 0xbe, 0x3a, 0xbe, 0x3a, 0xbe, 0x3a, 0xbe, 0x3a, 0xbe,
    0x3a, 0xbe, 0x3a, 0xbe, 0x3a, 0xbe, 0x3a, 0xbe, 0x3a, 0xbe, 0x3a, 0xbe, 0x3a, 0xbe, 0x3a, 0xbe,
    0x3a, 0xbe, 0x3a, 0xbe, 0x3a, 0xbe, 0x3a, 0xbe, 0x3a, 0xbe, 0x3a, 0xbe, 0x3a, 0xbe, 0x3a, 0xbe,
    0x3a, 0xbe, 0x3a, 0xbe, 0x3a, 0xbe, 0x3a, 0xbe, 0x3a, 0xbe, 0x3a, 0xbe, 0x3a, 0xbe, 0x3a, 0xbe,
    0x3a, 0xbe, 0x3a, 0xbe, 0x3a, 0xbe, 0x3a, 0xbe, 0x3a, 0xbe, 0x3a, 0xbe, 0x3a, 0xbe, 0x3a, 0xbe,
    0x3a, 0xbe, 0x3a, 0xbe, 0x3a, 0xbe, 0x3a, 0xbe, 0x3a, 0xbe, 0x3a, 0xbe, 0x3a, 0xbe, 0x3a, 0xbe,
    0x3a, 0xbe, 0x3a, 0xbe, 0x3a, 0xbe, 0x3a, 0xbe, 0x3a, 0xbe, 0x3a, 0xbe, 0x3a, 0xbe, 0x3a, 0xbe,
    0x3a, 0xbe, 0x3a, 0xbe, 0x3a, 0xbe, 0x3a, 0xbe, 0x3a, 0xbe, 0x3a, 0xbe, 0x3a, 0xbe, 0x3a, 0xbe,
    0x3a, 0xbe, 0x3a, 0xbe, 0x3a, 0xbe, 0x3a, 0xbe, 0x3a, 0xbe, 0xd8, 0xad, 0xc8, 0x31, 0x62, 0x08,
    0x62, 0x08, 0x62, 0x08, 0x62, 0x08, 0x62, 0x08, 0x62, 0x08, 0x62, 0x08, 0x62, 0x08, 0x62, 0x08,
    0x62, 0x08, 0x62, 0x08, 0x62, 0x08, 0x62, 0x08, 0x62, 0x08, 0x62, 0x08, 0x62, 0x08, 0x62, 0x08,
    0x62, 0x08, 0x62, 0x08, 0x62, 0x08, 0x62, 0x08, 0x62, 0x08, 0x62, 0x08, 0x62, 0x08, 0x29, 0x3a,
    0xd8, 0xad, 0x3a, 0xbe, 0x3a, 0xbe, 0x3a, 0xbe, 0x3a, 0xbe, 0x3a, 0xbe, 0x3a, 0xbe, 0x3a, 0xbe,
    0x3a, 0xbe, 0x3a, 0xbe, 0x3a, 0xbe, 0x3a, 0xbe, 0x3a, 0xbe, 0x3a, 0xbe, 0x3a, 0xbe, 0x3a, 0xbe,
    0x3a, 0xbe, 0x3a, 0xbe, 0x3a, 0xbe, 0x3a, 0xbe, 0x3a, 0xbe, 0x3a, 0xbe, 0x3a, 0xbe, 0x3a, 0xbe,
    0x3a, 0xbe, 0x3a, 0xbe, 0x3a, 0xbe, 0x3a, 0xbe, 0x3a, 0xbe, 0x3a, 0xbe, 0x3a, 0xbe, 0x3a, 0xbe,
    0x3a, 0xbe, 0x3a, 0xbe, 0x3a, 0xbe, 0x3a, 0xbe, 0x3a, 0xbe, 0x3a, 0xbe, 0x3a, 0xbe, 0x3a, 0xbe,
    0x3a, 0xbe, 0x3a, 0xbe, 0x3a, 0xbe, 0x3a, 0xbe, 0x3a, 0xbe, 0x3a, 0xbe, 0x3a, 0xbe, 0x3a, 0xbe,
    0x3a, 0xbe, 0x3a, 0xbe, 0x3a, 0xbe, 0x3a, 0xbe, 0x3a, 0xbe, 0x3a, 0xbe, 0x3a, 0xbe, 0x3a, 0xbe,
    0x3a, 0xbe, 0x3a, 0xbe, 0x3a, 0xbe, 0x3a, 0xbe, 0x3a, 0xbe, 0x3a, 0xbe, 0x3a, 0xbe, 0x3a, 0xbe,
    0x3a, 0xbe, 0xf1, 0x73, 0xc3, 0x10, 0x62, 0x08, 0x62, 0x08, 0x62, 0x08, 0x62, 0x08, 0x62, 0x08,
    0x62, 0x08, 0x62, 0x08, 0x62, 0x08, 0x62, 0x08, 0x62, 0x08, 0x62, 0x08, 0x62, 0x08, 0x62, 0x08,
    0x62, 0x08, 0x62, 0x08, 0x62, 0x08, 0x62, 0x08, 0x62, 0x08, 0x62, 0x08, 0x62, 0x08, 0x62, 0x08,
    0x62, 0x08, 0x62, 0x08, 0x62, 0x08, 0x62, 0x08, 0x62, 0x08, 0xc3, 0x10, 0x4e, 0x63, 0xd8, 0xad,
    0x3a, 0xbe, 0x3a, 0xbe, 0x3a, 0xbe, 0x3a, 0xbe, 0x3a, 0xbe, 0x3a, 0xbe, 0x3a, 0xbe, 0x3a, 0xbe,
    0x3a, 0xbe, 0x3a, 0xbe, 0x3a, 0xbe, 0x3a, 0xbe, 0x3a, 0xbe, 0x3a, 0xbe, 0x3a, 0xbe, 0x3a, 0xbe,
    0x3a, 0xbe, 0x3a, 0xbe, 0x3a, 0xbe, 0x3a, 0xbe, 0x3a, 0xbe, 0x3a, 0xbe, 0x3a, 0xbe, 0x3a, 0xbe,
    0x3a, 0xbe, 0x3a, 0xbe, 0x3a, 0xbe, 0x3a, 0xbe, 0x3a, 0xbe, 0x3a, 0xbe, 0x3a, 0xbe, 0x3a, 0xbe,
    0x3a, 0xbe, 0x3a, 0xbe, 0x3a, 0xbe, 0x3a, 0xbe, 0x3a, 0xbe, 0x3a, 0xbe, 0x3a, 0xbe, 0x3a, 0xbe,
    0x3a, 0xbe, 0x3a, 0xbe, 0x3a, 0xbe, 0x3a, 0xbe, 0x3a, 0xbe, 0x3a, 0xbe, 0x3a, 0xbe, 0x3a, 0xbe,
    0x3a, 0xbe, 0x3a, 0xbe, 0x3a, 0xbe, 0x3a, 0xbe, 0x3a, 0xbe, 0x3a, 0xbe, 0x3a, 0xbe, 0x3a, 0xbe,
    0x3a, 0xbe, 0x3a, 0xbe, 0x3a, 0xbe, 0xd8, 0xad, 0x4e, 0x63, 0xc3, 0x10, 0x62, 0x08, 0x62, 0x08,
    0x62, 0x08, 0x62, 0x08, 0x62, 0x08, 0x62, 0x08, 0x62, 0x08, 0x62, 0x08, 0x62, 0x08, 0x62, 0x08,
    0x62, 0x08, 0x62, 0x08, 0x62, 0x08, 0x62, 0x08, 0x62, 0x08, 0x62, 0x08, 0x62, 0x08, 0x62, 0x08,
    0x62, 0x08, 0x62, 0x08, 0x62, 0x08, 0x62, 0x08, 0x62, 0x08, 0x62, 0x08, 0x62, 0x08, 0x62, 0x08,
    0x62, 0x08, 0x62, 0x08, 0x62, 0x08, 0x62, 0x08, 0x62, 0x08, 0xc8, 0x31, 0xaf, 0x6b, 0xb4, 0x8c,
    0x15, 0x95, 0x3a, 0xbe, 0x3a, 0xbe, 0x3a, 0xbe, 0x3a, 0xbe, 0x3a, 0xbe, 0x3a, 0xbe, 0x3a, 0xbe,
    0x3a, 0xbe, 0x3a, 0xbe, 0x3a, 0xbe, 0x3a, 0xbe, 0x3a, 0xbe, 0x3a, 0xbe, 0x3a, 0xbe, 0x3a, 0xbe,
    0x3a, 0xbe, 0x3a, 0xbe, 0x3a, 0xbe, 0x3a, 0xbe, 0x3a, 0xbe, 0x3a, 0xbe, 0x3a, 0xbe, 0x3a, 0xbe,
    0x3a, 0xbe, 0x3a, 0xbe, 0x3a, 0xbe, 0x3a, 0xbe, 0x3a, 0xbe, 0x3a, 0xbe, 0x3a, 0xbe, 0x3a, 0xbe,
    0x3a, 0xbe, 0x3a, 0xbe, 0x3a, 0xbe, 0x3a, 0xbe, 0x3a, 0xbe, 0x3a, 0xbe, 0x3a, 0xbe, 0x3a, 0xbe,
    0x3a, 0xbe, 0x3a, 0xbe, 0x3a, 0xbe, 0x3a, 0xbe, 0x3a, 0xbe, 0x3a, 0xbe, 0x3a, 0xbe, 0x3a, 0xbe,
    0x3a, 0xbe, 0x3a, 0xbe, 0x3a, 0xbe, 0x77, 0xa5, 0xb4, 0x8c, 0x52, 0x84, 0xec, 0x52, 0x66, 0x29,
    0x62, 0x08, 0x62, 0x08, 0x62, 0x08, 0x62, 0x08, 0x62, 0x08, 0x62, 0x08, 0x62, 0x08, 0x62, 0x08,
    0x62, 0x08, 0x62, 0x08, 0x62, 0x08, 0x62, 0x08, 0x62, 0x08, 0x62, 0x08, 0x62, 0x08, 0x62, 0x08,
    0x62, 0x08, 0x62, 0x08, 0x62, 0x08, 0x62, 0x08, 0x62, 0x08, 0x62, 0x08, 0x62, 0x08, 0x62, 0x08,
    0x62, 0x08, 0x62, 0x08, 0x62, 0x08, 0x62, 0x08, 0x62, 0x08, 0x62, 0x08, 0x62, 0x08, 0x62, 0x08,
    0x62, 0x08, 0x62, 0x08, 0x62, 0x08, 0x62, 0x08, 0x62, 0x08, 0x62, 0x08, 0x62, 0x08, 0x62, 0x08,
    0x62, 0x08, 0x62, 0x08, 0x62, 0x08, 0x62, 0x08, 0x62, 0x08, 0x62, 0x08, 0x62, 0x08, 0x62, 0x08,
    0x62, 0x08, 0x62, 0x08, 0x62, 0x08, 0x62, 0x08, 0x62, 0x08, 0x62, 0x08, 0x62, 0x08, 0x62, 0x08,
    0x62, 0x08, 0x62, 0x08, 0x62, 0x08, 0x62, 0x08, 0x62, 0x08, 0x62, 0x08, 0x62, 0x08, 0x62, 0x08,
    0x62, 0x08, 0x62, 0x08, 0x62, 0x08, 0x62, 0x08, 0x62, 0x08, 0x62, 0x08, 0x62, 0x08, 0x62, 0x08,
    0x62, 0x08, 0x62, 0x08, 0x62, 0x08, 0x62, 0x08, 0x62, 0x08, 0x62, 0x08, 0x62, 0x08, 0x62, 0x08,
    0x62, 0x08, 0x62, 0x08, 0x62, 0x08, 0x62, 0x08, 0x62, 0x08, 0x62, 0x08, 0x62, 0x08, 0x62, 0x08,
    0x62, 0x08, 0x62, 0x08, 0x62, 0x08, 0x62, 0x08, 0x62, 0x08, 0x62, 0x08, 0x62, 0x08, 0x62, 0x08,
    0x62, 0x08, 0x62, 0x08, 0x62, 0x08, 0x62, 0x08, 0x62, 0x08, 0x62, 0x08, 0x62, 0x08, 0x62, 0x08,
    0x62, 0x08, 0x62, 0x08, 0x62, 0x08, 0x62, 0x08, 0x62, 0x08, 0x62, 0x08, 0x62, 0x08, 0x62, 0x08,
    0x62, 0x08, 0x62, 0x08, 0x62, 0x08, 0x62, 0x08, 0x62, 0x08, 0x62, 0x08, 0x62, 0x08, 0x62, 0x08,
    0x62, 0x08, 0x62, 0x08, 0x62, 0x08, 0x62, 0x08, 0x62, 0x08, 0x62, 0x08, 0x62, 0x08, 0x62, 0x08,
    0x62, 0x08, 0x62, 0x08, 0x62, 0x08, 0x62, 0x08, 0x62, 0x08, 0x62, 0x08, 0x62, 0x08, 0x62, 0x08,
    0x62, 0x08, 0x62, 0x08, 0x62, 0x08, 0x62, 0x08, 0x62, 0x08, 0x62, 0x08, 0x62, 0x08, 0x62, 0x08,
    0x62, 0x08, 0x62, 0x08, 0x62, 0x08, 0x62, 0x08, 0x62, 0x08, 0x62, 0x08, 0x62, 0x08, 0x62, 0x08,
    0x62, 0x08, 0x62, 0x08, 0x62, 0x08, 0x62, 0x08, 0x62, 0x08, 0x62, 0x08, 0x62, 0x08, 0x62, 0x08,
    0x62, 0x08, 0x62, 0x08, 0x62, 0x08, 0x62, 0x08, 0x62, 0x08, 0x62, 0x08, 0x62, 0x08, 0x62, 0x08,
    0x62, 0x08, 0x62, 0x08, 0x62, 0x08, 0x62, 0x08, 0x62, 0x08, 0x62, 0x08, 0x62, 0x08, 0x62, 0x08,
    0x62, 0x08, 0x62, 0x08, 0x62, 0x08, 0x62, 0x08, 0x62, 0x08, 0x62, 0x08, 0x62, 0x08, 0x62, 0x08,
    0x62, 0x08, 0x62, 0x08, 0x62, 0x08, 0x62, 0x08, 0x62, 0x08, 0x62, 0x08, 0x62, 0x08, 0x62, 0x08,
    0x62, 0x08, 0x62, 0x08, 0x62, 0x08, 0x62, 0x08, 0x62, 0x08, 0x62, 0x08, 0x62, 0x08, 0x62, 0x08,
    0x62, 0x08, 0x62, 0x08, 0x62, 0x08, 0x62, 0x08, 0x62, 0x08, 0x62, 0x08, 0x62, 0x08, 0x62, 0x08,
    0x62, 0x08, 0x62, 0x08, 0x62, 0x08, 0x62, 0x08, 0x62, 0x08, 0x62, 0x08, 0x62, 0x08, 0x62, 0x08,
    0x62, 0x08, 0x62, 0x08, 0x62, 0x08, 0x62, 0x08, 0x62, 0x08, 0x62, 0x08, 0x62, 0x08, 0x62, 0x08,
    0x62, 0x08, 0x62, 0x08, 0x62, 0x08, 0x62, 0x08, 0x62, 0x08, 0x62, 0x08, 0x62, 0x08, 0x62, 0x08,
    0x62, 0x08, 0x62, 0x08, 0x62, 0x08, 0x62, 0x08, 0x62, 0x08, 0x62, 0x08, 0x62, 0x08, 0x62, 0x08,
    0x62, 0x08, 0x62, 0x08, 0x62, 0x08, 0x62, 0x08, 0x62, 0x08, 0x62, 0x08, 0x62, 0x08, 0x62, 0x08,
    0x62, 0x08, 0x62, 0x08, 0x62, 0x08, 0x62, 0x08, 0x62, 0x08, 0x62, 0x08, 0x62, 0x08, 0x62, 0x08,
    0x62, 0x08, 0x62, 0x08, 0x62, 0x08, 0x62, 0x08, 0x62, 0x08, 0x62, 0x08, 0x62, 0x08, 0x62, 0x08,
    0x62, 0x08, 0x62, 0x08, 0x62, 0x08, 0x62, 0x08, 0x62, 0x08, 0x62, 0x08, 0x62, 0x08, 0x62, 0x08,
    0x62, 0x08, 0x62, 0x08, 0x62, 0x08, 0x62, 0x08, 0x62, 0x08, 0x62, 0x08, 0x62, 0x08, 0x62, 0x08,
    0x62, 0x08, 0x62, 0x08, 0x62, 0x08, 0x62, 0x08, 0x62, 0x08, 0x62, 0x08, 0x62, 0x08, 0x62, 0x08,
    0x62, 0x08, 0x62, 0x08, 0x62, 0x08, 0x62, 0x08, 0x62, 0x08, 0x62, 0x08, 0x62, 0x08, 0x62, 0x08,
    0x62, 0x08, 0x62, 0x08, 0x62, 0x08, 0x62, 0x08, 0x62, 0x08, 0x62, 0x08, 0x62, 0x08, 0x62, 0x08,
    0x62, 0x08, 0x62, 0x08, 0x62, 0x08, 0x62, 0x08, 0x62, 0x08, 0x62, 0x08, 0x62, 0x08, 0x62, 0x08,
    0x62, 0x08, 0x62, 0x08, 0x62, 0x08, 0x62, 0x08, 0x62, 0x08, 0x62, 0x08, 0x62, 0x08, 0x62, 0x08,
    0x62, 0x08, 0x62, 0x08, 0x62, 0x08, 0x62, 0x08, 0x62, 0x08, 0x62, 0x08, 0x62, 0x08, 0x62, 0x08,
    0x62, 0x08, 0x62, 0x08, 0x62, 0x08, 0x62, 0x08, 0x62, 0x08, 0x62, 0x08, 0x62, 0x08, 0x62, 0x08,
    0x62, 0x08, 0x62, 0x08, 0x62, 0x08, 0x62, 0x08, 0x62, 0x08, 0x62, 0x08, 0x62, 0x08, 0x62, 0x08,
    0x62, 0x08, 0x62, 0x08, 0x62, 0x08, 0x62, 0x08, 0x62, 0x08, 0x62, 0x08, 0x62, 0x08, 0x62, 0x08,
    0x62, 0x08, 0x62, 0x08, 0x62, 0x08, 0x62, 0x08, 0x62, 0x08, 0x62, 0x08, 0x62, 0x08, 0x62, 0x08,
    0x62, 0x08, 0x62, 0x08, 0x62, 0x08, 0x62, 0x08, 0x62, 0x08, 0x62, 0x08, 0x62, 0x08, 0x62, 0x08,
    0x62, 0x08, 0x62, 0x08, 0x62, 0x08, 0x62, 0x08, 0x62, 0x08, 0x62, 0x08, 0x62, 0x08, 0x62, 0x08,
    0x62, 0x08, 0x62, 0x08, 0x62, 0x08, 0x62, 0x08, 0x62, 0x08, 0x62, 0x08, 0x62, 0x08, 0x62, 0x08,
    0x62, 0x08, 0x62, 0x08, 0x62, 0x08, 0x62, 0x08, 0x62, 0x08, 0x62, 0x08, 0x62, 0x08, 0x62, 0x08,
    0x62, 0x08, 0x62, 0x08, 0x62, 0x08, 0x62, 0x08, 0x62, 0x08, 0x62, 0x08, 0x62, 0x08, 0x62, 0x08,
    0x62, 0x08, 0x62, 0x08, 0x62, 0x08, 0x62, 0x08, 0x62, 0x08, 0x62, 0x08, 0x62, 0x08, 0x62, 0x08,
    0x62, 0x08, 0x62, 0x08, 0x62, 0x08, 0x62, 0x08, 0x62, 0x08, 0x62, 0x08, 0x62, 0x08, 0x62, 0x08,
    0x62, 0x08, 0x62, 0x08, 0x62, 0x08, 0x62, 0x08, 0x62, 0x08, 0x62, 0x08, 0x62, 0x08, 0x62, 0x08,
    0x62, 0x08, 0x62, 0x08, 0x62, 0x08, 0x62, 0x08, 0x62, 0x08, 0x62, 0x08, 0x62, 0x08, 0x62, 0x08,
    0x62, 0x08, 0x62, 0x08, 0x62, 0x08, 0x62, 0x08, 0x62, 0x08, 0x62, 0x08, 0x62, 0x08, 0x62, 0x08,
    0x62, 0x08, 0x62, 0x08, 0x62, 0x08, 0x62, 0x08, 0x62, 0x08, 0x62, 0x08, 0x62, 0x08, 0x62, 0x08,
    0x62, 0x08, 0x62, 0x08, 0x62, 0x08, 0x62, 0x08, 0x62, 0x08, 0x62, 0x08, 0x62, 0x08, 0x62, 0x08,
    0x62, 0x08, 0x62, 0x08, 0x62, 0x08, 0x62, 0x08, 0x62, 0x08, 0x62, 0x08, 0x62, 0x08, 0x62, 0x08,
    0x62, 0x08, 0x62, 0x08, 0x62, 0x08, 0x62, 0x08, 0x62, 0x08, 0x62, 0x08, 0x62, 0x08, 0x62, 0x08,
    0x62, 0x08, 0x62, 0x08, 0x62, 0x08, 0x62, 0x08, 0x62, 0x08, 0x62, 0x08, 0x62, 0x08, 0x62, 0x08,
    0x62, 0x08, 0x62, 0x08, 0x62, 0x08, 0x62, 0x08, 0x62, 0x08, 0x62, 0x08, 0x62, 0x08, 0x62, 0x08,
    0x62, 0x08, 0x62, 0x08, 0x62, 0x08, 0x62, 0x08, 0x62, 0x08, 0x62, 0x08, 0x62, 0x08, 0x62, 0x08,
    0x62, 0x08, 0x62, 0x08, 0x62, 0x08, 0x62, 0x08, 0x62, 0x08, 0x62, 0x08, 0x62, 0x08, 0x62, 0x08,
    0x62, 0x08, 0x62, 0x08, 0x62, 0x08, 0x62, 0x08, 0x62, 0x08, 0x62, 0x08, 0x62, 0x08, 0x62, 0x08,
    0x62, 0x08, 0x62, 0x08, 0x62, 0x08, 0x62, 0x08, 0x62, 0x08, 0x62, 0x08, 0x62, 0x08, 0x62, 0x08,
    0x62, 0x08, 0x62, 0x08, 0x62, 0x08, 0x62, 0x08, 0x62, 0x08, 0x62, 0x08, 0x62, 0x08, 0x62, 0x08,
    0x62, 0x08, 0x62, 0x08, 0x62, 0x08, 0x62, 0x08, 0x62, 0x08, 0x62, 0x08, 0x62, 0x08, 0x62, 0x08,
    0x62, 0x08, 0x62, 0x08, 0x62, 0x08, 0x62, 0x08, 0x62, 0x08, 0x62, 0x08, 0x62, 0x08, 0x62, 0x08,
    0x62, 0x08, 0x62, 0x08, 0x62, 0x08, 0x62, 0x08, 0x62, 0x08, 0x62, 0x08, 0x62, 0x08, 0x62, 0x08,
    0x62, 0x08, 0x62, 0x08, 0x62, 0x08, 0x62, 0x08, 0x62, 0x08, 0x62, 0x08, 0x62, 0x08, 0x62, 0x08,
    0x62, 0x08, 0x62, 0x08, 0x62, 0x08, 0x62, 0x08, 0x62, 0x08, 0x62, 0x08, 0x62, 0x08, 0x62, 0x08,
    0x62, 0x08, 0x62, 0x08, 0x62, 0x08, 0x62, 0x08, 0x62, 0x08, 0x62, 0x08, 0x62, 0x08, 0x62, 0x08,
    0x62, 0x08, 0x62, 0x08, 0x62, 0x08, 0x62, 0x08, 0x62, 0x08, 0x62, 0x08, 0x62, 0x08, 0x62, 0x08,
    0x62, 0x08, 0x62, 0x08, 0x62, 0x08, 0x62, 0x08, 0x62, 0x08, 0x62, 0x08, 0x62, 0x08, 0x62, 0x08,
    0x62, 0x08, 0x62, 0x08, 0x62, 0x08, 0x62, 0x08, 0x62, 0x08, 0x62, 0x08, 0x62, 0x08, 0x62, 0x08,
    0x62, 0x08, 0x62, 0x08, 0x62, 0x08, 0x62, 0x08, 0x62, 0x08, 0x62, 0x08, 0x62, 0x08, 0xc3, 0x08,
    0xee, 0x22, 0xee, 0x22, 0xc3, 0x08, 0x62, 0x08, 0x62, 0x08, 0x62, 0x08, 0x62, 0x08, 0x62, 0x08,
    0x62, 0x08, 0x62, 0x08, 0x62, 0x08, 0x62, 0x08, 0x62, 0x08, 0x62, 0x08, 0x62, 0x08, 0x62, 0x08,
    0xc3, 0x08, 0xee, 0x22, 0xee, 0x22, 0xc3, 0x08, 0x62, 0x08, 0x62, 0x08, 0x62, 0x08, 0x62, 0x08,
    0x62, 0x08, 0x62, 0x08, 0x62, 0x08, 0x62, 0x08, 0x62, 0x08, 0x62, 0x08, 0x62, 0x08, 0x62, 0x08,
    0x62, 0x08, 0xc3, 0x08, 0xee, 0x22, 0xee, 0x22, 0xc3, 0x08, 0x62, 0x08, 0x62, 0x08, 0x62, 0x08,
    0x62, 0x08, 0x62, 0x08, 0x62, 0x08, 0x62, 0x08, 0x62, 0x08, 0x62, 0x08, 0x62, 0x08, 0x62, 0x08,
    0x62, 0x08, 0x62, 0x08, 0x62, 0x08, 0x62, 0x08, 0x62, 0x08, 0x62, 0x08, 0x62, 0x08, 0x62, 0x08,
    0x62, 0x08, 0x62, 0x08, 0x62, 0x08, 0x62, 0x08, 0x62, 0x08, 0x62, 0x08, 0x62, 0x08, 0x62, 0x08,
    0x62, 0x08, 0x62, 0x08, 0x62, 0x08, 0x62, 0x08, 0x62, 0x08, 0x62, 0x08, 0x62, 0x08, 0x62, 0x08,
    0x62, 0x08, 0x62, 0x08, 0x62, 0x08, 0x62, 0x08, 0x62, 0x08, 0x62, 0x08, 0x62, 0x08, 0x62, 0x08,
    0x62, 0x08, 0x62, 0x08, 0x62, 0x08, 0x62, 0x08, 0x62, 0x08, 0x62, 0x08, 0x62, 0x08, 0x62, 0x08,
    0x62, 0x08, 0x62, 0x08, 0x62, 0x08, 0xc3, 0x08, 0x9a, 0x45, 0x5e, 0x4e, 0x5e, 0x4e, 0x9a, 0x45,
    0xc3, 0x08, 0x62, 0x08, 0x62, 0x08, 0x62, 0x08, 0x62, 0x08, 0x62, 0x08, 0x62, 0x08, 0x62, 0x08,
    0x62, 0x08, 0x62, 0x08, 0x62, 0x08, 0x62, 0x08, 0xc3, 0x08, 0x9a, 0x45, 0x5e, 0x4e, 0x5e, 0x4e,
    0x9a, 0x45, 0xc3, 0x08, 0x62, 0x08, 0x62, 0x08, 0x62, 0x08, 0x62, 0x08, 0x62, 0x08, 0x62, 0x08,
    0x62, 0x08, 0x62, 0x08, 0x62, 0x08, 0x62, 0x08, 0x62, 0x08, 0xc3, 0x08, 0x9a, 0x45, 0x5e, 0x4e,
    0x5e, 0x4e, 0x9a, 0x45, 0xc3, 0x08, 0x62, 0x08, 0x62, 0x08, 0x62, 0x08, 0x62, 0x08, 0x62, 0x08,
    0x62, 0x08, 0x62, 0x08, 0x62, 0x08, 0x62, 0x08, 0x62, 0x08, 0x62, 0x08, 0x62, 0x08, 0x62, 0x08,
    0x62, 0x08, 0x62, 0x08, 0x62, 0x08, 0x62, 0x08, 0x62, 0x08, 0x62, 0x08, 0x62, 0x08, 0x62, 0x08,
    0x62, 0x08, 0x62, 0x08, 0x62, 0x08, 0x62, 0x08, 0x62, 0x08, 0x62, 0x08, 0x62, 0x08, 0x62, 0x08,
    0x62, 0x08, 0x62, 0x08, 0x62, 0x08, 0x62, 0x08, 0x62, 0x08, 0x62, 0x08, 0x62, 0x08, 0x62, 0x08,
    0x62, 0x08, 0x62, 0x08, 0x62, 0x08, 0x62, 0x08, 0x62, 0x08, 0x62, 0x08, 0x62, 0x08, 0x62, 0x08,
    0x62, 0x08, 0x62, 0x08, 0x62, 0x08, 0x62, 0x08, 0x62, 0x08, 0x62, 0x08, 0x62, 0x08, 0x62, 0x08,
    0x50, 0x2b, 0x5e, 0x4e, 0x5e, 0x4e, 0x5e, 0x4e, 0x5e, 0x4e, 0xee, 0x22, 0x62, 0x08, 0x62, 0x08,
    0x62, 0x08, 0x62, 0x08, 0x62, 0x08, 0x62, 0x08, 0x62, 0x08, 0x62, 0x08, 0x62, 0x08, 0x62, 0x08,
    0x62, 0x08, 0x50, 0x2b, 0x5e, 0x4e, 0x5e, 0x4e, 0x5e, 0x4e, 0x5e, 0x4e, 0xee, 0x22, 0x62, 0x08,
    0x62, 0x08, 0x62, 0x08, 0x62, 0x08, 0x62, 0x08, 0x62, 0x08, 0x62, 0x08, 0x62, 0x08, 0x62, 0x08,
    0x62, 0x08, 0x62, 0x08, 0x50, 0x2b, 0x5e, 0x4e, 0x5e, 0x4e, 0x5e, 0x4e, 0x5e, 0x4e, 0xee, 0x22,
    0x62, 0x08, 0x62, 0x08, 0x62, 0x08, 0x62, 0x08, 0x62, 0x08, 0x62, 0x08, 0x62, 0x08, 0x62, 0x08,
    0x62, 0x08, 0x62, 0x08, 0x62, 0x08, 0x62, 0x08, 0x62, 0x08, 0x62, 0x08, 0x62, 0x08, 0x62, 0x08,
    0x62, 0x08, 0x62, 0x08, 0x62, 0x08, 0x62, 0x08, 0x62, 0x08, 0x62, 0x08, 0x62, 0x08, 0x62, 0x08,
    0x62, 0x08, 0x62, 0x08, 0x62, 0x08, 0x62, 0x08, 0x62, 0x08, 0x62, 0x08, 0x62, 0x08, 0x62, 0x08,
    0x62, 0x08, 0x62, 0x08, 0x62, 0x08, 0x62, 0x08, 0x62, 0x08, 0x62, 0x08, 0x62, 0x08, 0x62, 0x08,
    0x62, 0x08, 0x62, 0x08, 0x62, 0x08, 0x62, 0x08, 0x62, 0x08, 0x62, 0x08, 0x62, 0x08, 0x62, 0x08,
    0x62, 0x08, 0x62, 0x08, 0x62, 0x08, 0x62, 0x08, 0xc3, 0x08, 0xfc, 0x4d, 0x5e, 0x4e, 0x5e, 0x4e,
    0x5e, 0x4e, 0x5e, 0x4e, 0x8c, 0x22, 0x62, 0x08, 0x62, 0x08, 0x62, 0x08, 0x62, 0x08, 0x62, 0x08,
    0x62, 0x08, 0x62, 0x08, 0x62, 0x08, 0x62, 0x08, 0x62, 0x08, 0xc3, 0x08, 0xfc, 0x4d, 0x5e, 0x4e,
    0x5e, 0x4e, 0x5e, 0x4e, 0x5e, 0x4e, 0x8c, 0x22, 0x62, 0x08, 0x62, 0x08, 0x62, 0x08, 0x62, 0x08,
    0x62, 0x08, 0x62, 0x08, 0x62, 0x08, 0x62, 0x08, 0x62, 0x08, 0x62, 0x08, 0xc3, 0x08, 0xfc, 0x4d,
    0x5e, 0x4e, 0x5e, 0x4e, 0x5e, 0x4e, 0x5e, 0x4e, 0x8c, 0x22, 0x62, 0x08, 0x62, 0x08, 0x62, 0x08,
    0x62, 0x08, 0x62, 0x08, 0x62, 0x08, 0x62, 0x08, 0x62, 0x08, 0x62, 0x08, 0x62, 0x08, 0x62, 0x08,
    0x62, 0x08, 0x62, 0x08, 0x62, 0x08, 0x62, 0x08, 0x62, 0x08, 0x62, 0x08, 0x62, 0x08, 0x62, 0x08,
    0x62, 0x08, 0x62, 0x08, 0x62, 0x08, 0x62, 0x08, 0x62, 0x08, 0x62, 0x08, 0x62, 0x08, 0x62, 0x08,
    0x62, 0x08, 0x62, 0x08, 0x62, 0x08, 0x62, 0x08, 0x62, 0x08, 0x62, 0x08, 0x62, 0x08, 0x62, 0x08,
    0x62, 0x08, 0x62, 0x08, 0x62, 0x08, 0x62, 0x08, 0x62, 0x08, 0x62, 0x08, 0x62, 0x08, 0x62, 0x08,
    0x62, 0x08, 0x62, 0x08, 0x62, 0x08, 0x62, 0x08, 0x62, 0x08, 0x62, 0x08, 0x62, 0x08, 0x62, 0x08,
    0x62, 0x08, 0x50, 0x2b, 0x5e, 0x4e, 0x5e, 0x4e, 0x5e, 0x4e, 0x5e, 0x4e, 0xfc, 0x4d, 0xc3, 0x08,
    0x62, 0x08, 0x62, 0x08, 0x62, 0x08, 0x62, 0x08, 0x62, 0x08, 0x62, 0x08, 0x62, 0x08, 0x62, 0x08,
    0x62, 0x08, 0x62, 0x08, 0x50, 0x2b, 0x5e, 0x4e, 0x5e, 0x4e, 0x5e, 0x4e, 0x5e, 0x4e, 0xfc, 0x4d,
    0xc3, 0x08, 0x62, 0x08, 0x62, 0x08, 0x62, 0x08, 0x62, 0x08, 0x62, 0x08, 0x62, 0x08, 0x62, 0x08,
    0x62, 0x08, 0x62, 0x08, 0x62, 0x08, 0x50, 0x2b, 0x5e, 0x4e, 0x5e, 0x4e, 0x5e, 0x4e, 0x5e, 0x4e,
    0xfc, 0x4d, 0xc3, 0x08, 0x62, 0x08, 0x62, 0x08, 0x62, 0x08, 0x62, 0x08, 0x62, 0x08, 0x62, 0x08,
    0x62, 0x08, 0x62, 0x08, 0x62, 0x08, 0x62, 0x08, 0x62, 0x08, 0x62, 0x08, 0x62, 0x08, 0x62, 0x08,
    0x62, 0x08, 0x62, 0x08, 0x62, 0x08, 0x62, 0x08, 0x62, 0x08, 0x62, 0x08, 0x62, 0x08, 0x62, 0x08,
    0x62, 0x08, 0x62, 0x08, 0x62, 0x08, 0x62, 0x08, 0x62, 0x08, 0x62, 0x08, 0x62, 0x08, 0x62, 0x08,
    0x62, 0x08, 0x62, 0x08, 0x62, 0x08, 0x62, 0x08, 0x62, 0x08, 0x62, 0x08, 0x62, 0x08, 0x62, 0x08,
    0x62, 0x08, 0x62, 0x08, 0x62, 0x08, 0x62, 0x08, 0x62, 0x08, 0x62, 0x08, 0x62, 0x08, 0x62, 0x08,
    0x62, 0x08, 0x62, 0x08, 0x62, 0x08, 0x62, 0x08, 0x62, 0x08, 0xc3, 0x08, 0xfc, 0x4d, 0x5e, 0x4e,
    0x5e, 0x4e, 0x5e, 0x4e, 0x5e, 0x4e, 0x50, 0x2b, 0x62, 0x08, 0x62, 0x08, 0x62, 0x08, 0x62, 0x08,
    0x62, 0x08, 0x62, 0x08, 0x62, 0x08, 0x62, 0x08, 0x62, 0x08, 0x62, 0x08, 0xc3, 0x08, 0xfc, 0x4d,
    0x5e, 0x4e, 0x5e, 0x4e, 0x5e, 0x4e, 0x5e, 0x4e, 0x50, 0x2b, 0x62, 0x08, 0x62, 0x08, 0x62, 0x08,
    0x62, 0x08, 0x62, 0x08, 0x62, 0x08, 0x62, 0x08, 0x62, 0x08, 0x62, 0x08, 0x62, 0x08, 0xc3, 0x08,
    0xfc, 0x4d, 0x5e, 0x4e, 0x5e, 0x4e, 0x5e, 0x4e, 0x5e, 0x4e, 0x50, 0x2b, 0x62, 0x08, 0x62, 0x08,
    0x62, 0x08, 0x62, 0x08, 0x62, 0x08, 0x62, 0x08, 0x62, 0x08, 0x62, 0x08, 0x62, 0x08, 0x62, 0x08,
    0x62, 0x08, 0x62, 0x08, 0x62, 0x08, 0x62, 0x08, 0x62, 0x08, 0x62, 0x08, 0x62, 0x08, 0x62, 0x08,
    0x62, 0x08, 0x62, 0x08, 0x62, 0x08, 0x62, 0x08, 0x62, 0x08, 0x62, 0x08, 0x62, 0x08, 0x62, 0x08,
    0x62, 0x08, 0x62, 0x08, 0x62, 0x08, 0x62, 0x08, 0x62, 0x08, 0x62, 0x08, 0x62, 0x08, 0x62, 0x08,
    0x62, 0x08, 0x62, 0x08, 0x62, 0x08, 0x62, 0x08, 0x62, 0x08, 0x62, 0x08, 0x62, 0x08, 0x62, 0x08,
    0x62, 0x08, 0x62, 0x08, 0x62, 0x08, 0x62, 0x08, 0x62, 0x08, 0x62, 0x08, 0x62, 0x08, 0x62, 0x08,
    0x62, 0x08, 0x62, 0x08, 0x50, 0x2b, 0x5e, 0x4e, 0x5e, 0x4e, 0x5e, 0x4e, 0x5e, 0x4e, 0xfc, 0x4d,
    0xc3, 0x08, 0x62, 0x08, 0x62, 0x08, 0x62, 0x08, 0x62, 0x08, 0x62, 0x08, 0x62, 0x08, 0x62, 0x08,
    0x62, 0x08, 0x62, 0x08, 0x62, 0x08, 0x50, 0x2b, 0x5e, 0x4e, 0x5e, 0x4e, 0x5e, 0x4e, 0x5e, 0x4e,
    0xfc, 0x4d, 0xc3, 0x08, 0x62, 0x08, 0x62, 0x08, 0x62, 0x08, 0x62, 0x08, 0x62, 0x08, 0x62, 0x08,
    0x62, 0x08, 0x62, 0x08, 0x62, 0x08, 0x62, 0x08, 0x50, 0x2b, 0x5e, 0x4e, 0x5e, 0x4e, 0x5e, 0x4e,
    0x5e, 0x4e, 0xfc, 0x4d, 0xc3, 0x08, 0x62, 0x08, 0x62, 0x08, 0x62, 0x08, 0x62, 0x08, 0x62, 0x08,
    0x62, 0x08, 0x62, 0x08, 0x62, 0x08, 0x62, 0x08, 0x62, 0x08, 0x62, 0x08, 0x62, 0x08, 0x62, 0x08,
    0x62, 0x08, 0x62, 0x08, 0x62, 0x08, 0x62, 0x08, 0x62, 0x08, 0x62, 0x08, 0x62, 0x08, 0x62, 0x08,
    0x62, 0x08, 0x62, 0x08, 0x62, 0x08, 0x62, 0x08, 0x62, 0x08, 0x62, 0x08, 0x62, 0x08, 0x62, 0x08,
    0x62, 0x08, 0x62, 0x08, 0x62, 0x08, 0x62, 0x08, 0x62, 0x08, 0x62, 0x08, 0x62, 0x08, 0x62, 0x08,
    0x62, 0x08, 0x62, 0x08, 0x62, 0x08, 0x62, 0x08, 0x62, 0x08, 0x62, 0x08, 0x62, 0x08, 0x62, 0x08,
    0x62, 0x08, 0x62, 0x08, 0x62, 0x08, 0x62, 0x08, 0x62, 0x08, 0x62, 0x08, 0xc3, 0x08, 0xfc, 0x4d,
    0x5e, 0x4e, 0x5e, 0x4e, 0x5e, 0x4e, 0x5e, 0x4e, 0x50, 0x2b, 0x62, 0x08, 0x62, 0x08, 0x62, 0x08,
    0x62, 0x08, 0x62, 0x08, 0x62, 0x08, 0x62, 0x08, 0x62, 0x08, 0x62, 0x08, 0x62, 0x08, 0xc3, 0x08,
    0xfc, 0x4d, 0x5e, 0x4e, 0x5e, 0x4e, 0x5e, 0x4e, 0x5e, 0x4e, 0x50, 0x2b, 0x62, 0x08, 0x62, 0x08,
    0x62, 0x08, 0x62, 0x08, 0x62, 0x08, 0x62, 0x08, 0x62, 0x08, 0x62, 0x08, 0x62, 0x08, 0x62, 0x08,
    0xc3, 0x08, 0xfc, 0x4d, 0x5e, 0x4e, 0x5e, 0x4e, 0x5e, 0x4e, 0x5e, 0x4e, 0x50, 0x2b, 0x62, 0x08,
    0x62, 0x08, 0x62, 0x08, 0x62, 0x08, 0x62, 0x08, 0x62, 0x08, 0x62, 0x08, 0x62, 0x08, 0x62, 0x08,
    0x62, 0x08, 0x62, 0x08, 0x62, 0x08, 0x62, 0x08, 0x62, 0x08, 0x62, 0x08, 0x62, 0x08, 0x62, 0x08,
    0x62, 0x08, 0x62, 0x08, 0x62, 0x08, 0x62, 0x08, 0x62, 0x08, 0x62, 0x08, 0x62, 0x08, 0x62, 0x08,
    0x62, 0x08, 0x62, 0x08, 0x62, 0x08, 0x62, 0x08, 0x62, 0x08, 0x62, 0x08, 0x62, 0x08, 0x62, 0x08,
    0x62, 0x08, 0x62, 0x08, 0x62, 0x08, 0x62, 0x08, 0x62, 0x08, 0x62, 0x08, 0x62, 0x08, 0x62, 0x08,
    0x62, 0x08, 0x62, 0x08, 0x62, 0x08, 0x62, 0x08, 0x62, 0x08, 0x62, 0x08, 0x62, 0x08, 0x62, 0x08,
    0x62, 0x08, 0x62, 0x08, 0x62, 0x08, 0x50, 0x2b, 0x5e, 0x4e, 0x5e, 0x4e, 0x5e, 0x4e, 0x5e, 0x4e,
    0xfc, 0x4d, 0xc3, 0x08, 0x62, 0x08, 0x62, 0x08, 0x62, 0x08, 0x62, 0x08, 0x62, 0x08, 0x62, 0x08,
    0x62, 0x08, 0x62, 0x08, 0x62, 0x08, 0x62, 0x08, 0x50, 0x2b, 0x5e, 0x4e, 0x5e, 0x4e, 0x5e, 0x4e,
    0x5e, 0x4e, 0xfc, 0x4d, 0xc3, 0x08, 0x62, 0x08, 0x62, 0x08, 0x62, 0x08, 0x62, 0x08, 0x62, 0x08,
    0x62, 0x08, 0x62, 0x08, 0x62, 0x08, 0x62, 0x08, 0x62, 0x08, 0x50, 0x2b, 0x5e, 0x4e, 0x5e, 0x4e,
    0x5e, 0x4e, 0x5e, 0x4e, 0xfc, 0x4d, 0xc3, 0x08, 0x62, 0x08, 0x62, 0x08, 0x62, 0x08, 0x62, 0x08,
    0x62, 0x08, 0x62, 0x08, 0x62, 0x08, 0x62, 0x08, 0x62, 0x08, 0x62, 0x08, 0x62, 0x08, 0x62, 0x08,
    0x62, 0x08, 0x62, 0x08, 0x62, 0x08, 0x62, 0x08, 0x62, 0x08, 0x62, 0x08, 0x62, 0x08, 0x62, 0x08,
    0x62, 0x08, 0x62, 0x08, 0x62, 0x08, 0x62, 0x08, 0x62, 0x08, 0x62, 0x08, 0x62, 0x08, 0x62, 0x08,
    0x62, 0x08, 0x62, 0x08, 0x62, 0x08, 0x62, 0x08, 0x62, 0x08, 0x62, 0x08, 0x62, 0x08, 0x62, 0x08,
    0x62, 0x08, 0x62, 0x08, 0x62, 0x08, 0x62, 0x08, 0x62, 0x08, 0x62, 0x08, 0x62, 0x08, 0x62, 0x08,
    0x62, 0x08, 0x62, 0x08, 0x62, 0x08, 0x62, 0x08, 0x62, 0x08, 0x62, 0x08, 0x62, 0x08, 0xc3, 0x08,
    0xfc, 0x4d, 0x5e, 0x4e, 0x5e, 0x4e, 0x5e, 0x4e, 0x5e, 0x4e, 0x50, 0x2b, 0x62, 0x08, 0x62, 0x08,
    0x62, 0x08, 0x62, 0x08, 0x62, 0x08, 0x62, 0x08, 0x62, 0x08, 0x62, 0x08, 0x62, 0x08, 0x62, 0x08,
    0xc3, 0x08, 0xfc, 0x4d, 0x5e, 0x4e, 0x5e, 0x4e, 0x5e, 0x4e, 0x5e, 0x4e, 0x50, 0x2b, 0x62, 0x08,
    0x62, 0x08, 0x62, 0x08, 0x62, 0x08, 0x62, 0x08, 0x62, 0x08, 0x62, 0x08, 0x62, 0x08, 0x62, 0x08,
    0x62, 0x08, 0xc3, 0x08, 0xfc, 0x4d, 0x5e, 0x4e, 0x5e, 0x4e, 0x5e, 0x4e, 0x5e, 0x4e, 0x50, 0x2b,
    0x62, 0x08, 0x62, 0x08, 0x62, 0x08, 0x62, 0x08, 0x62, 0x08, 0x62, 0x08, 0x62, 0x08, 0x62, 0x08,
    0x62, 0x08, 0x62, 0x08, 0x62, 0x08, 0x62, 0x08, 0x62, 0x08, 0x62, 0x08, 0x62, 0x08, 0x62, 0x08,
    0x62, 0x08, 0x62, 0x08, 0x62, 0x08, 0x62, 0x08, 0x62, 0x08, 0x62, 0x08, 0x62, 0x08, 0x62, 0x08,
    0x62, 0x08, 0x62, 0x08, 0x62, 0x08, 0x62, 0x08, 0x62, 0x08, 0x62, 0x08, 0x62, 0x08, 0x62, 0x08,
    0x62, 0x08, 0x62, 0x08, 0x62, 0x08, 0x62, 0x08, 0x62, 0x08, 0x62, 0x08, 0x62, 0x08, 0x62, 0x08,
    0x62, 0x08, 0x62, 0x08, 0x62, 0x08, 0x62, 0x08, 0x62, 0x08, 0x62, 0x08, 0x62, 0x08, 0x62, 0x08,
    0x62, 0x08, 0x62, 0x08, 0x62, 0x08, 0x62, 0x08, 0x50, 0x2b, 0x5e, 0x4e, 0x5e, 0x4e, 0x5e, 0x4e,
    0x5e, 0x4e, 0xfc, 0x4d, 0xc3, 0x08, 0x62, 0x08, 0x62, 0x08, 0x62, 0x08, 0x62, 0x08, 0x62, 0x08,
    0x62, 0x08, 0x62, 0x08, 0x62, 0x08, 0x62, 0x08, 0x62, 0x08, 0x50, 0x2b, 0x5e, 0x4e, 0x5e, 0x4e,
    0x5e, 0x4e, 0x5e, 0x4e, 0xfc, 0x4d, 0xc3, 0x08, 0x62, 0x08, 0x62, 0x08, 0x62, 0x08, 0x62, 0x08,
    0x62, 0x08, 0x62, 0x08, 0x62, 0x08, 0x62, 0x08, 0x62, 0x08, 0x62, 0x08, 0x50, 0x2b, 0x5e, 0x4e,
    0x5e, 0x4e, 0x5e, 0x4e, 0x5e, 0x4e, 0xfc, 0x4d, 0xc3, 0x08, 0x62, 0x08, 0x62, 0x08, 0x62, 0x08,
    0x62, 0x08, 0x62, 0x08, 0x62, 0x08, 0x62, 0x08, 0x62, 0x08, 0x62, 0x08, 0x62, 0x08, 0x62, 0x08,
    0x62, 0x08, 0x62, 0x08, 0x62, 0x08, 0x62, 0x08, 0x62, 0x08, 0x62, 0x08, 0x62, 0x08, 0x62, 0x08,
    0x62, 0x08, 0x62, 0x08, 0x62, 0x08, 0x62, 0x08, 0x62, 0x08, 0x62, 0x08, 0x62, 0x08, 0x62, 0x08,
    0x62, 0x08, 0x62, 0x08, 0x62, 0x08, 0x62, 0x08, 0x62, 0x08, 0x62, 0x08, 0x62, 0x08, 0x62, 0x08,
    0x62, 0x08, 0x62, 0x08, 0x62, 0x08, 0x62, 0x08, 0x62, 0x08, 0x62, 0x08, 0x62, 0x08, 0x62, 0x08,
    0x62, 0x08, 0x62, 0x08, 0x62, 0x08, 0x62, 0x08, 0x62, 0x08, 0x62, 0x08, 0x62, 0x08, 0x62, 0x08,
    0xc3, 0x08, 0xfc, 0x4d, 0x5e, 0x4e, 0x5e, 0x4e, 0x5e, 0x4e, 0x5e, 0x4e, 0x50, 0x2b, 0x62, 0x08,
    0x62, 0x08, 0x62, 0x08, 0x62, 0x08, 0x62, 0x08, 0x62, 0x08, 0x62, 0x08, 0x62, 0x08, 0x62, 0x08,
    0x62, 0x08, 0xc3, 0x08, 0xfc, 0x4d, 0x5e, 0x4e, 0x5e, 0x4e, 0x5e, 0x4e, 0x5e, 0x4e, 0x50, 0x2b,
    0x62, 0x08, 0x62, 0x08, 0x62, 0x08, 0x62, 0x08, 0x62, 0x08, 0x62, 0x08, 0x62, 0x08, 0x62, 0x08,
    0x62, 0x08, 0x62, 0x08, 0xc3, 0x08, 0xfc, 0x4d, 0x5e, 0x4e, 0x5e, 0x4e, 0x5e, 0x4e, 0x5e, 0x4e,
    0x50, 0x2b, 0x62, 0x08, 0x62, 0x08, 0x62, 0x08, 0x62, 0x08, 0x62, 0x08, 0x62, 0x08, 0x62, 0x08,
    0x62, 0x08, 0x62, 0x08, 0x62, 0x08, 0x62, 0x08, 0x62, 0x08, 0x62, 0x08, 0x62, 0x08, 0x62, 0x08,
    0x62, 0x08, 0x62, 0x08, 0x62, 0x08, 0x62, 0x08, 0x62, 0x08, 0x62, 0x08, 0x62, 0x08, 0x62, 0x08,
    0x62, 0x08, 0x62, 0x08, 0x62, 0x08, 0x62, 0x08, 0x62, 0x08, 0x62, 0x08, 0x62, 0x08, 0x62, 0x08,
    0x62, 0x08, 0x62, 0x08, 0x62, 0x08, 0x62, 0x08, 0x62, 0x08, 0x62, 0x08, 0x62, 0x08, 0x62, 0x08,
    0x62, 0x08, 0x62, 0x08, 0x62, 0x08, 0x62, 0x08, 0x62, 0x08, 0x62, 0x08, 0x62, 0x08, 0x62, 0x08,
    0x62, 0x08, 0x62, 0x08, 0x62, 0x08, 0x62, 0x08, 0x62, 0x08, 0xee, 0x22, 0x5e, 0x4e, 0x5e, 0x4e,
    0x5e, 0x4e, 0x5e, 0x4e, 0xfc, 0x4d, 0xc3, 0x08, 0x62, 0x08, 0x62, 0x08, 0x62, 0x08, 0x62, 0x08,
    0x62, 0x08, 0x62, 0x08, 0x62, 0x08, 0x62, 0x08, 0x62, 0x08, 0x62, 0x08, 0xee, 0x22, 0x5e, 0x4e,
    0x5e, 0x4e, 0x5e, 0x4e, 0x5e, 0x4e, 0xfc, 0x4d, 0xc3, 0x08, 0x62, 0x08, 0x62, 0x08, 0x62, 0x08,
    0x62, 0x08, 0x62, 0x08, 0x62, 0x08, 0x62, 0x08, 0x62, 0x08, 0x62, 0x08, 0x62, 0x08, 0xee, 0x22,
    0x5e, 0x4e, 0x5e, 0x4e, 0x5e, 0x4e, 0x5e, 0x4e, 0xfc, 0x4d, 0xc3, 0x08, 0x62, 0x08, 0x62, 0x08,
    0x62, 0x08, 0x62, 0x08, 0x62, 0x08, 0x62, 0x08, 0x62, 0x08, 0x62, 0x08, 0x62, 0x08, 0x62, 0x08,
    0x62, 0x08, 0x62, 0x08, 0x62, 0x08, 0x62, 0x08, 0x62, 0x08, 0x62, 0x08, 0x62, 0x08, 0x62, 0x08,
    0x62, 0x08, 0x62, 0x08, 0x62, 0x08, 0x62, 0x08, 0x62, 0x08, 0x62, 0x08, 0x62, 0x08, 0x62, 0x08,
    0x62, 0x08, 0x62, 0x08, 0x62, 0x08, 0x62, 0x08, 0x62, 0x08, 0x62, 0x08, 0x62, 0x08, 0x62, 0x08,
    0x62, 0x08, 0x62, 0x08, 0x62, 0x08, 0x62, 0x08, 0x62, 0x08, 0x62, 0x08, 0x62, 0x08, 0x62, 0x08,
    0x62, 0x08, 0x62, 0x08, 0x62, 0x08, 0x62, 0x08, 0x62, 0x08, 0x62, 0x08, 0x62, 0x08, 0x62, 0x08,
    0x62, 0x08, 0x62, 0x08, 0xee, 0x22, 0x5e, 0x4e, 0x5e, 0x4e, 0x5e, 0x4e, 0x5e, 0x4e, 0x50, 0x2b,
    0x62, 0x08, 0x62, 0x08, 0x62, 0x08, 0x62, 0x08, 0x62, 0x08, 0x62, 0x08, 0x62, 0x08, 0x62, 0x08,
    0x62, 0x08, 0x62, 0x08, 0x62, 0x08, 0xee, 0x22, 0x5e, 0x4e, 0x5e, 0x4e, 0x5e, 0x4e, 0x5e, 0x4e,
    0x50, 0x2b, 0x62, 0x08, 0x62, 0x08, 0x62, 0x08, 0x62, 0x08, 0x62, 0x08, 0x62, 0x08, 0x62, 0x08,
    0x62, 0x08, 0x62, 0x08, 0x62, 0x08, 0x62, 0x08, 0xee, 0x22, 0x5e, 0x4e, 0x5e, 0x4e, 0x5e, 0x4e,
    0x5e, 0x4e, 0x50, 0x2b, 0x62, 0x08, 0x62, 0x08, 0x62, 0x08, 0x62, 0x08, 0x62, 0x08, 0x62, 0x08,
    0x62, 0x08, 0x62, 0x08, 0x62, 0x08, 0x62, 0x08, 0x62, 0x08, 0x62, 0x08, 0x62, 0x08, 0x62, 0x08,
    0x62, 0x08, 0x62, 0x08, 0x62, 0x08, 0x62, 0x08, 0x62, 0x08, 0x62, 0x08, 0x62, 0x08, 0x62, 0x08,
    0x62, 0x08, 0x62, 0x08, 0x62, 0x08, 0x62, 0x08, 0x62, 0x08, 0x62, 0x08, 0x62, 0x08, 0x62, 0x08,
    0x62, 0x08, 0x62, 0x08, 0x62, 0x08, 0x62, 0x08, 0x62, 0x08, 0x62, 0x08, 0x62, 0x08, 0x62, 0x08,
    0x62, 0x08, 0x62, 0x08, 0x62, 0x08, 0x62, 0x08, 0x62, 0x08, 0x62, 0x08, 0x62, 0x08, 0x62, 0x08,
    0x62, 0x08, 0x62, 0x08, 0x62, 0x08, 0x62, 0x08, 0x62, 0x08, 0x62, 0x08, 0x62, 0x08, 0xc3, 0x08,
    0x9a, 0x45, 0x5e, 0x4e, 0x5e, 0x4e, 0x9a, 0x45, 0xc3, 0x08, 0x62, 0x08, 0x62, 0x08, 0x62, 0x08,
    0x62, 0x08, 0x62, 0x08, 0x62, 0x08, 0x62, 0x08, 0x62, 0x08, 0x62, 0x08, 0x62, 0x08, 0x62, 0x08,
    0xc3, 0x08, 0x9a, 0x45, 0x5e, 0x4e, 0x5e, 0x4e, 0x9a, 0x45, 0xc3, 0x08, 0x62, 0x08, 0x62, 0x08,
    0x62, 0x08, 0x62, 0x08, 0x62, 0x08, 0x62, 0x08, 0x62, 0x08, 0x62, 0x08, 0x62, 0x08, 0x62, 0x08,
    0x62, 0x08, 0xc3, 0x08, 0x9a, 0x45, 0x5e, 0x4e, 0x5e, 0x4e, 0x9a, 0x45, 0xc3, 0x08, 0x62, 0x08,
    0x62, 0x08, 0x62, 0x08, 0x62, 0x08, 0x62, 0x08, 0x62, 0x08, 0x62, 0x08, 0x62, 0x08, 0x62, 0x08,
    0x62, 0x08, 0x62, 0x08, 0x62, 0x08, 0x62, 0x08, 0x62, 0x08, 0x62, 0x08, 0x62, 0x08, 0x62, 0x08,
    0x62, 0x08, 0x62, 0x08, 0x62, 0x08, 0x62, 0x08, 0x62, 0x08, 0x62, 0x08, 0x62, 0x08, 0x62, 0x08,
    0x62, 0x08, 0x62, 0x08, 0x62, 0x08, 0x62, 0x08, 0x62, 0x08, 0x62, 0x08, 0x62, 0x08, 0x62, 0x08,
    0x62, 0x08, 0x62, 0x08, 0x62, 0x08, 0x62, 0x08, 0x62, 0x08, 0x62, 0x08, 0x62, 0x08, 0x62, 0x08,
    0x62, 0x08, 0x62, 0x08, 0x62, 0x08, 0x62, 0x08, 0x62, 0x08, 0x62, 0x08, 0x62, 0x08, 0x62, 0x08,
    0x62, 0x08, 0x62, 0x08, 0x62, 0x08, 0x62, 0x08, 0x62, 0x08, 0xc3, 0x08, 0xee, 0x22, 0xee, 0x22,
    0xc3, 0x08, 0x62, 0x08, 0x62, 0x08, 0x62, 0x08, 0x62, 0x08, 0x62, 0x08, 0x62, 0x08, 0x62, 0x08,
    0x62, 0x08, 0x62, 0x08, 0x62, 0x08, 0x62, 0x08, 0x62, 0x08, 0x62, 0x08, 0xc3, 0x08, 0xee, 0x22,
    0xee, 0x22, 0xc3, 0x08, 0x62, 0x08, 0x62, 0x08, 0x62, 0x08, 0x62, 0x08, 0x62, 0x08, 0x62, 0x08,
    0x62, 0x08, 0x62, 0x08, 0x62, 0x08, 0x62, 0x08, 0x62, 0x08, 0x62, 0x08, 0x62, 0x08, 0xc3, 0x08,
    0xee, 0x22, 0xee, 0x22, 0xc3, 0x08, 0x62, 0x08, 0x62, 0x08, 0x62, 0x08, 0x62, 0x08, 0x62, 0x08,
    0x62, 0x08, 0x62, 0x08, 0x62, 0x08, 0x62, 0x08, 0x62, 0x08, 0x62, 0x08, 0x62, 0x08, 0x62, 0x08,
    0x62, 0x08, 0x62, 0x08, 0x62, 0x08, 0x62, 0x08, 0x62, 0x08, 0x62, 0x08, 0x62, 0x08, 0x62, 0x08,
    0x62, 0x08, 0x62, 0x08, 0x62, 0x08, 0x62, 0x08, 0x62, 0x08, 0x62, 0x08, 0x62, 0x08, 0x62, 0x08,
    0x62, 0x08, 0x62, 0x08, 0x62, 0x08, 0x62, 0x08, 0x62, 0x08, 0x62, 0x08, 0x62, 0x08, 0x62, 0x08,
    0x62, 0x08, 0x62, 0x08, 0x62, 0x08, 0x62, 0x08, 0x62, 0x08, 0x62, 0x08, 0x62, 0x08, 0x62, 0x08,
    0x62, 0x08, 0x62, 0x08, 0x62, 0x08, 0x62, 0x08, 0x62, 0x08, 0x62, 0x08, 0x62, 0x08, 0x62, 0x08,
    0x62, 0x08, 0x62, 0x08, 0x62, 0x08, 0x62, 0x08, 0x62, 0x08, 0x62, 0x08, 0x62, 0x08, 0x62, 0x08,
    0x62, 0x08, 0x62, 0x08, 0x62, 0x08, 0x62, 0x08, 0x62, 0x08, 0x62, 0x08, 0x62, 0x08, 0x62, 0x08,
    0x62, 0x08, 0x62, 0x08, 0x62, 0x08, 0x62, 0x08, 0x62, 0x08, 0x62, 0x08, 0x62, 0x08, 0x62, 0x08,
    0x62, 0x08, 0x62, 0x08, 0x62, 0x08, 0x62, 0x08, 0x62, 0x08, 0x62, 0x08, 0x62, 0x08, 0x62, 0x08,
    0x62, 0x08, 0x62, 0x08, 0x62, 0x08, 0x62, 0x08, 0x62, 0x08, 0x62, 0x08, 0x62, 0x08, 0x62, 0x08,
    0x62, 0x08, 0x62, 0x08, 0x62, 0x08, 0x62, 0x08, 0x62, 0x08, 0x62, 0x08, 0x62, 0x08, 0x62, 0x08,
    0x62, 0x08, 0x62, 0x08, 0x62, 0x08, 0x62, 0x08, 0x62, 0x08, 0x62, 0x08, 0x62, 0x08, 0x62, 0x08,
    0x62, 0x08, 0x62, 0x08, 0x62, 0x08, 0x62, 0x08, 0x62, 0x08, 0x62, 0x08, 0x62, 0x08, 0x62, 0x08,
    0x62, 0x08, 0x62, 0x08, 0x62, 0x08, 0x62, 0x08, 0x62, 0x08, 0x62, 0x08, 0x62, 0x08, 0x62, 0x08,
    0x62, 0x08, 0x62, 0x08, 0x62, 0x08, 0x62, 0x08, 0x62, 0x08, 0x62, 0x08, 0x62, 0x08, 0x62, 0x08,
    0x62, 0x08, 0x62, 0x08, 0x62, 0x08, 0x62, 0x08, 0x62, 0x08, 0x62, 0x08, 0x62, 0x08, 0x62, 0x08,
    0x62, 0x08, 0x62, 0x08, 0x62, 0x08, 0x62, 0x08, 0x62, 0x08, 0x62, 0x08, 0x62, 0x08, 0x62, 0x08,
    0x62, 0x08, 0x62, 0x08, 0x62, 0x08, 0x62, 0x08, 0x62, 0x08, 0x62, 0x08, 0x62, 0x08, 0x62, 0x08,
    0x62, 0x08, 0x62, 0x08, 0x62, 0x08, 0x62, 0x08, 0x62, 0x08, 0x62, 0x08, 0x62, 0x08, 0x62, 0x08,
    0x62, 0x08, 0x62, 0x08, 0x62, 0x08, 0x62, 0x08, 0x62, 0x08, 0x62, 0x08, 0x62, 0x08, 0x62, 0x08,
    0x62, 0x08, 0x62, 0x08, 0x62, 0x08, 0x62, 0x08, 0x62, 0x08, 0x62, 0x08, 0x62, 0x08, 0x62, 0x08,
    0x62, 0x08, 0x62, 0x08, 0x62, 0x08, 0x62, 0x08, 0x62, 0x08, 0x62, 0x08, 0x62, 0x08, 0x62, 0x08,
    0x62, 0x08, 0x62, 0x08, 0x62, 0x08, 0x62, 0x08, 0x62, 0x08, 0x62, 0x08, 0x62, 0x08, 0x62, 0x08,
    0x62, 0x08, 0x62, 0x08, 0x62, 0x08, 0x62, 0x08, 0x62, 0x08, 0x62, 0x08, 0x62, 0x08, 0x62, 0x08,
    0x62, 0x08, 0x62, 0x08, 0x62, 0x08, 0x62, 0x08, 0x62, 0x08, 0x62, 0x08, 0x62, 0x08, 0x62, 0x08,
    0x62, 0x08, 0x62, 0x08, 0x62, 0x08, 0x62, 0x08, 0x62, 0x08, 0x62, 0x08, 0x62, 0x08, 0x62, 0x08,
    0x62, 0x08, 0x62, 0x08, 0x62, 0x08, 0x62, 0x08, 0x62, 0x08, 0x62, 0x08, 0x62, 0x08, 0x62, 0x08,
    0x62, 0x08, 0x62, 0x08, 0x62, 0x08, 0x62, 0x08, 0x62, 0x08, 0x62, 0x08, 0x62, 0x08, 0x62, 0x08,
    0x62, 0x08, 0x62, 0x08, 0x62, 0x08, 0x62, 0x08, 0x62, 0x08, 0x62, 0x08, 0x62, 0x08, 0x62, 0x08,
    0x62, 0x08, 0x62, 0x08, 0x62, 0x08, 0x62, 0x08, 0x62, 0x08, 0x62, 0x08, 0x62, 0x08, 0x62, 0x08,
    0x62, 0x08, 0x62, 0x08, 0x62, 0x08, 0x62, 0x08, 0x62, 0x08, 0x62, 0x08, 0x62, 0x08, 0x62, 0x08,
    0x62, 0x08, 0x62, 0x08, 0x62, 0x08, 0x62, 0x08, 0x62, 0x08, 0x62, 0x08, 0x62, 0x08, 0x62, 0x08,
    0x62, 0x08, 0x62, 0x08, 0x62, 0x08, 0x62, 0x08, 0x62, 0x08, 0x62, 0x08, 0x62, 0x08, 0x62, 0x08,
    0x62, 0x08, 0x62, 0x08, 0x62, 0x08, 0x62, 0x08, 0x62, 0x08, 0x62, 0x08, 0x62, 0x08, 0x62, 0x08,
    0x62, 0x08, 0x62, 0x08, 0x62, 0x08, 0x62, 0x08, 0x62, 0x08, 0x62, 0x08, 0x62, 0x08, 0x62, 0x08,
    0x62, 0x08, 0x62, 0x08, 0x62, 0x08, 0x62, 0x08, 0x62, 0x08, 0x62, 0x08, 0x62, 0x08, 0x62, 0x08,
    0x62, 0x08, 0x62, 0x08, 0x62, 0x08, 0x62, 0x08, 0x62, 0x08, 0x62, 0x08, 0x62, 0x08, 0x62, 0x08,
    0x62, 0x08, 0x62, 0x08, 0x62, 0x08, 0x62, 0x08, 0x62, 0x08, 0x62, 0x08, 0x62, 0x08, 0x62, 0x08,
    0x62, 0x08, 0x62, 0x08, 0x62, 0x08, 0x62, 0x08, 0x62, 0x08, 0x62, 0x08, 0x62, 0x08, 0x62, 0x08,
    0x62, 0x08, 0x62, 0x08, 0x62, 0x08, 0x62, 0x08, 0x62, 0x08, 0x62, 0x08, 0x62, 0x08, 0x62, 0x08,
    0x62, 0x08, 0x62, 0x08, 0x62, 0x08, 0x62, 0x08, 0x62, 0x08, 0x62, 0x08, 0x62, 0x08, 0x62, 0x08,
    0x62, 0x08, 0x62, 0x08, 0x62, 0x08, 0x62, 0x08, 0x62, 0x08, 0x62, 0x08, 0x62, 0x08, 0x62, 0x08,
    0x62, 0x08, 0x62, 0x08, 0x62, 0x08, 0x62, 0x08, 0x62, 0x08, 0x62, 0x08, 0x62, 0x08, 0x62, 0x08,
    0x62, 0x08, 0x62, 0x08, 0x62, 0x08, 0x62, 0x08, 0x62, 0x08, 0x62, 0x08, 0x62, 0x08, 0x62, 0x08,
    0x62, 0x08, 0x62, 0x08, 0x62, 0x08, 0x62, 0x08, 0x62, 0x08, 0x62, 0x08, 0x62, 0x08, 0x62, 0x08,
    0x62, 0x08, 0x62, 0x08, 0x62, 0x08, 0x62, 0x08, 0x62, 0x08, 0x62, 0x08, 0x62, 0x08, 0x62, 0x08,
    0x62, 0x08, 0x62, 0x08, 0x62, 0x08, 0x62, 0x08, 0x62, 0x08, 0x62, 0x08, 0x62, 0x08, 0x62, 0x08,
    0x62, 0x08, 0x62, 0x08, 0x62, 0x08, 0x62, 0x08, 0x62, 0x08, 0x62, 0x08, 0x62, 0x08, 0x62, 0x08,
    0x62, 0x08, 0x62, 0x08, 0x62, 0x08, 0x62, 0x08, 0x62, 0x08, 0x62, 0x08, 0x62, 0x08, 0x62, 0x08,
    0x62, 0x08, 0x62, 0x08, 0x62, 0x08, 0x62, 0x08, 0x62, 0x08, 0x62, 0x08, 0x62, 0x08, 0x62, 0x08,
    0x62, 0x08, 0x62, 0x08, 0x62, 0x08, 0x62, 0x08, 0x62, 0x08, 0x62, 0x08, 0x62, 0x08, 0x62, 0x08,
    0x62, 0x08, 0x62, 0x08, 0x62, 0x08, 0x62, 0x08, 0x62, 0x08, 0x62, 0x08, 0x62, 0x08, 0x62, 0x08,
    0x62, 0x08, 0x62, 0x08, 0x62, 0x08, 0x62, 0x08, 0x62, 0x08, 0x62, 0x08, 0x62, 0x08, 0x62, 0x08,
    0x62, 0x08, 0x62, 0x08, 0x62, 0x08, 0x62, 0x08, 0x62, 0x08, 0x62, 0x08, 0x62, 0x08, 0x62, 0x08,
    0x62, 0x08, 0x62, 0x08, 0x62, 0x08, 0x62, 0x08, 0x62, 0x08, 0x62, 0x08, 0x62, 0x08, 0x62, 0x08,
    0x62, 0x08, 0x62, 0x08, 0x62, 0x08, 0x62, 0x08, 0x62, 0x08, 0x62, 0x08, 0x62, 0x08, 0x62, 0x08,
    0x62, 0x08, 0x62, 0x08, 0x62, 0x08, 0x62, 0x08, 0x62, 0x08, 0x62, 0x08, 0x62, 0x08, 0x62, 0x08,
    0x62, 0x08, 0x62, 0x08, 0x62, 0x08, 0x62, 0x08, 0x62, 0x08, 0x62, 0x08, 0x62, 0x08, 0x62, 0x08,
    0x62, 0x08, 0x62, 0x08, 0x62, 0x08, 0x62, 0x08, 0x62, 0x08, 0x62, 0x08, 0x62, 0x08, 0x62, 0x08,
    0x62, 0x08, 0x62, 0x08, 0x62, 0x08, 0x62, 0x08, 0x62, 0x08, 0x62, 0x08, 0x62, 0x08, 0x62, 0x08,
    0x62, 0x08, 0x62, 0x08, 0x62, 0x08, 0x62, 0x08, 0x62, 0x08, 0x62, 0x08, 0x62, 0x08, 0x62, 0x08,
    0x62, 0x08, 0x62, 0x08, 0x62, 0x08, 0x62, 0x08, 0x62, 0x08, 0x62, 0x08, 0x62, 0x08, 0x62, 0x08,
    0x62, 0x08, 0x62, 0x08, 0x62, 0x08, 0x62, 0x08, 0x62, 0x08, 0x62, 0x08, 0x62, 0x08, 0x62, 0x08,
    0x62, 0x08, 0x62, 0x08, 0x62, 0x08, 0x62, 0x08, 0x62, 0x08, 0x62, 0x08, 0x62, 0x08, 0x62, 0x08,
    0x62, 0x08, 0x62, 0x08, 0x62, 0x08, 0x62, 0x08, 0x62, 0x08, 0x62, 0x08, 0x62, 0x08, 0x62, 0x08,
    0x62, 0x08, 0x62, 0x08, 0x62, 0x08, 0x62, 0x08, 0x62, 0x08, 0x62, 0x08, 0x62, 0x08, 0x62, 0x08,
    0x62, 0x08, 0x62, 0x08, 0x62, 0x08, 0x62, 0x08, 0x62, 0x08, 0x62, 0x08, 0x62, 0x08, 0x62, 0x08,
    0x62, 0x08, 0x62, 0x08, 0x62, 0x08, 0x62, 0x08, 0x62, 0x08, 0x62, 0x08, 0x62, 0x08, 0x62, 0x08,
    0x62, 0x08, 0x62, 0x08, 0x62, 0x08, 0x62, 0x08, 0x62, 0x08, 0x62, 0x08, 0x62, 0x08, 0x62, 0x08,
    0x62, 0x08, 0x62, 0x08, 0x62, 0x08, 0x62, 0x08, 0x62, 0x08, 0x62, 0x08, 0x62, 0x08, 0x62, 0x08,
    0x62, 0x08, 0x62, 0x08, 0x62, 0x08, 0x62, 0x08, 0x62, 0x08, 0x62, 0x08, 0x62, 0x08, 0x62, 0x08,
    0x62, 0x08, 0x62, 0x08, 0x62, 0x08, 0x62, 0x08, 0x62, 0x08, 0x62, 0x08, 0x62, 0x08, 0x62, 0x08,
    0x62, 0x08, 0x62, 0x08, 0x62, 0x08, 0x62, 0x08, 0x62, 0x08, 0x62, 0x08, 0x62, 0x08, 0x62, 0x08,
    0x62, 0x08, 0x62, 0x08, 0x62, 0x08, 0x62, 0x08, 0x62, 0x08, 0x62, 0x08, 0x62, 0x08, 0x62, 0x08,
    0x62, 0x08, 0x62, 0x08, 0x62, 0x08, 0x62, 0x08, 0x62, 0x08, 0x62, 0x08, 0x62, 0x08, 0x62, 0x08,
    0x62, 0x08, 0x62, 0x08, 0x62, 0x08, 0x62, 0x08, 0x62, 0x08, 0x62, 0x08, 0x62, 0x08, 0x62, 0x08,
    0x62, 0x08, 0x62, 0x08, 0x62, 0x08, 0x62, 0x08, 0x62, 0x08, 0x62, 0x08, 0x62, 0x08, 0x62, 0x08,
    0x62, 0x08, 0x62, 0x08, 0x62, 0x08, 0x62, 0x08, 0x62, 0x08, 0x62, 0x08, 0x62, 0x08, 0x62, 0x08,
    0x62, 0x08, 0x62, 0x08, 0x62, 0x08, 0x62, 0x08, 0x62, 0x08, 0x62, 0x08, 0x62, 0x08, 0x62, 0x08,
    0x62, 0x08, 0x62, 0x08, 0x62, 0x08, 0x62, 0x08, 0x62, 0x08, 0x62, 0x08, 0x62, 0x08, 0x62, 0x08,
    0x62, 0x08, 0x62, 0x08, 0x62, 0x08, 0x62, 0x08, 0x62, 0x08, 0x62, 0x08, 0x62, 0x08, 0x62, 0x08,
    0x62, 0x08, 0x62, 0x08, 0x62, 0x08, 0x62, 0x08, 0x62, 0x08, 0x62, 0x08, 0x62, 0x08, 0x62, 0x08,
    0x62, 0x08, 0x62, 0x08, 0x62, 0x08, 0x62, 0x08, 0x62, 0x08, 0x62, 0x08, 0x62, 0x08, 0x62, 0x08,
    0x62, 0x08, 0x62, 0x08, 0x62, 0x08, 0x62, 0x08, 0x62, 0x08, 0x62, 0x08, 0x62, 0x08, 0x62, 0x08,
    0x62, 0x08, 0x62, 0x08, 0x62, 0x08, 0x62, 0x08, 0x62, 0x08, 0x62, 0x08, 0x62, 0x08, 0x62, 0x08,
    0x62, 0x08, 0x62, 0x08, 0x62, 0x08, 0x62, 0x08, 0x62, 0x08, 0x62, 0x08, 0x62, 0x08, 0x62, 0x08,
    0x62, 0x08, 0x62, 0x08, 0x62, 0x08, 0x62, 0x08, 0x62, 0x08, 0x62, 0x08, 0x62, 0x08, 0x62, 0x08,
    0x62, 0x08, 0x62, 0x08, 0x62, 0x08, 0x62, 0x08, 0x62, 0x08, 0x62, 0x08, 0x62, 0x08, 0x62, 0x08,
    0x62, 0x08, 0x62, 0x08, 0x62, 0x08, 0x62, 0x08, 0x62, 0x08, 0x62, 0x08, 0x62, 0x08, 0x62, 0x08,
    0x62, 0x08, 0x62, 0x08, 0x62, 0x08, 0x62, 0x08, 0x62, 0x08, 0x62, 0x08, 0x62, 0x08, 0x62, 0x08,
    0x62, 0x08, 0x62, 0x08, 0x62, 0x08, 0x62, 0x08, 0x62, 0x08, 0x62, 0x08, 0x62, 0x08, 0x62, 0x08,
    0x62, 0x08, 0x62, 0x08, 0x62, 0x08, 0x62, 0x08, 0x62, 0x08, 0x62, 0x08, 0x62, 0x08, 0x62, 0x08,
    0x62, 0x08, 0x62, 0x08, 0x62, 0x08, 0x62, 0x08, 0x62, 0x08, 0x62, 0x08, 0x62, 0x08, 0x62, 0x08,
    0x62, 0x08, 0x62, 0x08, 0x62, 0x08, 0x62, 0x08, 0x62, 0x08, 0x62, 0x08, 0x62, 0x08, 0x62, 0x08,
    0x62, 0x08, 0x62, 0x08, 0x62, 0x08, 0x62, 0x08, 0x62, 0x08, 0x62, 0x08, 0x62, 0x08, 0x62, 0x08,
    0x62, 0x08, 0x62, 0x08, 0x62, 0x08, 0x62, 0x08, 0x62, 0x08, 0x62, 0x08, 0x62, 0x08, 0x62, 0x08,
    0x62, 0x08, 0x62, 0x08, 0x62, 0x08, 0x62, 0x08, 0x62, 0x08, 0x62, 0x08, 0x62, 0x08, 0x62, 0x08,
    0x62, 0x08, 0x62, 0x08, 0x62, 0x08, 0x62, 0x08, 0x62, 0x08, 0x62, 0x08, 0x62, 0x08, 0x62, 0x08,
    0x62, 0x08, 0x62, 0x08, 0x62, 0x08, 0x62, 0x08, 0x62, 0x08, 0x62, 0x08, 0x62, 0x08, 0x62, 0x08,
    0x62, 0x08, 0x62, 0x08, 0x62, 0x08, 0x62, 0x08, 0x62, 0x08, 0x62, 0x08, 0x62, 0x08, 0x62, 0x08,
    0x62, 0x08, 0x62, 0x08, 0x62, 0x08, 0x62, 0x08, 0x62, 0x08, 0x62, 0x08, 0x62, 0x08, 0x62, 0x08,
    0x62, 0x08, 0x62, 0x08, 0x62, 0x08, 0x62, 0x08, 0x62, 0x08, 0x62, 0x08, 0x62, 0x08, 0x62, 0x08,
    0x62, 0x08, 0x62, 0x08, 0x62, 0x08, 0x62, 0x08, 0x62, 0x08, 0x62, 0x08, 0x62, 0x08, 0x62, 0x08,
    0x62, 0x08, 0x62, 0x08, 0x62, 0x08, 0x62, 0x08, 0x62, 0x08, 0x62, 0x08, 0x62, 0x08, 0x62, 0x08,
    0x62, 0x08, 0x62, 0x08, 0x62, 0x08, 0x62, 0x08, 0x62, 0x08, 0x62, 0x08, 0x62, 0x08, 0x62, 0x08,
    0x62, 0x08, 0x62, 0x08, 0x62, 0x08, 0x62, 0x08, 0x62, 0x08, 0x62, 0x08, 0x62, 0x08, 0x62, 0x08,
    0x62, 0x08, 0x62, 0x08, 0x62, 0x08, 0x62, 0x08, 0x62, 0x08, 0x62, 0x08, 0x62, 0x08, 0x62, 0x08,
    0xff, 0xff, 0xff, 0xff, 0xff, 0xff, 0xff, 0xff, 0xff, 0xff, 0xff, 0xff, 0xff, 0xff, 0xff, 0xff,
    0xff, 0xff, 0xff, 0xff, 0xff, 0xff, 0xff, 0xff, 0xff, 0xff, 0xff, 0xff, 0xff, 0xff, 0xff, 0xff,
    0xff, 0xff, 0xff, 0xff, 0xff, 0xff, 0xff, 0xff, 0xff, 0xff, 0xff, 0xff, 0xff, 0xff, 0xff, 0xff,
    0xff, 0xff, 0xff, 0xff, 0xff, 0xff, 0xff, 0xff, 0xff, 0xff, 0xff, 0xff, 0xff, 0xff, 0xff, 0xff,
    0xff, 0xff, 0xff, 0xff, 0xff, 0xff, 0xff, 0xff, 0xff, 0xff, 0xff, 0xff, 0xff, 0xff, 0xff, 0xff,
    0xff, 0xff, 0xff, 0xff, 0xff, 0xff, 0xff, 0xff, 0xff, 0xff, 0xff, 0xff, 0xff, 0xff, 0xff, 0xff,
    0xff, 0xff, 0xff, 0xff, 0xff, 0xff, 0xff, 0xff, 0xff, 0xff, 0xff, 0xff, 0xff, 0xff, 0xff, 0xff,
    0xff, 0xff, 0xff, 0xff, 0xff, 0xff, 0xff, 0xff, 0xff, 0xff, 0xff, 0xff, 0xff, 0xff, 0xff, 0xff,
    0xff, 0xff, 0xff, 0xff, 0xff, 0xff, 0xff, 0xff, 0xff, 0xff, 0xff, 0xff, 0xff, 0xff, 0xff, 0xff,
    0xff, 0xff, 0xff, 0xff, 0xff, 0xff, 0xff, 0xff, 0xff, 0xff, 0xff, 0xff, 0xff, 0xff, 0xff, 0xff,
    0xff, 0xff, 0xff, 0xff, 0xff, 0xff, 0xff, 0xff, 0xff, 0xff, 0xff, 0xff, 0xff, 0xff, 0xff, 0xff,
    0xff, 0xff, 0xff, 0xff, 0xff, 0xff, 0xff, 0xff, 0xff, 0xff, 0xff, 0xff, 0xff, 0xff, 0xff, 0xff,
    0xff, 0xff, 0xff, 0xff, 0xff, 0xff, 0xff, 0xff, 0xff, 0xff, 0xff, 0xff, 0xff, 0xff, 0xff, 0xff,
    0xff, 0xff, 0xff, 0xff, 0xff, 0xff, 0xff, 0xff, 0xff, 0xff, 0xff, 0xff, 0xff, 0xff, 0xff, 0xff,
    0xff, 0xff, 0xff, 0xff, 0xff, 0xff, 0xff, 0xff, 0xff, 0xff, 0xff, 0xff, 0xff, 0xff, 0xff, 0xff,
    0xff, 0xff, 0xff, 0xff, 0xff, 0xff, 0xff, 0xff, 0xff, 0xff, 0xff, 0xff, 0xff, 0xff, 0xff, 0xff,
    0xff, 0xff, 0xff, 0xff, 0xff, 0xff, 0xff, 0xff, 0xff, 0xff, 0xff, 0xff, 0xff, 0xff, 0xff, 0xff,
    0xff, 0xff, 0xff, 0xff, 0xff, 0xff, 0xff, 0xff, 0xff, 0xff, 0xff, 0xff, 0xff, 0xff, 0xff, 0xff,
    0xff, 0xff, 0xff, 0xff, 0xff, 0xff, 0xff, 0xff, 0xff, 0xff, 0xff, 0xff, 0xff, 0xff, 0xff, 0xff,
    0xff, 0xff, 0xff, 0xff, 0xff, 0xff, 0xff, 0xff, 0xff, 0xff, 0xff, 0xff, 0xff, 0xff, 0xff, 0xff,
    0xff, 0xff, 0xff, 0xff, 0xff, 0xff, 0xff, 0xff, 0xff, 0xff, 0xff, 0xff, 0xff, 0xff, 0xff, 0xff,
    0xff, 0xff, 0xff, 0xff, 0xff, 0xff, 0xff, 0xff, 0xff, 0xff, 0xff, 0xff, 0xff, 0xff, 0xff, 0xff,
    0xff, 0xff, 0xff, 0xff, 0xff, 0xff, 0xff, 0xff, 0xff, 0xff, 0xff, 0xff, 0xff, 0xff, 0xff, 0xff,
    0xff, 0xff, 0xff, 0xff, 0xff, 0xff, 0xff, 0xff, 0xff, 0xff, 0xff, 0xff, 0xff, 0xff, 0xff, 0xff,
    0xff, 0xff, 0xff, 0xff, 0xff, 0xff, 0xff, 0xff, 0xff, 0xff, 0xff, 0xff, 0xff, 0xff, 0xff, 0xff,
    0xff, 0xff, 0xff, 0xff, 0xff, 0xff, 0xff, 0xff, 0xff, 0xff, 0xff, 0xff, 0xff, 0xff, 0xff, 0xff,
    0xff, 0xff, 0xff, 0xff, 0xff, 0xff, 0xff, 0xff, 0xff, 0xff, 0xff, 0xff, 0xff, 0xff, 0xff, 0xff,
    0xff, 0xff, 0xff, 0xff, 0xff, 0xff, 0xff, 0xff, 0xff, 0xff, 0xff, 0xff, 0xff, 0xff, 0xff, 0xff,
    0xff, 0xff, 0xff, 0xff, 0xff, 0xff, 0xff, 0xff, 0xff, 0xff, 0xff, 0xff, 0xff, 0xff, 0xff, 0xff,
    0xff, 0xff, 0xff, 0xff, 0xff, 0xff, 0xff, 0xff, 0xff, 0xff, 0xff, 0xff, 0xff, 0xff, 0xff, 0xff,
    0xff, 0xff, 0xff, 0xff, 0xff, 0xff, 0xff, 0xff, 0xff, 0xff, 0xff, 0xff, 0xff, 0xff, 0xff, 0xff,
    0xff, 0xff, 0xff, 0xff, 0xff, 0xff, 0xff, 0xff, 0xff, 0xff, 0xff, 0xff, 0xff, 0xff, 0xff, 0xff,
    0xff, 0xff, 0xff, 0xff, 0xff, 0xff, 0xff, 0xff, 0xff, 0xff, 0xff, 0xff, 0xff, 0xff, 0xff, 0xff,
    0xff, 0xff, 0xff, 0xff, 0xff, 0xff, 0xff, 0xff, 0xff, 0xff, 0xff, 0xff, 0xff, 0xff, 0xff, 0xff,
    0xff, 0xff, 0xff, 0xff, 0xff, 0xff, 0xff, 0xff, 0xff, 0xff, 0xff, 0xff, 0xff, 0xff, 0xff, 0xff,
    0xff, 0xff, 0xff, 0xff, 0xff, 0xff, 0xff, 0xff, 0xff, 0xff, 0xff, 0xff, 0xff, 0xff, 0xff, 0xff,
    0xff, 0xff, 0xff, 0xff, 0xff, 0xff, 0xff, 0xff, 0xff, 0xff, 0xff, 0xff, 0xff, 0xff, 0xff, 0xff,
    0xff, 0xff, 0xff, 0xff, 0xff, 0xff, 0xff, 0xff, 0xff, 0xff, 0xff, 0xff, 0xff, 0xff, 0xff, 0xff,
    0xff, 0xff, 0xff, 0xff, 0xff, 0xff, 0xff, 0xff, 0xff, 0xff, 0xff, 0xff, 0xff, 0xff, 0xff, 0xff,
    0xff, 0xff, 0xff, 0xff, 0xff, 0xff, 0xff, 0xff, 0xff, 0xff, 0xff, 0xff, 0xff, 0xff, 0xff, 0xff,
    0xff, 0xff, 0xff, 0xff, 0xff, 0xff, 0xff, 0xff, 0xff, 0xff, 0xff, 0xff, 0xff, 0xff, 0xff, 0xff,
    0xff, 0xff, 0xff, 0xff, 0xff, 0xff, 0xff, 0xff, 0xff, 0xff, 0xff, 0xff, 0xff, 0xff, 0xff, 0xff,
    0xff, 0xff, 0xff, 0xff, 0xff, 0xff, 0xff, 0xff, 0xff, 0xff, 0xff, 0xff, 0xff, 0xff, 0xff, 0xff,
    0xff, 0xff, 0xff, 0xff, 0xff, 0xff, 0xff, 0xff, 0xff, 0xff, 0xff, 0xff, 0xff, 0xff, 0xff, 0xff,
    0xff, 0xff, 0xff, 0xff, 0xff, 0xff, 0xff, 0xff, 0xff, 0xff, 0xff, 0xff, 0xff, 0xff, 0xff, 0xff,
    0xff, 0xff, 0xff, 0xff, 0xff, 0xff, 0xff, 0xff, 0xff, 0xff, 0xff, 0xff, 0xff, 0xff, 0xff, 0xff,
    0xff, 0xff, 0xff, 0xff, 0xff, 0xff, 0xff, 0xff, 0xff, 0xff, 0xff, 0xff, 0xff, 0xff, 0xff, 0xff,
    0xff, 0xff, 0xff, 0xff, 0xff, 0xff, 0xff, 0xff, 0xff, 0xff, 0xff, 0xff, 0xff, 0xff, 0xff, 0xff,
    0xff, 0xff, 0xff, 0xff, 0xff, 0xff, 0xff, 0xff, 0xff, 0xff, 0xff, 0xff, 0xff, 0xff, 0xff, 0xff,
    0xff, 0xff, 0xff, 0xff, 0xff, 0xff, 0xff, 0xff, 0xff, 0xff, 0xff, 0xff, 0xff, 0xff, 0xff, 0xff,
    0xff, 0xff, 0xff, 0xff, 0xff, 0xff, 0xff, 0xff, 0xff, 0xff, 0xff, 0xff, 0xff, 0xff, 0xff, 0xff,
    0xff, 0xff, 0xff, 0xff, 0xff, 0xff, 0xff, 0xff, 0xff, 0xff, 0xff, 0xff, 0xff, 0xff, 0xff, 0xff,
    0xff, 0xff, 0xff, 0xff, 0xff, 0xff, 0xff, 0xff, 0xff, 0xff, 0xff, 0xff, 0xff, 0xff, 0xff, 0xff,
    0xff, 0xff, 0xff, 0xff, 0xff, 0xff, 0xff, 0xff, 0xff, 0xff, 0xff, 0xff, 0xff, 0xff, 0xff, 0xff,
    0xff, 0xff, 0xff, 0xff, 0xff, 0xff, 0xff, 0xff, 0xff, 0xff, 0xff, 0xff, 0xff, 0xff, 0xff, 0xff,
    0xff, 0xff, 0xff, 0xff, 0xff, 0xff, 0xff, 0xff, 0xff, 0xff, 0xff, 0xff, 0xff, 0xff, 0xff, 0xff,
    0xff, 0xff, 0xff, 0xff, 0xff, 0xff, 0xff, 0xff, 0xff, 0xff, 0xff, 0xff, 0xff, 0xff, 0xff, 0xff,
    0xff, 0xff, 0xff, 0xff, 0xff, 0xff, 0xff, 0xff, 0xff, 0xff, 0xff, 0xff, 0xff, 0xff, 0xff, 0xff,
    0xff, 0xff, 0xff, 0xff, 0xff, 0xff, 0xff, 0xff, 0xff, 0xff, 0xff, 0xff, 0xff, 0xff, 0xff, 0xff,
    0xff, 0xff, 0xff, 0xff, 0xff, 0xff, 0xff, 0xff, 0xff, 0xff, 0xff, 0xff, 0xff, 0xff, 0xff, 0xff,
    0xff, 0xff, 0xff, 0xff, 0xff, 0xff, 0xff, 0xff, 0xff, 0xff, 0xff, 0xff, 0xff, 0xff, 0xff, 0xff,
    0xff, 0xff, 0xff, 0xff, 0xff, 0xff, 0xff, 0xff, 0xff, 0xff, 0xff, 0xff, 0xff, 0xff, 0xff, 0xff,
    0xff, 0xff, 0xff, 0xff, 0xff, 0xff, 0xff, 0xff, 0xff, 0xff, 0xff, 0xff, 0xff, 0xff, 0xff, 0xff,
    0xff, 0xff, 0xff, 0xff, 0xff, 0xff, 0xff, 0xff, 0xff, 0xff, 0xff, 0xff, 0xff, 0xff, 0xff, 0xff,
    0xff, 0xff, 0xff, 0xff, 0xff, 0xff, 0xff, 0xff, 0xff, 0xff, 0xff, 0xff, 0xff, 0xff, 0xff, 0xff,
    0xff, 0xff, 0xff, 0xff, 0xff, 0xff, 0xff, 0xff, 0xff, 0xff, 0xff, 0xff, 0xff, 0xff, 0xff, 0xff,
    0xff, 0xff, 0xff, 0xff, 0xff, 0xff, 0xff, 0xff, 0xff, 0xff, 0xff, 0xff, 0xff, 0xff, 0xff, 0xff,
    0xff, 0xff, 0xff, 0xff, 0xff, 0xff, 0xff, 0xff, 0xff, 0xff, 0xff, 0xff, 0xff, 0xff, 0xff, 0xff,
    0xff, 0xff, 0xff, 0xff, 0xff, 0xff, 0xff, 0xff, 0xff, 0xff, 0xff, 0xff, 0xff, 0xff, 0xff, 0xff,
    0xff, 0xff, 0xff, 0xff, 0xff, 0xff, 0xff, 0xff, 0xff, 0xff, 0xff, 0xff, 0xff, 0xff, 0xff, 0xff,
    0xff, 0xff, 0xff, 0xff, 0xff, 0xff, 0xff, 0xff, 0xff, 0xff, 0xff, 0xff, 0xff, 0xff, 0xff, 0xff,
    0xff, 0xff, 0xff, 0xff, 0xff, 0xff, 0xff, 0xff, 0xff, 0xff, 0xff, 0xff, 0xff, 0xff, 0xff, 0xff,
    0xff, 0xff, 0xff, 0xff, 0xff, 0xff, 0xff, 0xff, 0xff, 0xff, 0xff, 0xff, 0xff, 0xff, 0xff, 0xff,
    0xff, 0xff, 0xff, 0xff, 0xff, 0xff, 0xff, 0xff, 0xff, 0xff, 0xff, 0xff, 0xff, 0xff, 0xff, 0xff,
    0xff, 0xff, 0xff, 0xff, 0xff, 0xff, 0xff, 0xff, 0xff, 0xff, 0xff, 0xff, 0xff, 0xff, 0xff, 0xff,
    0xff, 0xff, 0xff, 0xff, 0xff, 0xff, 0xff, 0xff, 0xff, 0xff, 0xff, 0xff, 0xff, 0xff, 0xff, 0xff,
    0xff, 0xff, 0xff, 0xff, 0xff, 0xff, 0xff, 0xff, 0xff, 0xff, 0xff, 0xff, 0xff, 0xff, 0xff, 0xff,
    0xff, 0xff, 0xff, 0xff, 0xff, 0xff, 0xff, 0xff, 0xff, 0xff, 0xff, 0xff, 0xff, 0xff, 0xff, 0xff,
    0xff, 0xff, 0xff, 0xff, 0xff, 0xff, 0xff, 0xff, 0xff, 0xff, 0xff, 0xff, 0xff, 0xff, 0xff, 0xff,
    0xff, 0xff, 0xff, 0xff, 0xff, 0xff, 0xff, 0xff, 0xff, 0xff, 0xff, 0xff, 0xff, 0xff, 0xff, 0xff,
    0xff, 0xff, 0xff, 0xff, 0xff, 0xff, 0xff, 0xff, 0xff, 0xff, 0xff, 0xff, 0xff, 0xff, 0xff, 0xff,
    0xff, 0xff, 0xff, 0xff, 0xff, 0xff, 0xff, 0xff, 0xff, 0xff, 0xff, 0xff, 0xff, 0xff, 0xff, 0xff,
    0xff, 0xff, 0xff, 0xff, 0xff, 0xff, 0xff, 0xff, 0xff, 0xff, 0xff, 0xff, 0xff, 0xff, 0xff, 0xff,
    0xff, 0xff, 0xff, 0xff, 0xff, 0xff, 0xff, 0xff, 0xff, 0xff, 0xff, 0xff, 0xff, 0xff, 0xff, 0xff,
    0xff, 0xff, 0xff, 0xff, 0xff, 0xff, 0xff, 0xff, 0xff, 0xff, 0xff, 0xff, 0xff, 0xff, 0xff, 0xff,
    0xff, 0xff, 0xff, 0xff, 0xff, 0xff, 0xff, 0xff, 0xff, 0xff, 0xff, 0xff, 0xff, 0xff, 0xff, 0xff,
    0xff, 0xff, 0xff, 0xff, 0xff, 0xff, 0xff, 0xff, 0xff, 0xff, 0xff, 0xff, 0xff, 0xff, 0xff, 0xff,
    0xff, 0xff, 0xff, 0xff, 0xff, 0xff, 0xff, 0xff, 0xff, 0xff, 0xff, 0xff, 0xff, 0xff, 0xff, 0xff,
    0xff, 0xff, 0xff, 0xff, 0xff, 0xff, 0xff, 0xff, 0xff, 0xff, 0xff, 0xff, 0xff, 0xff, 0xff, 0xff,
    0xff, 0xff, 0xff, 0xff, 0xff, 0xff, 0xff, 0xff, 0xff, 0xff, 0xff, 0xff, 0xff, 0xff, 0xff, 0xff,
    0xff, 0xff, 0xff, 0xff, 0xff, 0xff, 0xff, 0xff, 0xff, 0xff, 0xff, 0xff, 0xff, 0xff, 0xff, 0xff,
    0xff, 0xff, 0xff, 0xff, 0xff, 0xff, 0xff, 0xff, 0xff, 0xff, 0xff, 0xff, 0xff, 0xff, 0xff, 0xff,
    0xff, 0xff, 0xff, 0xff, 0xff, 0xff, 0xff, 0xff, 0xff, 0xff, 0xff, 0xff, 0xff, 0xff, 0xff, 0xff,
    0xff, 0xff, 0xff, 0xff, 0xff, 0xff, 0xff, 0xff, 0xff, 0xff, 0xff, 0xff, 0xff, 0xff, 0xff, 0xff,
    0xff, 0xff, 0xff, 0xff, 0xff, 0xff, 0xff, 0xff, 0xff, 0xff, 0xff, 0xff, 0xff, 0xff, 0xff, 0xff,
    0xff, 0xff, 0xff, 0xff, 0xff, 0xff, 0xff, 0xff, 0xff, 0xff, 0xff, 0xff, 0xff, 0xff, 0xff, 0xff,
    0xff, 0xff, 0xff, 0xff, 0xff, 0xff, 0xff, 0xff, 0xff, 0xff, 0xff, 0xff, 0xff, 0xff, 0xff, 0xff,
    0xff, 0xff, 0xff, 0xff, 0xff, 0xff, 0xff, 0xff, 0xff, 0xff, 0xff, 0xff, 0xff, 0xff, 0xff, 0xff,
    0xff, 0xff, 0xff, 0xff, 0xff, 0xff, 0xff, 0xff, 0xff, 0xff, 0xff, 0xff, 0xff, 0xff, 0xff, 0xff,
    0xff, 0xff, 0xff, 0xff, 0xff, 0xff, 0xff, 0xff, 0xff, 0xff, 0xff, 0xff, 0xff, 0xff, 0xff, 0xff,
    0xff, 0xff, 0xff, 0xff, 0xff, 0xff, 0xff, 0xff, 0xff, 0xff, 0xff, 0xff, 0xff, 0xff, 0xff, 0xff,
    0xff, 0xff, 0xff, 0xff, 0xff, 0xff, 0xff, 0xff, 0xff, 0xff, 0xff, 0xff, 0xff, 0xff, 0xff, 0xff,
    0xff, 0xff, 0xff, 0xff, 0xff, 0xff, 0xff, 0xff, 0xff, 0xff, 0xff, 0xff, 0xff, 0xff, 0xff, 0xff,
    0xff, 0xff, 0xff, 0xff, 0xff, 0xff, 0xff, 0xff, 0xff, 0xff, 0xff, 0xff, 0xff, 0xff, 0xff, 0xff,
    0xff, 0xff, 0xff, 0xff, 0xff, 0xff, 0xff, 0xff, 0xff, 0xff, 0xff, 0xff, 0xff, 0xff, 0xff, 0xff,
    0xff, 0xff, 0xff, 0xff, 0xff, 0xff, 0xff, 0xff, 0xff, 0xff, 0xff, 0xff, 0xff, 0xff, 0xff, 0xff,
    0xff, 0xff, 0xff, 0xff, 0xff, 0xff, 0xff, 0xff, 0xff, 0xff, 0xff, 0xff, 0xff, 0xff, 0xff, 0xff,
    0xff, 0xff, 0xff, 0xff, 0xff, 0xff, 0xff, 0xff, 0xff, 0xff, 0xff, 0xff, 0xff, 0xff, 0xff, 0xff,
    0xff, 0xff, 0xff, 0xff, 0xff, 0xff, 0xff, 0xff, 0xff, 0xff, 0xff, 0xff, 0xff, 0xff, 0xff, 0xff,
    0xff, 0xff, 0xff, 0xff, 0xff, 0xff, 0xff, 0xff, 0xff, 0xff, 0xff, 0xff, 0xff, 0xff, 0xff, 0xff,
    0xff, 0xff, 0xff, 0xff, 0xff, 0xff, 0xff, 0xff, 0xff, 0xff, 0xff, 0xff, 0xff, 0xff, 0xff, 0xff,
    0xff, 0xff, 0xff, 0xff, 0xff, 0xff, 0xff, 0xff, 0xff, 0xff, 0xff, 0xff, 0xff, 0xff, 0xff, 0xff,
    0xff, 0xff, 0xff, 0xff, 0xff, 0xff, 0xff, 0xff, 0xff, 0xff, 0xff, 0xff, 0xff, 0xff, 0xff, 0xff,
    0xff, 0xff, 0xff, 0xff, 0xff, 0xff, 0xff, 0xff, 0xff, 0xff, 0xff, 0xff, 0xff, 0xff, 0xff, 0xff,
    0xff, 0xff, 0xff, 0xff, 0xff, 0xff, 0xff, 0xff, 0xff, 0xff, 0xff, 0xff, 0xff, 0xff, 0xff, 0xff,
    0xff, 0xff, 0xff, 0xff, 0xff, 0xff, 0xff, 0xff, 0xff, 0xff, 0xff, 0xff, 0xff, 0xff, 0xff, 0xff,
    0xff, 0xff, 0xff, 0xff, 0xff, 0xff, 0xff, 0xff, 0xff, 0xff, 0xff, 0xff, 0xff, 0xff, 0xff, 0xff,
    0xff, 0xff, 0xff, 0xff, 0xff, 0xff, 0xff, 0xff, 0xff, 0xff, 0xff, 0xff, 0xff, 0xff, 0xff, 0xff,
    0xff, 0xff, 0xff, 0xff, 0xff, 0xff, 0xff, 0xff, 0xff, 0xff, 0xff, 0xff, 0xff, 0xff, 0xff, 0xff,
    0xff, 0xff, 0xff, 0xff, 0xff, 0xff, 0xff, 0xff, 0xff, 0xff, 0xff, 0xff, 0xff, 0xff, 0xff, 0xff,
    0xff, 0xff, 0xff, 0xff, 0xff, 0xff, 0xff, 0xff, 0xff, 0xff, 0xff, 0xff, 0xff, 0xff, 0xff, 0xff,
    0xff, 0xff, 0xff, 0xff, 0xff, 0xff, 0xff, 0xff, 0xff, 0xff, 0xff, 0xff, 0xff, 0xff, 0xff, 0xff,
    0xff, 0xff, 0xff, 0xff, 0xff, 0xff, 0xff, 0xff, 0xff, 0xff, 0xff, 0xff, 0xff, 0xff, 0xff, 0xff,
    0xff, 0xff, 0xff, 0xff, 0xff, 0xff, 0xff, 0xff, 0xff, 0xff, 0xff, 0xff, 0xff, 0xff, 0xff, 0xff,
    0xff, 0xff, 0xff, 0xff, 0xff, 0xff, 0xff, 0xff, 0xff, 0xff, 0xff, 0xff, 0xff, 0xff, 0xff, 0xff,
    0xff, 0xff, 0xff, 0xff, 0xff, 0xff, 0xff, 0xff, 0xff, 0xff, 0xff, 0xff, 0xff, 0xff, 0xff, 0xff,
    0xff, 0xff, 0xff, 0xff, 0xff, 0xff, 0xff, 0xff, 0xff, 0xff, 0xff, 0xff, 0xff, 0xff, 0xff, 0xff,
    0xff, 0xff, 0xff, 0xff, 0xff, 0xff, 0xff, 0xff, 0xff, 0xff, 0xff, 0xff, 0xff, 0xff, 0xff, 0xff,
    0xff, 0xff, 0xff, 0xff, 0xff, 0xff, 0xff, 0xff, 0xff, 0xff, 0xff, 0xff, 0xff, 0xff, 0xff, 0xff,
    0xff, 0xff, 0xff, 0xff, 0xff, 0xff, 0xff, 0xff, 0xff, 0xff, 0xff, 0xff, 0xff, 0xff, 0xff, 0xff,
    0xff, 0xff, 0xff, 0xff, 0xff, 0xff, 0xff, 0xff, 0xff, 0xff, 0xff, 0xff, 0xff, 0xff, 0xff, 0xff,
    0xff, 0xff, 0xff, 0xff, 0xff, 0xff, 0xff, 0xff, 0xff, 0xff, 0xff, 0xff, 0xff, 0xff, 0xff, 0xff,
    0xff, 0xff, 0xff, 0xff, 0xff, 0xff, 0xff, 0xff, 0xff, 0xff, 0xff, 0xff, 0xff, 0xff, 0xff, 0xff,
    0xff, 0xff, 0xff, 0xff, 0xff, 0xff, 0xff, 0xff, 0xff, 0xff, 0xff, 0xff, 0xff, 0xff, 0xff, 0xff,
    0xff, 0xff, 0xff, 0xff, 0xff, 0xff, 0xff, 0xff, 0xff, 0xff, 0xff, 0xff, 0xff, 0xff, 0xff, 0xff,
    0xff, 0xff, 0xff, 0xff, 0xff, 0xff, 0xff, 0xff, 0xff, 0xff, 0xff, 0xff, 0xff, 0xff, 0xff, 0xff,
    0xff, 0xff, 0xff, 0xff, 0xff, 0xff, 0xff, 0xff, 0xff, 0xff, 0xff, 0xff, 0xff, 0xff, 0xff, 0xff,
    0xff, 0xff, 0xff, 0xff, 0xff, 0xff, 0xff, 0xff, 0xff, 0xff, 0xff, 0xff, 0xff, 0xff, 0xff, 0xff,
    0xff, 0xff, 0xff, 0xff, 0xff, 0xff, 0xff, 0xff, 0xff, 0xff, 0xff, 0xff, 0xff, 0xff, 0xff, 0xff,
    0xff, 0xff, 0xff, 0xff, 0xff, 0xff, 0xff, 0xff, 0xff, 0xff, 0xff, 0xff, 0xff, 0xff, 0xff, 0xff,
    0xff, 0xff, 0xff, 0xff, 0xff, 0xff, 0xff, 0xff, 0xff, 0xff, 0xff, 0xff, 0xff, 0xff, 0xff, 0xff,
    0xff, 0xff, 0xff, 0xff, 0xff, 0xff, 0xff, 0xff, 0xff, 0xff, 0xff, 0xff, 0xff, 0xff, 0xff, 0xff,
    0xff, 0xff, 0xff, 0xff, 0xff, 0xff, 0xff, 0xff, 0xff, 0xff, 0xff, 0xff, 0xff, 0xff, 0xff, 0xff,
    0xff, 0xff, 0xff, 0xff, 0xff, 0xff, 0xff, 0xff, 0xff, 0xff, 0xff, 0xff, 0xff, 0xff, 0xff, 0xff,
    0xff, 0xff, 0xff, 0xff, 0xff, 0xff, 0xff, 0xff, 0xff, 0xff, 0xff, 0xff, 0xff, 0xff, 0xff, 0xff,
    0xff, 0xff, 0xff, 0xff, 0xff, 0xff, 0xff, 0xff, 0xff, 0xff, 0xff, 0xff, 0xff, 0xff, 0xff, 0xff,
    0xff, 0xff, 0xff, 0xff, 0xff, 0xff, 0xff, 0xff, 0xff, 0xff, 0xff, 0xff, 0xff, 0xff, 0xff, 0xff,
    0xff, 0xff, 0xff, 0xff, 0xff, 0xff, 0xff, 0xff, 0xff, 0xff, 0xff, 0xff, 0xff, 0xff, 0xff, 0xff,
    0xff, 0xff, 0xff, 0xff, 0xff, 0xff, 0xff, 0xff, 0xff, 0xff, 0xff, 0xff, 0xff, 0xff, 0xff, 0xff,
    0xff, 0xff, 0xff, 0xff, 0xff, 0xff, 0xff, 0xff, 0xff, 0xff, 0xff, 0xff, 0xff, 0xff, 0xff, 0xff,
    0xff, 0xff, 0xff, 0xff, 0xff, 0xff, 0xff, 0xff, 0xff, 0xff, 0xff, 0xff, 0xff, 0xff, 0xff, 0xff,
    0xff, 0xff, 0xff, 0xff, 0xff, 0xff, 0xff, 0xff, 0xff, 0xff, 0xff, 0xff, 0xff, 0xff, 0xff, 0xff,
    0xff, 0xff, 0xff, 0xff, 0xff, 0xff, 0xff, 0xff, 0xff, 0xff, 0xff, 0xff, 0xff, 0xff, 0xff, 0xff,
    0xff, 0xff, 0xff, 0xff, 0xff, 0xff, 0xff, 0xff, 0xff, 0xff, 0xff, 0xff, 0xff, 0xff, 0xff, 0xff,
    0xff, 0xff, 0xff, 0xff, 0xff, 0xff, 0xff, 0xff, 0xff, 0xff, 0xff, 0xff, 0xff, 0xff, 0xff, 0xff,
    0xff, 0xff, 0xff, 0xff, 0xff, 0xff, 0xff, 0xff, 0xff, 0xff, 0xff, 0xff, 0xff, 0xff, 0xff, 0xff,
    0xff, 0xff, 0xff, 0xff, 0xff, 0xff, 0xff, 0xff, 0xff, 0xff, 0xff, 0xff, 0xff, 0xff, 0xff, 0xff,
    0xff, 0xff, 0xff, 0xff, 0xff, 0xff, 0xff, 0xff, 0xff, 0xff, 0xff, 0xff, 0xff, 0xff, 0xff, 0xff,
    0xff, 0xff, 0xff, 0xff, 0xff, 0xff, 0xff, 0xff, 0xff, 0xff, 0xff, 0xff, 0xff, 0xff, 0xff, 0xff,
    0xff, 0xff, 0xff, 0xff, 0xff, 0xff, 0xff, 0xff, 0xff, 0xff, 0xff, 0xff, 0xff, 0xff, 0xff, 0xff,
    0xff, 0xff, 0xff, 0xff, 0xff, 0xff, 0xff, 0xff, 0xff, 0xff, 0xff, 0xff, 0xff, 0xff, 0xff, 0xff,
    0xff, 0xff, 0xff, 0xff, 0xff, 0xff, 0xff, 0xff, 0xff, 0xff, 0xff, 0xff, 0xff, 0xff, 0xff, 0xff,
    0xff, 0xff, 0xff, 0xff, 0xff, 0xff, 0xff, 0xff, 0xff, 0xff, 0xff, 0xff, 0xff, 0xff, 0xff, 0xff,
    0xff, 0xff, 0xff, 0xff, 0xff, 0xff, 0xff, 0xff, 0xff, 0xff, 0xff, 0xff, 0xff, 0xff, 0xff, 0xff,
    0xff, 0xff, 0xff, 0xff, 0xff, 0xff, 0xff, 0xff, 0xff, 0xff, 0xff, 0xff, 0xff, 0xff, 0xff, 0xff,
    0xff, 0xff, 0xff, 0xff, 0xff, 0xff, 0xff, 0xff, 0xff, 0xff, 0xff, 0xff, 0xff, 0xff, 0xff, 0xff,
    0xff, 0xff, 0xff, 0xff, 0xff, 0xff, 0xff, 0xff, 0xff, 0xff, 0xff, 0xff, 0xff, 0xff, 0xff, 0xff,
    0xff, 0xff, 0xff, 0xff, 0xff, 0xff, 0xff, 0xff, 0xff, 0xff, 0xff, 0xff, 0xff, 0xff, 0xff, 0xff,
    0xff, 0xff, 0xff, 0xff, 0xff, 0xff, 0xff, 0xff, 0xff, 0xff, 0xff, 0xff, 0xff, 0xff, 0xff, 0xff,
    0xff, 0xff, 0xff, 0xff, 0xff, 0xff, 0xff, 0xff, 0xff, 0xff, 0xff, 0xff, 0xff, 0xff, 0xff, 0xff,
    0xff, 0xff, 0xff, 0xff, 0xff, 0xff, 0xff, 0xff, 0xff, 0xff, 0xff, 0xff, 0xff, 0xff, 0xff, 0xff,
    0xff, 0xff, 0xff, 0xff, 0xff, 0xff, 0xff, 0xff, 0xff, 0xff, 0xff, 0xff, 0xff, 0xff, 0xff, 0xff,
    0xff, 0xff, 0xff, 0xff, 0xff, 0xff, 0xff, 0xff, 0xff, 0xff, 0xff, 0xff, 0xff, 0xff, 0xff, 0xff,
    0xff, 0xff, 0xff, 0xff, 0xff, 0xff, 0xff, 0xff, 0xff, 0xff, 0xff, 0xff, 0xff, 0xff, 0xff, 0xff,
    0xff, 0xff, 0xff, 0xff, 0xff, 0xff, 0xff, 0xff, 0xff, 0xff, 0xff, 0xff, 0xff, 0xff, 0xff, 0xff,
    0xff, 0xff, 0xff, 0xff, 0xff, 0xff, 0xff, 0xff, 0xff, 0xff, 0xff, 0xff, 0xff, 0xff, 0xff, 0xff,
    0xff, 0xff, 0xff, 0xff, 0xff, 0xff, 0xff, 0xff, 0xff, 0xff, 0xff, 0xff, 0xff, 0xff, 0xff, 0xff,
    0xff, 0xff, 0xff, 0xff, 0xff, 0xff, 0xff, 0xff, 0xff, 0xff, 0xff, 0xff, 0xff, 0xff, 0xff, 0xff,
    0xff, 0xff, 0xff, 0xff, 0xff, 0xff, 0xff, 0xff, 0xff, 0xff, 0xff, 0xff, 0xff, 0xff, 0xff, 0xff,
    0xff, 0xff, 0xff, 0xff, 0xff, 0xff, 0xff, 0xff, 0xff, 0xff, 0xff, 0xff, 0xff, 0xff, 0xff, 0xff,
    0xff, 0xff, 0xff, 0xff, 0xff, 0xff, 0xff, 0xff, 0xff, 0xff, 0xff, 0xff, 0xff, 0xff, 0xff, 0xff,
    0xff, 0xff, 0xff, 0xff, 0xff, 0xff, 0xff, 0xff, 0xff, 0xff, 0xff, 0xff, 0xff, 0xff, 0xff, 0xff,
    0xff, 0xff, 0xff, 0xff, 0xff, 0xff, 0xff, 0xff, 0xff, 0xff, 0xff, 0xff, 0xff, 0xff, 0xff, 0xff,
    0xff, 0xff, 0xff, 0xff, 0xff, 0xff, 0xff, 0xff, 0xff, 0xff, 0xff, 0xff, 0xff, 0xff, 0xff, 0xff,
    0xff, 0xff, 0xff, 0xff, 0xff, 0xff, 0xff, 0xff, 0xff, 0xff, 0xff, 0xff, 0xff, 0xff, 0xff, 0xff,
    0xff, 0xff, 0xff, 0xff, 0xff, 0xff, 0xff, 0xff, 0xff, 0xff, 0xff, 0xff, 0xff, 0xff, 0xff, 0xff,
    0xff, 0xff, 0xff, 0xff, 0xff, 0xff, 0xff, 0xff, 0xff, 0xff, 0xff, 0xff, 0xff, 0xff, 0xff, 0xff,
    0xff, 0xff, 0xff, 0xff, 0xff, 0xff, 0xff, 0xff, 0xff, 0xff, 0xff, 0xff, 0xff, 0xff, 0xff, 0xff,
    0xff, 0xff, 0xff, 0xff, 0xff, 0xff, 0xff, 0xff, 0xff, 0xff, 0xff, 0xff, 0xff, 0xff, 0xff, 0xff,
    0xff, 0xff, 0xff, 0xff, 0xff, 0xff, 0xff, 0xff, 0xff, 0xff, 0xff, 0xff, 0xff, 0xff, 0xff, 0xff,
    0xff, 0xff, 0xff, 0xff, 0xff, 0xff, 0xff, 0xff, 0xff, 0xff, 0xff, 0xff, 0xff, 0xff, 0xff, 0xff,
    0xff, 0xff, 0xff, 0xff, 0xff, 0xff, 0xff, 0xff, 0xff, 0xff, 0xff, 0xff, 0xff, 0xff, 0xff, 0xff,
    0xff, 0xff, 0xff, 0xff, 0xff, 0xff, 0xff, 0xff, 0xff, 0xff, 0xff, 0xff, 0xff, 0xff, 0xff, 0xff,
    0xff, 0xff, 0xff, 0xff, 0xff, 0xff, 0xff, 0xff, 0xff, 0xff, 0xff, 0xff, 0xff, 0xff, 0xff, 0xff,
    0xff, 0xff, 0xff, 0xff, 0xff, 0xff, 0xff, 0xff, 0xff, 0xff, 0xff, 0xff, 0xff, 0xff, 0xff, 0xff,
    0xff, 0xff, 0xff, 0xff, 0xff, 0xff, 0xff, 0xff, 0xff, 0xff, 0xff, 0xff, 0xff, 0xff, 0xff, 0xff,
    0xff, 0xff, 0xff, 0xff, 0xff, 0xff, 0xff, 0xff, 0xff, 0xff, 0xff, 0xff, 0xff, 0xff, 0xff, 0xff,
    0xff, 0xff, 0xff, 0xff, 0xff, 0xff, 0xff, 0xff, 0xff, 0xff, 0xff, 0xff, 0xff, 0xff, 0xff, 0xff,
    0xff, 0xff, 0xff, 0xff, 0xff, 0xff, 0xff, 0xff, 0xff, 0xff, 0xff, 0xff, 0xff, 0xff, 0xff, 0xff,
    0xff, 0xff, 0xff, 0xff, 0xff, 0xff, 0xff, 0xff, 0xff, 0xff, 0xff, 0xff, 0xff, 0xff, 0xff, 0xff,
    0xff, 0xff, 0xff, 0xff, 0xff, 0xff, 0xff, 0xff, 0xff, 0xff, 0xff, 0xff, 0xff, 0xff, 0xff, 0xff,
    0xff, 0xff, 0xff, 0xff, 0xff, 0xff, 0xff, 0xff, 0xff, 0xff, 0xff, 0xff, 0xff, 0xff, 0xff, 0xff,
    0xff, 0xff, 0xff, 0xff, 0xff, 0xff, 0xff, 0xff, 0xff, 0xff, 0xff, 0xff, 0xff, 0xff, 0xff, 0xff,
    0xff, 0xff, 0xff, 0xff, 0xff, 0xff, 0xff, 0xff, 0xff, 0xff, 0xff, 0xff, 0xff, 0xff, 0xff, 0xff,
    0xff, 0xff, 0xff, 0xff, 0xff, 0xff, 0xff, 0xff, 0xff, 0xff, 0xff, 0xff, 0xff, 0xff, 0xff, 0xff,
    0xff, 0xff, 0xff, 0xff, 0xff, 0xff, 0xff, 0xff, 0xff, 0xff, 0xff, 0xff, 0xff, 0xff, 0xff, 0xff,
    0xff, 0xff, 0xff, 0xff, 0xff, 0xff, 0xff, 0xff, 0xff, 0xff, 0xff, 0xff, 0xff, 0xff, 0xff, 0xff,
    0xff, 0xff, 0xff, 0xff, 0xff, 0xff, 0xff, 0xff, 0xff, 0xff, 0xff, 0xff, 0xff, 0xff, 0xff, 0xff,
    0xff, 0xff, 0xff, 0xff, 0xff, 0xff, 0xff, 0xff, 0xff, 0xff, 0xff, 0xff, 0xff, 0xff, 0xff, 0xff,
    0xff, 0xff, 0xff, 0xff, 0xff, 0xff, 0xff, 0xff, 0xff, 0xff, 0xff, 0xff, 0xff, 0xff, 0xff, 0xff,
    0xff, 0xff, 0xff, 0xff, 0xff, 0xff, 0xff, 0xff, 0xff, 0xff, 0xff, 0xff, 0xff, 0xff, 0xff, 0xff,
    0xff, 0xff, 0xff, 0xff, 0xff, 0xff, 0xff, 0xff, 0xff, 0xff, 0xff, 0xff, 0xff, 0xff, 0xff, 0xff,
    0xff, 0xff, 0xff, 0xff, 0xff, 0xff, 0xff, 0xff, 0xff, 0xff, 0xff, 0xff, 0xff, 0xff, 0xff, 0xff,
    0xff, 0xff, 0xff, 0xff, 0xff, 0xff, 0xff, 0xff, 0xff, 0xff, 0xff, 0xff, 0xff, 0xff, 0xff, 0xff,
    0xff, 0xff, 0xff, 0xff, 0xff, 0xff, 0xff, 0xff, 0xff, 0xff, 0xff, 0xff, 0xff, 0xff, 0xff, 0xff,
    0xff, 0xff, 0xff, 0xff, 0xff, 0xff, 0xff, 0xff, 0xff, 0xff, 0xff, 0xff, 0xff, 0xff, 0xff, 0xff,
    0xff, 0xff, 0xff, 0xff, 0xff, 0xff, 0xff, 0xff, 0xff, 0xff, 0xff, 0xff, 0xff, 0xff, 0xff, 0xff,
    0xff, 0xff, 0xff, 0xff, 0xff, 0xff, 0xff, 0xff, 0xff, 0xff, 0xff, 0xff, 0xff, 0xff, 0xff, 0xff,
    0xff, 0xff, 0xff, 0xff, 0xff, 0xff, 0xff, 0xff, 0xff, 0xff, 0xff, 0xff, 0xff, 0xff, 0xff, 0xff,
    0xff, 0xff, 0xff, 0xff, 0xff, 0xff, 0xff, 0xff, 0xff, 0xff, 0xff, 0xff, 0xff, 0xff, 0xff, 0xff,
    0xff, 0xff, 0xff, 0xff, 0xff, 0xff, 0xff, 0xff, 0xff, 0xff, 0xff, 0xff, 0xff, 0xff, 0xff, 0xff,
    0xff, 0xff, 0xff, 0xff, 0xff, 0xff, 0xff, 0xff, 0xff, 0xff, 0xff, 0xff, 0xff, 0xff, 0xff, 0xff,
    0xff, 0xff, 0xff, 0xff, 0xff, 0xff, 0xff, 0xff, 0xff, 0xff, 0xff, 0xff, 0xff, 0xff, 0xff, 0xff,
    0xff, 0xff, 0xff, 0xff, 0xff, 0xff, 0xff, 0xff, 0xff, 0xff, 0xff, 0xff, 0xff, 0xff, 0xff, 0xff,
    0xff, 0xff, 0xff, 0xff, 0xff, 0xff, 0xff, 0xff, 0xff, 0xff, 0xff, 0xff, 0xff, 0xff, 0xff, 0xff,
    0xff, 0xff, 0xff, 0xff, 0xff, 0xff, 0xff, 0xff, 0xff, 0xff, 0xff, 0xff, 0xff, 0xff, 0xff, 0xff,
    0xff, 0xff, 0xff, 0xff, 0xff, 0xff, 0xff, 0xff, 0xff, 0xff, 0xff, 0xff, 0xff, 0xff, 0xff, 0xff,
    0xff, 0xff, 0xff, 0xff, 0xff, 0xff, 0xff, 0xff, 0xff, 0xff, 0xff, 0xff, 0xff, 0xff, 0xff, 0xff,
    0xff, 0xff, 0xff, 0xff, 0xff, 0xff, 0xff, 0xff, 0xff, 0xff, 0xff, 0xff, 0xff, 0xff, 0xff, 0xff,
    0xff, 0xff, 0xff, 0xff, 0xff, 0xff, 0xff, 0xff, 0xff, 0xff, 0xff, 0xff, 0xff, 0xff, 0xff, 0xff,
    0xff, 0xff, 0xff, 0xff, 0xff, 0xff, 0xff, 0xff, 0xff, 0xff, 0xff, 0xff, 0xff, 0xff, 0xff, 0xff,
    0xff, 0xff, 0xff, 0xff, 0xff, 0xff, 0xff, 0xff, 0xff, 0xff, 0xff, 0xff, 0xff, 0xff, 0xff, 0xff,
    0xff, 0xff, 0xff, 0xff, 0xff, 0xff, 0xff, 0xff, 0xff, 0xff, 0xff, 0xff, 0xff, 0xff, 0xff, 0xff,
    0xff, 0xff, 0xff, 0xff, 0xff, 0xff, 0xff, 0xff, 0xff, 0xff, 0xff, 0xff, 0xff, 0xff, 0xff, 0xff,
    0xff, 0xff, 0xff, 0xff, 0xff, 0xff, 0xff, 0xff, 0xff, 0xff, 0xff, 0xff, 0xff, 0xff, 0xff, 0xff,
    0xff, 0xff, 0xff, 0xff, 0xff, 0xff, 0xff, 0xff, 0xff, 0xff, 0xff, 0xff, 0xff, 0xff, 0xff, 0xff,
    0xff, 0xff, 0xff, 0xff, 0xff, 0xff, 0xff, 0xff, 0xff, 0xff, 0xff, 0xff, 0xff, 0xff, 0xff, 0xff,
    0xff, 0xff, 0xff, 0xff, 0xff, 0xff, 0xff, 0xff, 0xff, 0xff, 0xff, 0xff, 0xff, 0xff, 0xff, 0xff,
    0xff, 0xff, 0xff, 0xff, 0xff, 0xff, 0xff, 0xff, 0xff, 0xff, 0xff, 0xff, 0xff, 0xff, 0xff, 0xff,
    0xff, 0xff, 0xff, 0xff, 0xff, 0xff, 0xff, 0xff, 0xff, 0xff, 0xff, 0xff, 0xff, 0xff, 0xff, 0xff,
    0xff, 0xff, 0xff, 0xff, 0xff, 0xff, 0xff, 0xff, 0xff, 0xff, 0xff, 0xff, 0xff, 0xff, 0xff, 0xff,
    0xff, 0xff, 0xff, 0xff, 0xff, 0xff, 0xff, 0xff, 0xff, 0xff, 0xff, 0xff, 0xff, 0xff, 0xff, 0xff,
    0xff, 0xff, 0xff, 0xff, 0xff, 0xff, 0xff, 0xff, 0xff, 0xff, 0xff, 0xff, 0xff, 0xff, 0xff, 0xff,
    0xff, 0xff, 0xff, 0xff, 0xff, 0xff, 0xff, 0xff, 0xff, 0xff, 0xff, 0xff, 0xff, 0xff, 0xff, 0xff,
    0xff, 0xff, 0xff, 0xff, 0xff, 0xff, 0xff, 0xff, 0xff, 0xff, 0xff, 0xff, 0xff, 0xff, 0xff, 0xff,
    0xff, 0xff, 0xff, 0xff, 0xff, 0xff, 0xff, 0xff, 0xff, 0xff, 0xff, 0xff, 0xff, 0xff, 0xff, 0xff,
    0xff, 0xff, 0xff, 0xff, 0xff, 0xff, 0xff, 0xff, 0xff, 0xff, 0xff, 0xff, 0xff, 0xff, 0xff, 0xff,
    0xff, 0xff, 0xff, 0xff, 0xff, 0xff, 0xff, 0xff, 0xff, 0xff, 0xff, 0xff, 0xff, 0xff, 0xff, 0xff,
    0xff, 0xff, 0xff, 0xff, 0xff, 0xff, 0xff, 0xff, 0xff, 0xff, 0xff, 0xff, 0xff, 0xff, 0xff, 0xff,
    0xff, 0xff, 0xff, 0xff, 0xff, 0xff, 0xff, 0xff, 0xff, 0xff, 0xff, 0xff, 0xff, 0xff, 0xff, 0xff,
    0xff, 0xff, 0xff, 0xff, 0xff, 0xff, 0xff, 0xff, 0xff, 0xff, 0xff, 0xff, 0xff, 0xff, 0xff, 0xff,
    0xff, 0xff, 0xff, 0xff, 0xff, 0xff, 0xff, 0xff, 0xff, 0xff, 0xff, 0xff, 0xff, 0xff, 0xff, 0xff,
    0xff, 0xff, 0xff, 0xff, 0xff, 0xff, 0xff, 0xff, 0xff, 0xff, 0xff, 0xff, 0xff, 0xff, 0xff, 0xff,
    0xff, 0xff, 0xff, 0xff, 0xff, 0xff, 0xff, 0xff, 0xff, 0xff, 0xff, 0xff, 0xff, 0xff, 0xff, 0xff,
    0xff, 0xff, 0xff, 0xff, 0xff, 0xff, 0xff, 0xff, 0xff, 0xff, 0xff, 0xff, 0xff, 0xff, 0xff, 0xff,
    0xff, 0xff, 0xff, 0xff, 0xff, 0xff, 0xff, 0xff, 0xff, 0xff, 0xff, 0xff, 0xff, 0xff, 0xff, 0xff,
    0xff, 0xff, 0xff, 0xff, 0xff, 0xff, 0xff, 0xff, 0xff, 0xff, 0xff, 0xff, 0xff, 0xff, 0xff, 0xff,
    0xff, 0xff, 0xff, 0xff, 0xff, 0xff, 0xff, 0xff, 0xff, 0xff, 0xff, 0xff, 0xff, 0xff, 0xff, 0xff,
    0xff, 0xff, 0xff, 0xff, 0xff, 0xff, 0xff, 0xff, 0xff, 0xff, 0xff, 0xff, 0xff, 0xff, 0xff, 0xff,
    0xff, 0xff, 0xff, 0xff, 0xff, 0xff, 0xff, 0xff, 0xff, 0xff, 0xff, 0xff, 0xff, 0xff, 0xff, 0xff,
    0xff, 0xff, 0xff, 0xff, 0xff, 0xff, 0xff, 0xff, 0xff, 0xff, 0xff, 0xff, 0xff, 0xff, 0xff, 0xff,
    0xff, 0xff, 0xff, 0xff, 0xff, 0xff, 0xff, 0xff, 0xff, 0xff, 0xff, 0xff, 0xff, 0xff, 0xff, 0xff,
    0xff, 0xff, 0xff, 0xff, 0xff, 0xff, 0xff, 0xff, 0xff, 0xff, 0xff, 0xff, 0xff, 0xff, 0xff, 0xff,
    0xff, 0xff, 0xff, 0xff, 0xff, 0xff, 0xff, 0xff, 0xff, 0xff, 0xff, 0xff, 0xff, 0xff, 0xff, 0xff,
    0xff, 0xff, 0xff, 0xff, 0xff, 0xff, 0xff, 0xff, 0xff, 0xff, 0xff, 0xff, 0xff, 0xff, 0xff, 0xff,
    0xff, 0xff, 0xff, 0xff, 0xff, 0xff, 0xff, 0xff, 0xff, 0xff, 0xff, 0xff, 0xff, 0xff, 0xff, 0xff,
    0xff, 0xff, 0xff, 0xff, 0xff, 0xff, 0xff, 0xff, 0xff, 0xff, 0xff, 0xff, 0xff, 0xff, 0xff, 0xff,
    0xff, 0xff, 0xff, 0xff, 0xff, 0xff, 0xff, 0xff, 0xff, 0xff, 0xff, 0xff, 0xff, 0xff, 0xff, 0xff,
    0xff, 0xff, 0xff, 0xff, 0xff, 0xff, 0xff, 0xff, 0xff, 0xff, 0xff, 0xff, 0xff, 0xff, 0xff, 0xff,
    0xff, 0xff, 0xff, 0xff, 0xff, 0xff, 0xff, 0xff, 0xff, 0xff, 0xff, 0xff, 0xff, 0xff, 0xff, 0xff,
    0xff, 0xff, 0xff, 0xff, 0xff, 0xff, 0xff, 0xff, 0xff, 0xff, 0xff, 0xff, 0xff, 0xff, 0xff, 0xff,
    0xff, 0xff, 0xff, 0xff, 0xff, 0xff, 0xff, 0xff, 0xff, 0xff, 0xff, 0xff, 0xff, 0xff, 0xff, 0xff,
    0xff, 0xff, 0xff, 0xff, 0xff, 0xff, 0xff, 0xff, 0xff, 0xff, 0xff, 0xff, 0xff, 0xff, 0xff, 0xff,
    0xff, 0xff, 0xff, 0xff, 0xff, 0xff, 0xff, 0xff, 0xff, 0xff, 0xff, 0xff, 0xff, 0xff, 0xff, 0xff,
    0xff, 0xff, 0xff, 0xff, 0xff, 0xff, 0xff, 0xff, 0xff, 0xff, 0xff, 0xff, 0xff, 0xff, 0xff, 0xff,
    0xff, 0xff, 0xff, 0xff, 0xff, 0xff, 0xff, 0xff, 0xff, 0xff, 0xff, 0xff, 0xff, 0xff, 0xff, 0xff,
    0xff, 0xff, 0xff, 0xff, 0xff, 0xff, 0xff, 0xff, 0xff, 0xff, 0xff, 0xff, 0xff, 0xff, 0xff, 0xff,
    0xff, 0xff, 0xff, 0xff, 0xff, 0xff, 0xff, 0xff, 0xff, 0xff, 0xff, 0xff, 0xff, 0xff, 0xff, 0xff,
    0xff, 0xff, 0xff, 0xff, 0xff, 0xff, 0xff, 0xff, 0xff, 0xff, 0xff, 0xff, 0xff, 0xff, 0xff, 0xff,
    0xff, 0xff, 0xff, 0xff, 0xff, 0xff, 0xff, 0xff, 0xff, 0xff, 0xff, 0xff, 0xff, 0xff, 0xff, 0xff,
    0xff, 0xff, 0xff, 0xff, 0xff, 0xff, 0xff, 0xff, 0xff, 0xff, 0xff, 0xff, 0xff, 0xff, 0xff, 0xff,
    0xff, 0xff, 0xff, 0xff, 0xff, 0xff, 0xff, 0xff, 0xff, 0xff, 0xff, 0xff, 0xff, 0xff, 0xff, 0xff,
    0xff, 0xff, 0xff, 0xff, 0xff, 0xff, 0xff, 0xff, 0xff, 0xff, 0xff, 0xff, 0xff, 0xff, 0xff, 0xff,
    0xff, 0xff, 0xff, 0xff, 0xff, 0xff, 0xff, 0xff, 0xff, 0xff, 0xff, 0xff, 0xff, 0xff, 0xff, 0xff,
    0xff, 0xff, 0xff, 0xff, 0xff, 0xff, 0xff, 0xff, 0xff, 0xff, 0xff, 0xff, 0xff, 0xff, 0xff, 0xff,
    0xff, 0xff, 0xff, 0xff, 0xff, 0xff, 0xff, 0xff, 0xff, 0xff, 0xff, 0xff, 0xff, 0xff, 0xff, 0xff,
    0xff, 0xff, 0xff, 0xff, 0xff, 0xff, 0xff, 0xff, 0xff, 0xff, 0xff, 0xff, 0xff, 0xff, 0xff, 0xff,
    0xff, 0xff, 0xff, 0xff, 0xff, 0xff, 0xff, 0xff, 0xff, 0xff, 0xff, 0xff, 0xff, 0xff, 0xff, 0xff,
    0xff, 0xff, 0xff, 0xff, 0xff, 0xff, 0xff, 0xff, 0xff, 0xff, 0xff, 0xff, 0xff, 0xff, 0xff, 0xff,
    0xff, 0xff, 0xff, 0xff, 0xff, 0xff, 0xff, 0xff, 0xff, 0xff, 0xff, 0xff, 0xff, 0xff, 0xff, 0xff,
    0xff, 0xff, 0xff, 0xff, 0xff, 0xff, 0xff, 0xff, 0xff, 0xff, 0xff, 0xff, 0xff, 0xff, 0xff, 0xff,
    0xff, 0xff, 0xff, 0xff, 0xff, 0xff, 0xff, 0xff, 0xff, 0xff, 0xff, 0xff, 0xff, 0xff, 0xff, 0xff,
    0xff, 0xff, 0xff, 0xff, 0xff, 0xff, 0xff, 0xff, 0xff, 0xff, 0xff, 0xff, 0xff, 0xff, 0xff, 0xff,
    0xff, 0xff, 0xff, 0xff, 0xff, 0xff, 0xff, 0xff, 0xff, 0xff, 0xff, 0xff, 0xff, 0xff, 0xff, 0xff,
    0xff, 0xff, 0xff, 0xff, 0xff, 0xff, 0xff, 0xff, 0xff, 0xff, 0xff, 0xff, 0xff, 0xff, 0xff, 0xff,
    0xff, 0xff, 0xff, 0xff, 0xff, 0xff, 0xff, 0xff, 0xff, 0xff, 0xff, 0xff, 0xff, 0xff, 0xff, 0xff,
    0xff, 0xff, 0xff, 0xff, 0xff, 0xff, 0xff, 0xff, 0xff, 0xff, 0xff, 0xff, 0xff, 0xff, 0xff, 0xff,
    0xff, 0xff, 0xff, 0xff, 0xff, 0xff, 0xff, 0xff, 0xff, 0xff, 0xff, 0xff, 0xff, 0xff, 0xff, 0xff,
    0xff, 0xff, 0xff, 0xff, 0xff, 0xff, 0xff, 0xff, 0xff, 0xff, 0xff, 0xff, 0xff, 0xff, 0xff, 0xff,
    0xff, 0xff, 0xff, 0xff, 0xff, 0xff, 0xff, 0xff, 0xff, 0xff, 0xff, 0xff, 0xff, 0xff, 0xff, 0xff,
    0xff, 0xff, 0xff, 0xff, 0xff, 0xff, 0xff, 0xff, 0xff, 0xff, 0xff, 0xff, 0xff, 0xff, 0xff, 0xff,
    0xff, 0xff, 0xff, 0xff, 0xff, 0xff, 0xff, 0xff, 0xff, 0xff, 0xff, 0xff, 0xff, 0xff, 0xff, 0xff,
    0xff, 0xff, 0xff, 0xff, 0xff, 0xff, 0xff, 0xff, 0xff, 0xff, 0xff, 0xff, 0xff, 0xff, 0xff, 0xff,
    0xff, 0xff, 0xff, 0xff, 0xff, 0xff, 0xff, 0xff, 0xff, 0xff, 0xff, 0xff, 0xff, 0xff, 0xff, 0xff,
    0xff, 0xff, 0xff, 0xff, 0xff, 0xff, 0xff, 0xff, 0xff, 0xff, 0xff, 0xff, 0xff, 0xff, 0xff, 0xff,
    0xff, 0xff, 0xff, 0xff, 0xff, 0xff, 0xff, 0xff, 0xff, 0xff, 0xff, 0xff, 0xff, 0xff, 0xff, 0xff,
    0xff, 0xff, 0xff, 0xff, 0xff, 0xff, 0xff, 0xff, 0xff, 0xff, 0xff, 0xff, 0xff, 0xff, 0xff, 0xff,
    0xff, 0xff, 0xff, 0xff, 0xff, 0xff, 0xff, 0xff, 0xff, 0xff, 0xff, 0xff, 0xff, 0xff, 0xff, 0xff,
    0xff, 0xff, 0xff, 0xff, 0xff, 0xff, 0xff, 0xff, 0xff, 0xff, 0xff, 0xff, 0xff, 0xff, 0xff, 0xff,
    0xff, 0xff, 0xff, 0xff, 0xff, 0xff, 0xff, 0xff, 0xff, 0xff, 0xff, 0xff, 0xff, 0xff, 0xff, 0xff,
    0xff, 0xff, 0xff, 0xff, 0xff, 0xff, 0xff, 0xff, 0xff, 0xff, 0xff, 0xff, 0xff, 0xff, 0xff, 0xff,
    0xff, 0xff, 0xff, 0xff, 0xff, 0xff, 0xff, 0xff, 0xff, 0xff, 0xff, 0xff, 0xff, 0xff, 0xff, 0xff,
    0xff, 0xff, 0xff, 0xff, 0xff, 0xff, 0xff, 0xff, 0xff, 0xff, 0xff, 0xff, 0xff, 0xff, 0xff, 0xff,
    0xff, 0xff, 0xff, 0xff, 0xff, 0xff, 0xff, 0xff, 0xff, 0xff, 0xff, 0xff, 0xff, 0xff, 0xff, 0xff,
    0xff, 0xff, 0xff, 0xff, 0xff, 0xff, 0xff, 0xff, 0xff, 0xff, 0xff, 0xff, 0xff, 0xff, 0xff, 0xff,
    0xff, 0xff, 0xff, 0xff, 0xff, 0xff, 0xff, 0xff, 0xff, 0xff, 0xff, 0xff, 0xff, 0xff, 0xff, 0xff,
    0xff, 0xff, 0xff, 0xff, 0xff, 0xff, 0xff, 0xff, 0xff, 0xff, 0xff, 0xff, 0xff, 0xff, 0xff, 0xff,
    0xff, 0xff, 0xff, 0xff, 0xff, 0xff, 0xff, 0xff, 0xff, 0xff, 0xff, 0xff, 0xff, 0xff, 0xff, 0xff,
    0xff, 0xff, 0xff, 0xff, 0xff, 0xff, 0xff, 0xff, 0xff, 0xff, 0xff, 0xff, 0xff, 0xff, 0xff, 0xff,
    0xff, 0xff, 0xff, 0xff, 0xff, 0xff, 0xff, 0xff, 0xff, 0xff, 0xff, 0xff, 0xff, 0xff, 0xff, 0xff,
    0xff, 0xff, 0xff, 0xff, 0xff, 0xff, 0xff, 0xff, 0xff, 0xff, 0xff, 0xff, 0xff, 0xff, 0xff, 0xff,
    0xff, 0xff, 0xff, 0xff, 0xff, 0xff, 0xff, 0xff, 0xff, 0xff, 0xff, 0xff, 0xff, 0xff, 0xff, 0xff,
    0xff, 0xff, 0xff, 0xff, 0xff, 0xff, 0xff, 0xff, 0xff, 0xff, 0xff, 0xff, 0xff, 0xff, 0xff, 0xff,
    0xff, 0xff, 0xff, 0xff, 0xff, 0xff, 0xff, 0xff, 0xff, 0xff, 0xff, 0xff, 0xff, 0xff, 0xff, 0xff,
    0xff, 0xff, 0xff, 0xff, 0xff, 0xff, 0xff, 0xff, 0xff, 0xff, 0xff, 0xff, 0xff, 0xff, 0xff, 0xff,
    0xff, 0xff, 0xff, 0xff, 0xff, 0xff, 0xff, 0xff, 0xff, 0xff, 0xff, 0xff, 0xff, 0xff, 0xff, 0xff,
    0xff, 0xff, 0xff, 0xff, 0xff, 0xff, 0xff, 0xff, 0xff, 0xff, 0xff, 0xff, 0xff, 0xff, 0xff, 0xff,
    0xff, 0xff, 0xff, 0xff, 0xff, 0xff, 0xff, 0xff, 0xff, 0xff, 0xff, 0xff, 0xff, 0xff, 0xff, 0xff,
    0xff, 0xff, 0xff, 0xff, 0xff, 0xff, 0xff, 0xff, 0xff, 0xff, 0xff, 0xff, 0xff, 0xff, 0xff, 0xff,
    0xff, 0xff, 0xff, 0xff, 0xff, 0xff, 0xff, 0xff, 0xff, 0xff, 0xff, 0xff, 0xff, 0xff, 0xff, 0xff,
    0xff, 0xff, 0xff, 0xff, 0xff, 0xff, 0xff, 0xff, 0xff, 0xff, 0xff, 0xff, 0xff, 0xff, 0xff, 0xff,
    0xff, 0xff, 0xff, 0xff, 0xff, 0xff, 0xff, 0xff, 0xff, 0xff, 0xff, 0xff, 0xff, 0xff, 0xff, 0xff,
    0xff, 0xff, 0xff, 0xff, 0xff, 0xff, 0xff, 0xff, 0xff, 0xff, 0xff, 0xff, 0xff, 0xff, 0xff, 0xff,
    0xff, 0xff, 0xff, 0xff, 0xff, 0xff, 0xff, 0xff, 0xff, 0xff, 0xff, 0xff, 0xff, 0xff, 0xff, 0xff,
    0xff, 0xff, 0xff, 0xff, 0xff, 0xff, 0xff, 0xff, 0xff, 0xff, 0xff, 0xff, 0xff, 0xff, 0xff, 0xff,
    0xff, 0xff, 0xff, 0xff, 0xff, 0xff, 0xff, 0xff, 0xff, 0xff, 0xff, 0xff, 0xff, 0xff, 0xff, 0xff,
    0xff, 0xff, 0xff, 0xff, 0xff, 0xff, 0xff, 0xff, 0xff, 0xff, 0xff, 0xff, 0xff, 0xff, 0xff, 0xff,
    0xff, 0xff, 0xff, 0xff, 0xff, 0xff, 0xff, 0xff, 0xff, 0xff, 0xff, 0xff, 0xff, 0xff, 0xff, 0xff,
    0xff, 0xff, 0xff, 0xff, 0xff, 0xff, 0xff, 0xff, 0xff, 0xff, 0xff, 0xff, 0xff, 0xff, 0xff, 0xff,
    0xff, 0xff, 0xff, 0xff, 0xff, 0xff, 0xff, 0xff, 0xff, 0xff, 0xff, 0xff, 0xff, 0xff, 0xff, 0xff,
    0xff, 0xff, 0xff, 0xff, 0xff, 0xff, 0xff, 0xff, 0xff, 0xff, 0xff, 0xff, 0xff, 0xff, 0xff, 0xff,
    0xff, 0xff, 0xff, 0xff, 0xff, 0xff, 0xff, 0xff, 0xff, 0xff, 0xff, 0xff, 0xff, 0xff, 0xff, 0xff,
    0xff, 0xff, 0xff, 0xff, 0xff, 0xff, 0xff, 0xff, 0xff, 0xff, 0xff, 0xff, 0xff, 0xff, 0xff, 0xff,
    0xff, 0xff, 0xff, 0xff, 0xff, 0xff, 0xff, 0xff, 0xff, 0xff, 0xff, 0xff, 0xff, 0xff, 0xff, 0xff,
    0xff, 0xff, 0xff, 0xff, 0xff, 0xff, 0xff, 0xff, 0xff, 0xff, 0xff, 0xff, 0xff, 0xff, 0xff, 0xff,
    0xff, 0xff, 0xff, 0xff, 0xff, 0xff, 0xff, 0xff, 0xff, 0xff, 0xff, 0xff, 0xff, 0xff, 0xff, 0xff,
    0xff, 0xff, 0xff, 0xff, 0xff, 0xff, 0xff, 0xff, 0xff, 0xff, 0xff, 0xff, 0xff, 0xff, 0xff, 0xff,
    0xff, 0xff, 0xff, 0xff, 0xff, 0xff, 0xff, 0xff, 0xff, 0xff, 0xff, 0xff, 0xff, 0xff, 0xff, 0xff,
    0xff, 0xff, 0xff, 0xff, 0xff, 0xff, 0xff, 0xff, 0xff, 0xff, 0xff, 0xff, 0xff, 0xff, 0xff, 0xff,
    0xff, 0xff, 0xff, 0xff, 0xff, 0xff, 0xff, 0xff, 0xff, 0xff, 0xff, 0xff, 0xff, 0xff, 0xff, 0xff,
    0xff, 0xff, 0xff, 0xff, 0xff, 0xff, 0xff, 0xff, 0xff, 0xff, 0xff, 0xff, 0xff, 0xff, 0xff, 0xff,
    0xff, 0xff, 0xff, 0xff, 0xff, 0xff, 0xff, 0xff, 0xff, 0xff, 0xff, 0xff, 0xff, 0xff, 0xff, 0xff,
    0xff, 0xff, 0xff, 0xff, 0xff, 0xff, 0xff, 0xff, 0xff, 0xff, 0xff, 0xff, 0xff, 0xff, 0xff, 0xff,
    0xff, 0xff, 0xff, 0xff, 0xff, 0xff, 0xff, 0xff, 0xff, 0xff, 0xff, 0xff, 0xff, 0xff, 0xff, 0xff,
    0xff, 0xff, 0xff, 0xff, 0xff, 0xff, 0xff, 0xff, 0xff, 0xff, 0xff, 0xff, 0xff, 0xff, 0xff, 0xff,
    0xff, 0xff, 0xff, 0xff, 0xff, 0xff, 0xff, 0xff, 0xff, 0xff, 0xff, 0xff, 0xff, 0xff, 0xff, 0xff,
    0xff, 0xff, 0xff, 0xff, 0xff, 0xff, 0xff, 0xff, 0xff, 0xff, 0xff, 0xff, 0xff, 0xff, 0xff, 0xff,
    0xff, 0xff, 0xff, 0xff, 0xff, 0xff, 0xff, 0xff, 0xff, 0xff, 0xff, 0xff, 0xff, 0xff, 0xff, 0xff,
    0xff, 0xff, 0xff, 0xff, 0xff, 0xff, 0xff, 0xff, 0xff, 0xff, 0xff, 0xff, 0xff, 0xff, 0xff, 0xff,
    0xff, 0xff, 0xff, 0xff, 0xff, 0xff, 0xff, 0xff, 0xff, 0xff, 0xff, 0xff, 0xff, 0xff, 0xff, 0xff,
    0xff, 0xff, 0xff, 0xff, 0xff, 0xff, 0xff, 0xff, 0xff, 0xff, 0xff, 0xff, 0xff, 0xff, 0xff, 0xff,
    0xff, 0xff, 0xff, 0xff, 0xff, 0xff, 0xff, 0xff, 0xff, 0xff, 0xff, 0xff, 0xff, 0xff, 0xff, 0xff,
    0xff, 0xff, 0xff, 0xff, 0xff, 0xff, 0xff, 0xff, 0xff, 0xff, 0xff, 0xff, 0xff, 0xff, 0xff, 0xff,
    0xff, 0xff, 0xff, 0xff, 0xff, 0xff, 0xff, 0xff, 0xff, 0xff, 0xff, 0xff, 0xff, 0xff, 0xff, 0xff,
    0xff, 0xff, 0xff, 0xff, 0xff, 0xff, 0xff, 0xff, 0xff, 0xff, 0xff, 0xff, 0xff, 0xff, 0xff, 0xff,
    0xff, 0xff, 0xff, 0xff, 0xff, 0xff, 0xff, 0xff, 0xff, 0xff, 0xff, 0xff, 0xff, 0xff, 0xff, 0xff,
    0xff, 0xff, 0xff, 0xff, 0xff, 0xff, 0xff, 0xff, 0xff, 0xff, 0xff, 0xff, 0xff, 0xff, 0xff, 0xff,
    0xff, 0xff, 0xff, 0xff, 0xff, 0xff, 0xff, 0xff, 0xff, 0xff, 0xff, 0xff, 0xff, 0xff, 0xff, 0xff,
    0xff, 0xff, 0xff, 0xff, 0xff, 0xff, 0xff, 0xff, 0xff, 0xff, 0xff, 0xff, 0xff, 0xff, 0xff, 0xff,
    0xff, 0xff, 0xff, 0xff, 0xff, 0xff, 0xff, 0xff, 0xff, 0xff, 0xff, 0xff, 0xff, 0xff, 0xff, 0xff,
    0xff, 0xff, 0xff, 0xff, 0xff, 0xff, 0xff, 0xff, 0xff, 0xff, 0xff, 0xff, 0xff, 0xff, 0xff, 0xff,
    0xff, 0xff, 0xff, 0xff, 0xff, 0xff, 0xff, 0xff, 0xff, 0xff, 0xff, 0xff, 0xff, 0xff, 0xff, 0xff,
    0xff, 0xff, 0xff, 0xff, 0xff, 0xff, 0xff, 0xff, 0xff, 0xff, 0xff, 0xff, 0xff, 0xff, 0xff, 0xff,
    0xff, 0xff, 0xff, 0xff, 0xff, 0xff, 0xff, 0xff, 0xff, 0xff, 0xff, 0xff, 0xff, 0xff, 0xff, 0xff,
    0xff, 0xff, 0xff, 0xff, 0xff, 0xff, 0xff, 0xff, 0xff, 0xff, 0xff, 0xff, 0xff, 0xff, 0xff, 0xff,
    0xff, 0xff, 0xff, 0xff, 0xff, 0xff, 0xff, 0xff, 0xff, 0xff, 0xff, 0xff, 0xff, 0xff, 0xff, 0xff,
    0xff, 0xff, 0xff, 0xff, 0xff, 0xff, 0xff, 0xff, 0xff, 0xff, 0xff, 0xff, 0xff, 0xff, 0xff, 0xff,
    0xff, 0xff, 0xff, 0xff, 0xff, 0xff, 0xff, 0xff, 0xff, 0xff, 0xff, 0xff, 0xff, 0xff, 0xff, 0xff,
    0xff, 0xff, 0xff, 0xff, 0xff, 0xff, 0xff, 0xff, 0xff, 0xff, 0xff, 0xff, 0xff, 0xff, 0xff, 0xff,
    0xff, 0xff, 0xff, 0xff, 0xff, 0xff, 0xff, 0xff, 0xff, 0xff, 0xff, 0xff, 0xff, 0xff, 0xff, 0xff,
    0xff, 0xff, 0xff, 0xff, 0xff, 0xff, 0xff, 0xff, 0xff, 0xff, 0xff, 0xff, 0xff, 0xff, 0xff, 0xff,
    0xff, 0xff, 0xff, 0xff, 0xff, 0xff, 0xff, 0xff, 0xff, 0xff, 0xff, 0xff, 0xff, 0xff, 0xff, 0xff,
    0xff, 0xff, 0xff, 0xff, 0xff, 0xff, 0xff, 0xff, 0xff, 0xff, 0xff, 0xff, 0xff, 0xff, 0xff, 0xff,
    0xff, 0xff, 0xff, 0xff, 0xff, 0xff, 0xff, 0xff, 0xff, 0xff, 0xff, 0xff, 0xff, 0xff, 0xff, 0xff,
    0xff, 0xff, 0xff, 0xff, 0xff, 0xff, 0xff, 0xff, 0xff, 0xff, 0xff, 0xff, 0xff, 0xff, 0xff, 0xff,
    0xff, 0xff, 0xff, 0xff, 0xff, 0xff, 0xff, 0xff, 0xff, 0xff, 0xff, 0xff, 0xff, 0xff, 0xff, 0xff,
    0xff, 0xff, 0xff, 0xff, 0xff, 0xff, 0xff, 0xff, 0xff, 0xff, 0xff, 0xff, 0xff, 0xff, 0xff, 0xff,
    0xff, 0xff, 0xff, 0xff, 0xff, 0xff, 0xff, 0xff, 0xff, 0xff, 0xff, 0xff, 0xff, 0xff, 0xff, 0xff,
    0xff, 0xff, 0xff, 0xff, 0xff, 0xff, 0xff, 0xff, 0xff, 0xff, 0xff, 0xff, 0xff, 0xff, 0xff, 0xff,
    0xff, 0xff, 0xff, 0xff, 0xff, 0xff, 0xff, 0xff, 0xff, 0xff, 0xff, 0xff, 0xff, 0xff, 0xff, 0xff,
    0xff, 0xff, 0xff, 0xff, 0xff, 0xff, 0xff, 0xff, 0xff, 0xff, 0xff, 0xff, 0xff, 0xff, 0xff, 0xff,
    0xff, 0xff, 0xff, 0xff, 0xff, 0xff, 0xff, 0xff, 0xff, 0xff, 0xff, 0xff, 0xff, 0xff, 0xff, 0xff,
    0xff, 0xff, 0xff, 0xff, 0xff, 0xff, 0xff, 0xff, 0xff, 0xff, 0xff, 0xff, 0xff, 0xff, 0xff, 0xff,
    0xff, 0xff, 0xff, 0xff, 0xff, 0xff, 0xff, 0xff, 0xff, 0xff, 0xff, 0xff, 0xff, 0xff, 0xff, 0xff,
    0xff, 0xff, 0xff, 0xff, 0xff, 0xff, 0xff, 0xff, 0xff, 0xff, 0xff, 0xff, 0xff, 0xff, 0xff, 0xff,
    0xff, 0xff, 0xff, 0xff, 0xff, 0xff, 0xff, 0xff, 0xff, 0xff, 0xff, 0xff, 0xff, 0xff, 0xff, 0xff,
    0xff, 0xff, 0xff, 0xff, 0xff, 0xff, 0xff, 0xff, 0xff, 0xff, 0xff, 0xff, 0xff, 0xff, 0xff, 0xff,
    0xff, 0xff, 0xff, 0xff, 0xff, 0xff, 0xff, 0xff, 0xff, 0xff, 0xff, 0xff, 0xff, 0xff, 0xff, 0xff,
    0xff, 0xff, 0xff, 0xff, 0xff, 0xff, 0xff, 0xff, 0xff, 0xff, 0xff, 0xff, 0xff, 0xff, 0xff, 0xff,
    0xff, 0xff, 0xff, 0xff, 0xff, 0xff, 0xff, 0xff, 0xff, 0xff, 0xff, 0xff, 0xff, 0xff, 0xff, 0xff,
    0xff, 0xff, 0xff, 0xff, 0xff, 0xff, 0xff, 0xff, 0xff, 0xff, 0xff, 0xff, 0xff, 0xff, 0xff, 0xff,
    0xff, 0xff, 0xff, 0xff, 0xff, 0xff, 0xff, 0xff, 0xff, 0xff, 0xff, 0xff, 0xff, 0xff, 0xff, 0xff,
    0xff, 0xff, 0xff, 0xff, 0xff, 0xff, 0xff, 0xff, 0xff, 0xff, 0xff, 0xff, 0xff, 0xff, 0xff, 0xff,
    0xff, 0xff, 0xff, 0xff, 0xff, 0xff, 0xff, 0xff, 0xff, 0xff, 0xff, 0xff, 0xff, 0xff, 0xff, 0xff,
    0xff, 0xff, 0xff, 0xff, 0xff, 0xff, 0xff, 0xff, 0xff, 0xff, 0xff, 0xff, 0xff, 0xff, 0xff, 0xff,
    0xff, 0xff, 0xff, 0xff, 0xff, 0xff, 0xff, 0xff, 0xff, 0xff, 0xff, 0xff, 0xff, 0xff, 0xff, 0xff,
    0xff, 0xff, 0xff, 0xff, 0xff, 0xff, 0xff, 0xff, 0xff, 0xff, 0xff, 0xff, 0xff, 0xff, 0xff, 0xff,
    0xff, 0xff, 0xff, 0xff, 0xff, 0xff, 0xff, 0xff, 0xff, 0xff, 0xff, 0xff, 0xff, 0xff, 0xff, 0xff,
    0xff, 0xff, 0xff, 0xff, 0xff, 0xff, 0xff, 0xff, 0xff, 0xff, 0xff, 0xff, 0xff, 0xff, 0xff, 0xff,
    0xff, 0xff, 0xff, 0xff, 0xff, 0xff, 0xff, 0xff, 0xff, 0xff, 0xff, 0xff, 0xff, 0xff, 0xff, 0xff,
    0xff, 0xff, 0xff, 0xff, 0xff, 0xff, 0xff, 0xff, 0xff, 0xff, 0xff, 0xff, 0xff, 0xff, 0xff, 0xff,
    0xff, 0xff, 0xff, 0xff, 0xff, 0xff, 0xff, 0xff, 0xff, 0xff, 0xff, 0xff, 0xff, 0xff, 0xff, 0xff,
    0xff, 0xff, 0xff, 0xff, 0xff, 0xff, 0xff, 0xff, 0xff, 0xff, 0xff, 0xff, 0xff, 0xff, 0xff, 0xff,
    0xff, 0xff, 0xff, 0xff, 0xff, 0xff, 0xff, 0xff, 0xff, 0xff, 0xff, 0xff, 0xff, 0xff, 0xff, 0xff,
    0xff, 0xff, 0xff, 0xff, 0xff, 0xff, 0xff, 0xff, 0xff, 0xff, 0xff, 0xff, 0xff, 0xff, 0xff, 0xff,
    0xff, 0xff, 0xff, 0xff, 0xff, 0xff, 0xff, 0xff, 0xff, 0xff, 0xff, 0xff, 0xff, 0xff, 0xff, 0xff,
    0xff, 0xff, 0xff, 0xff, 0xff, 0xff, 0xff, 0xff, 0xff, 0xff, 0xff, 0xff, 0xff, 0xff, 0xff, 0xff,
    0xff, 0xff, 0xff, 0xff, 0xff, 0xff, 0xff, 0xff, 0xff, 0xff, 0xff, 0xff, 0xff, 0xff, 0xff, 0xff,
    0xff, 0xff, 0xff, 0xff, 0xff, 0xff, 0xff, 0xff, 0xff, 0xff, 0xff, 0xff, 0xff, 0xff, 0xff, 0xff,
    0xff, 0xff, 0xff, 0xff, 0xff, 0xff, 0xff, 0xff, 0xff, 0xff, 0xff, 0xff, 0xff, 0xff, 0xff, 0xff,
    0xff, 0xff, 0xff, 0xff, 0xff, 0xff, 0xff, 0xff, 0xff, 0xff, 0xff, 0xff, 0xff, 0xff, 0xff, 0xff,
    0xff, 0xff, 0xff, 0xff, 0xff, 0xff, 0xff, 0xff, 0xff, 0xff, 0xff, 0xff, 0xff, 0xff, 0xff, 0xff,
    0xff, 0xff, 0xff, 0xff, 0xff, 0xff, 0xff, 0xff, 0xff, 0xff, 0xff, 0xff, 0xff, 0xff, 0xff, 0xff,
    0xff, 0xff, 0xff, 0xff, 0xff, 0xff, 0xff, 0xff, 0xff, 0xff, 0xff, 0xff, 0xff, 0xff, 0xff, 0xff,
    0xff, 0xff, 0xff, 0xff, 0xff, 0xff, 0xff, 0xff, 0xff, 0xff, 0xff, 0xff, 0xff, 0xff, 0xff, 0xff,
    0xff, 0xff, 0xff, 0xff, 0xff, 0xff, 0xff, 0xff, 0xff, 0xff, 0xff, 0xff, 0xff, 0xff, 0xff, 0xff,
    0xff, 0xff, 0xff, 0xff, 0xff, 0xff, 0xff, 0xff, 0xff, 0xff, 0xff, 0xff, 0xff, 0xff, 0xff, 0xff,
    0xff, 0xff, 0xff, 0xff, 0xff, 0xff, 0xff, 0xff, 0xff, 0xff, 0xff, 0xff, 0xff, 0xff, 0xff, 0xff,
    0xff, 0xff, 0xff, 0xff, 0xff, 0xff, 0xff, 0xff, 0xff, 0xff, 0xff, 0xff, 0xff, 0xff, 0xff, 0xff,
    0xff, 0xff, 0xff, 0xff, 0xff, 0xff, 0xff, 0xff, 0xff, 0xff, 0xff, 0xff, 0xff, 0xff, 0xff, 0xff,
    0xff, 0xff, 0xff, 0xff, 0xff, 0xff, 0xff, 0xff, 0xff, 0xff, 0xff, 0xff, 0xff, 0xff, 0xff, 0xff,
    0xff, 0xff, 0xff, 0xff, 0xff, 0xff, 0xff, 0xff, 0xff, 0xff, 0xff, 0xff, 0xff, 0xff, 0xff, 0xff,
    0xff, 0xff, 0xff, 0xff, 0xff, 0xff, 0xff, 0xff, 0xff, 0xff, 0xff, 0xff, 0xff, 0xff, 0xff, 0xff,
    0xff, 0xff, 0xff, 0xff, 0xff, 0xff, 0xff, 0xff, 0xff, 0xff, 0xff, 0xff, 0xff, 0xff, 0xff, 0xff,
    0xff, 0xff, 0xff, 0xff, 0xff, 0xff, 0xff, 0xff, 0xff, 0xff, 0xff, 0xff, 0xff, 0xff, 0xff, 0xff,
    0xff, 0xff, 0xff, 0xff, 0xff, 0xff, 0xff, 0xff, 0xff, 0xff, 0xff, 0xff, 0xff, 0xff, 0xff, 0xff,
    0xff, 0xff, 0xff, 0xff, 0xff, 0xff, 0xff, 0xff, 0xff, 0xff, 0xff, 0xff, 0xff, 0xff, 0xff, 0xff,
    0xff, 0xff, 0xff, 0xff, 0xff, 0xff, 0xff, 0xff, 0xff, 0xff, 0xff, 0xff, 0xff, 0xff, 0xff, 0xff,
    0xff, 0xff, 0xff, 0xff, 0xff, 0xff, 0xff, 0xff, 0xff, 0xff, 0xff, 0xff, 0xff, 0xff, 0xff, 0xff,
    0xff, 0xff, 0xff, 0xff, 0xff, 0xff, 0xff, 0xff, 0xff, 0xff, 0xff, 0xff, 0xff, 0xff, 0xff, 0xff,
    0xff, 0xff, 0xff, 0xff, 0xff, 0xff, 0xff, 0xff, 0xff, 0xff, 0xff, 0xff, 0xff, 0xff, 0xff, 0xff,
    0xff, 0xff, 0xff, 0xff, 0xff, 0xff, 0xff, 0xff, 0xff, 0xff, 0xff, 0xff, 0xff, 0xff, 0xff, 0xff,
    0xff, 0xff, 0xff, 0xff, 0xff, 0xff, 0xff, 0xff, 0xff, 0xff, 0xff, 0xff, 0xff, 0xff, 0xff, 0xff,
    0xff, 0xff, 0xff, 0xff, 0xff, 0xff, 0xff, 0xff, 0xff, 0xff, 0xff, 0xff, 0xff, 0xff, 0xff, 0xff,
    0xff, 0xff, 0xff, 0xff, 0xff, 0xff, 0xff, 0xff, 0xff, 0xff, 0xff, 0xff, 0xff, 0xff, 0xff, 0xff,
    0xff, 0xff, 0xff, 0xff, 0xff, 0xff, 0xff, 0xff, 0xff, 0xff, 0xff, 0xff, 0xff, 0xff, 0xff, 0xff,
    0xff, 0xff, 0xff, 0xff, 0xff, 0xff, 0xff, 0xff, 0xff, 0xff, 0xff, 0xff, 0xff, 0xff, 0xff, 0xff,
    0xff, 0xff, 0xff, 0xff, 0xff, 0xff, 0xff, 0xff, 0xff, 0xff, 0xff, 0xff, 0xff, 0xff, 0xff, 0xff,
    0xff, 0xff, 0xff, 0xff, 0xff, 0xff, 0xff, 0xff, 0xff, 0xff, 0xff, 0xff, 0xff, 0xff, 0xff, 0xff,
    0xff, 0xff, 0xff, 0xff, 0xff, 0xff, 0xff, 0xff, 0xff, 0xff, 0xff, 0xff, 0xff, 0xff, 0xff, 0xff,
    0xff, 0xff, 0xff, 0xff, 0xff, 0xff, 0xff, 0xff, 0xff, 0xff, 0xff, 0xff, 0xff, 0xff, 0xff, 0xff,
    0xff, 0xff, 0xff, 0xff, 0xff, 0xff, 0xff, 0xff, 0xff, 0xff, 0xff, 0xff, 0xff, 0xff, 0xff, 0xff,
    0xff, 0xff, 0xff, 0xff, 0xff, 0xff, 0xff, 0xff, 0xff, 0xff, 0xff, 0xff, 0xff, 0xff, 0xff, 0xff,
    0xff, 0xff, 0xff, 0xff, 0xff, 0xff, 0xff, 0xff, 0xff, 0xff, 0xff, 0xff, 0xff, 0xff, 0xff, 0xff,
    0xff, 0xff, 0xff, 0xff, 0xff, 0xff, 0xff, 0xff, 0xff, 0xff, 0xff, 0xff, 0xff, 0xff, 0xff, 0xff,
    0xff, 0xff, 0xff, 0xff, 0xff, 0xff, 0xff, 0xff, 0xff, 0xff, 0xff, 0xff, 0xff, 0xff, 0xff, 0xff,
    0xff, 0xff, 0xff, 0xff, 0xff, 0xff, 0xff, 0xff, 0xff, 0xff, 0xff, 0xff, 0xff, 0xff, 0xff, 0xff,
    0xff, 0xff, 0xff, 0xff, 0xff, 0xff, 0xff, 0xff, 0xff, 0xff, 0xff, 0xff, 0xff, 0xff, 0xff, 0xff,
    0xff, 0xff, 0xff, 0xff, 0xff, 0xff, 0xff, 0xff, 0xff, 0xff, 0xff, 0xff, 0xff, 0xff, 0xff, 0xff,
    0xff, 0xff, 0xff, 0xff, 0xff, 0xff, 0xff, 0xff, 0xff, 0xff, 0xff, 0xff, 0xff, 0xff, 0xff, 0xff,
    0xff, 0xff, 0xff, 0xff, 0xff, 0xff, 0xff, 0xff, 0xff, 0xff, 0xff, 0xff, 0xff, 0xff, 0xff, 0xff,
    0xff, 0xff, 0xff, 0xff, 0xff, 0xff, 0xff, 0xff, 0xff, 0xff, 0xff, 0xff, 0xff, 0xff, 0xff, 0xff,
    0xff, 0xff, 0xff, 0xff, 0xff, 0xff, 0xff, 0xff, 0xff, 0xff, 0xff, 0xff, 0xff, 0xff, 0xff, 0xff,
    0xff, 0xff, 0xff, 0xff, 0xff, 0xff, 0xff, 0xff, 0xff, 0xff, 0xff, 0xff, 0xff, 0xff, 0xff, 0xff,
    0xff, 0xff, 0xff, 0xff, 0xff, 0xff, 0xff, 0xff, 0xff, 0xff, 0xff, 0xff, 0xff, 0xff, 0xff, 0xff,
};

const lv_image_dsc_t icon_weather_rain = {
    .header.magic = LV_IMAGE_HEADER_MAGIC,
    .header.cf    = LV_COLOR_FORMAT_RGB565A8,
    .header.w     = 93,
    .header.h     = 80,
    .header.stride = 186,
    .data_size    = 22320,
    .data         = icon_weather_rain_map,
};
